linea_compra_id,compra_id,producto_id,cantidad,coste_unitario
1,1,74,64,34.36
2,1,83,67,27.27
3,1,35,176,16.68
4,1,3,184,0.85
5,2,2,67,10.47
6,2,40,192,38.7
7,2,83,80,17.24
8,2,49,99,18.63
9,2,28,129,12.43
10,2,67,169,16.19
11,2,14,11,20.7
12,3,88,37,19.53
13,3,44,80,25.8
14,3,36,76,26.42
15,3,84,86,7.94
16,3,67,71,36.04
17,4,18,194,1.51
18,4,64,85,10.75
19,4,54,113,15.84
20,4,5,159,28.47
21,4,74,58,14.06
22,4,29,185,21.62
23,4,61,181,14.66
24,4,39,53,33.71
25,5,61,42,29.77
26,5,72,56,37.9
27,5,43,177,4.03
28,6,43,105,10.79
29,6,38,128,34.12
30,6,61,23,34.72
31,6,75,158,37.8
32,6,10,130,35.63
33,6,65,40,34.77
34,7,7,48,5.93
35,7,26,97,16.66
36,7,73,127,6.16
37,7,24,30,19.76
38,7,81,55,12.88
39,7,8,11,18.36
40,8,21,135,31.52
41,8,12,43,24.77
42,8,82,119,16.43
43,8,62,108,0.68
44,8,69,61,29.36
45,8,2,92,30.4
46,8,68,58,1.21
47,9,89,98,12.83
48,9,14,108,20.38
49,9,40,52,3.08
50,9,6,86,37.96
51,10,68,96,17.63
52,10,88,44,14.04
53,10,63,101,30.13
54,10,22,113,1.26
55,10,29,196,39.4
56,10,28,197,1.37
57,10,65,53,5.36
58,11,80,22,23.96
59,11,7,179,4.77
60,11,3,22,27.75
61,11,54,123,15.52
62,11,71,74,19.24
63,11,20,62,27.96
64,11,81,12,12.39
65,12,80,165,28.18
66,12,54,36,20.71
67,12,80,40,11.67
68,12,14,137,8.35
69,12,26,77,33.34
70,13,21,20,22.15
71,13,27,186,37.36
72,13,43,70,0.61
73,13,86,32,36.32
74,13,74,181,20.02
75,14,13,75,25.95
76,14,59,85,10.93
77,14,7,35,32.62
78,15,87,90,17.33
79,15,15,34,34.12
80,15,6,12,34.15
81,15,85,175,7.24
82,15,46,122,38.23
83,16,44,56,5.0
84,16,52,126,11.24
85,16,50,186,34.1
86,16,54,176,35.5
87,16,22,38,5.73
88,17,54,161,19.57
89,17,73,183,17.81
90,17,79,107,31.28
91,18,63,38,35.56
92,18,57,21,3.0
93,18,84,90,0.99
94,18,87,144,30.82
95,18,74,195,22.82
96,18,86,96,21.0
97,19,32,133,14.16
98,19,87,174,15.7
99,19,72,166,2.66
100,19,83,50,20.47
101,19,61,136,34.84
102,19,10,135,13.17
103,19,43,81,2.49
104,19,29,150,25.91
105,20,59,123,32.15
106,20,58,32,34.34
107,20,58,90,5.19
108,21,52,115,1.92
109,21,71,10,33.12
110,21,78,168,25.68
111,22,86,126,38.04
112,22,47,23,32.76
113,22,59,94,22.63
114,22,80,163,19.19
115,22,85,103,28.78
116,22,15,34,30.49
117,22,29,10,13.98
118,22,82,84,22.13
119,23,22,136,6.05
120,23,53,37,10.54
121,23,26,58,5.27
122,24,44,37,30.41
123,24,6,172,33.58
124,24,76,41,31.0
125,24,58,127,26.51
126,25,68,198,2.42
127,25,56,159,19.58
128,25,66,55,27.83
129,26,50,178,24.22
130,26,42,139,35.31
131,26,54,165,36.68
132,27,38,125,32.29
133,27,18,115,24.3
134,27,66,86,33.8
135,27,71,90,28.62
136,27,71,171,9.09
137,28,45,182,5.74
138,28,84,55,20.4
139,28,89,173,13.23
140,28,15,100,22.71
141,28,75,156,37.74
142,28,54,182,30.04
143,28,69,83,35.16
144,28,55,13,21.15
145,29,86,24,8.4
146,29,21,83,27.49
147,29,19,25,27.78
148,30,58,36,24.84
149,30,87,199,22.69
150,30,29,200,26.06
151,30,50,70,20.68
152,30,90,83,27.87
153,31,54,185,12.85
154,31,71,23,1.01
155,31,33,61,25.01
156,31,57,67,36.5
157,31,83,104,30.33
158,31,70,199,24.33
159,32,88,29,7.89
160,32,23,198,20.8
161,32,49,20,17.43
162,32,72,77,5.64
163,33,43,129,28.53
164,33,20,20,6.57
165,33,42,162,2.51
166,34,74,150,14.64
167,34,41,144,9.19
168,34,24,143,3.19
169,34,65,50,16.93
170,34,69,113,4.13
171,34,29,64,26.7
172,35,80,145,19.26
173,35,72,176,0.85
174,35,86,98,18.1
175,35,83,167,36.78
176,36,15,108,10.64
177,36,37,16,36.5
178,36,48,141,32.21
179,36,58,134,2.23
180,36,84,59,13.15
181,36,11,34,7.11
182,37,9,63,26.98
183,37,28,185,17.26
184,37,14,62,21.74
185,37,90,199,31.12
186,37,83,28,30.0
187,37,20,16,18.64
188,37,43,19,3.96
189,37,7,55,31.87
190,38,53,109,18.32
191,38,52,120,13.0
192,38,50,182,5.17
193,38,1,174,28.95
194,38,9,200,23.63
195,39,38,185,12.4
196,39,12,82,30.73
197,39,57,107,16.11
198,40,29,44,30.0
199,40,70,85,38.43
200,40,19,86,27.25
201,40,83,105,38.32
202,40,2,151,35.05
203,40,19,41,2.15
204,40,74,162,16.07
205,41,45,64,16.8
206,41,83,141,6.13
207,41,24,66,24.87
208,41,33,59,5.03
209,42,60,175,22.21
210,42,38,181,3.16
211,42,13,60,29.16
212,42,63,94,14.61
213,42,86,177,9.76
214,42,37,168,3.26
215,42,25,91,19.69
216,43,75,49,22.84
217,43,47,90,38.37
218,43,22,11,12.87
219,43,29,192,29.72
220,43,56,80,33.68
221,43,18,183,29.45
222,43,62,128,18.09
223,43,40,134,22.29
224,44,18,147,8.26
225,44,81,29,29.23
226,44,3,139,25.45
227,44,75,158,16.5
228,44,76,64,36.3
229,45,20,103,16.0
230,45,76,197,34.36
231,45,18,128,20.29
232,45,12,111,14.87
233,45,2,179,9.94
234,45,79,185,7.05
235,45,66,45,18.13
236,45,23,154,37.97
237,46,6,66,30.58
238,46,30,26,10.94
239,46,30,20,26.91
240,46,67,102,15.83
241,46,59,21,2.08
242,47,36,199,10.9
243,47,70,155,7.37
244,47,84,106,14.93
245,47,84,29,20.91
246,47,49,67,20.9
247,47,46,98,19.73
248,47,62,164,0.76
249,47,18,122,7.04
250,48,20,57,6.72
251,48,78,193,32.77
252,48,85,68,16.88
253,48,43,194,4.98
254,49,21,175,33.42
255,49,3,72,2.2
256,49,74,161,6.86
257,49,81,141,2.05
258,49,74,47,2.71
259,49,34,56,20.91
260,49,52,163,38.79
261,50,28,124,24.46
262,50,61,133,7.24
263,50,53,163,6.14
264,51,85,140,10.95
265,51,88,97,36.93
266,51,77,161,3.22
267,51,49,108,5.72
268,51,3,61,21.15
269,51,65,185,17.08
270,51,20,165,4.3
271,52,65,40,4.18
272,52,85,43,36.13
273,52,70,10,35.93
274,52,87,176,17.54
275,52,54,104,35.06
276,52,90,145,17.44
277,52,62,107,14.35
278,53,33,132,30.75
279,53,11,82,24.13
280,53,70,114,10.68
281,53,1,191,29.87
282,54,67,11,15.31
283,54,27,186,32.27
284,54,53,102,4.71
285,55,69,118,22.8
286,55,79,80,39.68
287,55,51,62,16.82
288,55,72,133,7.56
289,55,72,152,19.61
290,56,51,198,5.95
291,56,85,40,30.04
292,56,58,189,38.0
293,56,13,64,20.58
294,56,44,150,24.75
295,56,88,190,2.56
296,56,50,172,0.71
297,56,12,47,19.13
298,57,34,66,15.15
299,57,78,19,29.12
300,57,52,167,26.42
301,58,82,136,17.84
302,58,26,178,37.26
303,58,67,83,8.19
304,58,77,140,20.87
305,59,5,102,9.95
306,59,1,50,3.93
307,59,36,112,14.45
308,59,51,113,23.65
309,59,67,13,29.61
310,59,9,33,22.21
311,59,72,159,14.25
312,59,36,67,24.45
313,60,1,76,7.41
314,60,65,37,22.57
315,60,65,85,13.93
316,60,15,141,38.29
317,60,69,157,10.38
318,60,57,106,22.75
319,60,32,96,38.47
320,61,4,133,5.09
321,61,9,107,25.53
322,61,29,183,28.2
323,61,41,115,38.24
324,61,67,147,0.88
325,61,34,73,11.85
326,61,52,182,30.08
327,62,41,100,9.13
328,62,74,78,7.72
329,62,88,58,20.21
330,62,26,70,29.55
331,62,34,62,9.55
332,62,32,168,14.56
333,63,85,136,24.75
334,63,70,20,34.0
335,63,48,168,12.96
336,63,74,80,19.89
337,63,66,81,16.22
338,63,74,42,2.64
339,63,55,132,37.62
340,63,5,138,14.22
341,64,67,127,12.97
342,64,2,13,27.13
343,64,49,158,4.48
344,64,47,166,34.54
345,64,24,150,10.88
346,64,35,130,38.36
347,64,44,103,7.76
348,64,55,63,17.05
349,65,58,56,23.07
350,65,74,185,9.53
351,65,13,194,11.16
352,65,31,152,17.57
353,65,49,60,6.26
354,66,54,137,5.81
355,66,81,142,21.59
356,66,41,134,12.35
357,66,72,155,2.38
358,67,28,75,19.32
359,67,81,34,18.27
360,67,43,76,14.76
361,68,3,115,5.29
362,68,87,165,8.36
363,68,74,176,26.14
364,68,23,82,14.53
365,68,87,140,19.76
366,69,79,83,18.82
367,69,19,52,25.8
368,69,44,117,25.44
369,69,74,113,34.03
370,69,10,30,6.9
371,69,30,90,13.02
372,70,83,111,11.21
373,70,57,102,30.04
374,70,67,125,16.85
375,70,24,15,5.44
376,70,31,179,10.44
377,70,90,30,8.82
378,70,51,36,4.27
379,71,51,144,30.72
380,71,11,36,10.87
381,71,20,31,26.37
382,72,37,123,25.25
383,72,17,144,33.62
384,72,4,18,26.71
385,72,42,131,18.95
386,73,57,44,38.8
387,73,90,148,7.49
388,73,77,126,25.43
389,73,82,154,17.68
390,73,82,173,21.58
391,73,45,133,21.82
392,73,12,123,12.66
393,74,2,10,21.17
394,74,18,98,11.83
395,74,69,12,27.67
396,74,63,132,12.33
397,74,56,84,24.08
398,75,53,153,17.77
399,75,32,51,28.74
400,75,83,109,33.22
401,75,29,77,3.63
402,76,84,200,21.51
403,76,35,115,7.93
404,76,9,56,5.9
405,76,15,173,18.49
406,76,58,79,28.17
407,77,20,22,38.8
408,77,3,57,38.91
409,77,37,78,5.44
410,78,12,48,1.08
411,78,28,97,17.1
412,78,64,105,18.82
413,78,5,94,3.67
414,79,10,149,19.07
415,79,25,74,32.78
416,79,2,41,39.0
417,79,32,108,30.96
418,79,57,73,29.64
419,79,5,60,18.7
420,80,50,184,38.47
421,80,42,50,25.35
422,80,6,200,37.53
423,80,67,41,10.51
424,80,82,86,8.35
425,80,7,180,9.1
426,81,2,52,31.88
427,81,75,40,16.13
428,81,32,12,38.77
429,81,75,186,19.27
430,81,77,49,15.17
431,82,12,185,24.94
432,82,81,25,2.86
433,82,83,49,28.2
434,82,14,42,19.77
435,82,41,152,31.65
436,82,45,122,29.46
437,83,18,74,36.0
438,83,63,190,17.78
439,83,38,148,28.03
440,83,25,155,7.87
441,83,45,92,29.43
442,84,68,49,18.25
443,84,34,148,15.0
444,84,1,173,20.49
445,85,47,168,9.93
446,85,9,178,38.7
447,85,50,58,21.2
448,85,64,151,6.59
449,85,37,92,16.69
450,85,42,38,4.3
451,85,85,27,2.23
452,86,14,134,8.07
453,86,5,156,25.85
454,86,50,178,19.85
455,86,80,189,23.82
456,87,10,13,37.24
457,87,27,177,19.91
458,87,11,129,32.14
459,87,8,102,22.54
460,87,54,104,31.87
461,87,8,167,11.0
462,87,6,197,3.28
463,88,13,35,29.14
464,88,69,108,7.98
465,88,68,178,10.33
466,88,81,55,22.56
467,88,72,116,29.97
468,88,82,157,14.64
469,88,59,189,26.78
470,89,52,139,13.83
471,89,21,146,39.94
472,89,57,100,36.15
473,89,71,93,33.87
474,89,53,172,17.51
475,89,42,165,10.01
476,89,70,64,15.31
477,90,58,124,38.41
478,90,1,195,1.87
479,90,37,162,1.14
480,90,18,87,0.76
481,90,29,64,34.3
482,91,66,152,23.04
483,91,74,49,4.22
484,91,59,101,6.67
485,91,34,103,35.64
486,91,32,69,10.62
487,91,39,33,23.03
488,91,73,65,29.5
489,92,63,186,28.26
490,92,13,162,25.87
491,92,5,197,32.43
492,92,49,30,31.31
493,93,16,68,30.03
494,93,78,12,25.54
495,93,81,107,2.64
496,93,68,20,13.11
497,93,73,48,13.41
498,93,90,66,6.55
499,94,29,120,11.95
500,94,51,47,5.72
501,94,11,131,23.07
502,95,11,112,20.32
503,95,90,43,30.6
504,95,62,153,8.33
505,95,51,176,23.07
506,95,72,167,39.88
507,96,35,120,13.27
508,96,74,32,4.94
509,96,53,118,14.93
510,97,84,16,30.9
511,97,22,99,24.84
512,97,57,169,6.26
513,97,6,69,8.39
514,97,48,49,30.43
515,97,11,38,29.71
516,97,32,168,37.11
517,98,15,88,18.28
518,98,3,94,8.76
519,98,69,64,8.55
520,98,67,76,22.18
521,98,80,196,39.7
522,98,89,188,26.9
523,98,49,159,36.29
524,98,68,21,10.59
525,99,80,79,2.6
526,99,84,12,3.13
527,99,85,79,26.69
528,99,85,102,34.64
529,99,3,84,34.76
530,99,84,108,9.63
531,99,49,140,39.08
532,99,13,90,19.64
533,100,26,138,38.69
534,100,72,192,1.35
535,100,32,145,12.54
536,100,63,110,29.9
537,101,81,87,9.83
538,101,65,80,32.57
539,101,81,75,35.21
540,101,4,152,37.99
541,101,29,48,14.0
542,102,49,143,38.44
543,102,79,170,27.62
544,102,54,71,23.13
545,103,70,43,8.67
546,103,18,158,21.88
547,103,26,45,12.71
548,103,68,44,17.49
549,103,19,177,37.35
550,103,21,91,3.18
551,104,41,47,29.22
552,104,41,115,38.47
553,104,39,123,29.95
554,104,82,199,11.31
555,105,4,166,24.87
556,105,78,155,24.69
557,105,77,69,9.62
558,105,4,101,3.64
559,106,61,192,26.16
560,106,24,109,19.91
561,106,18,51,8.13
562,106,5,114,30.7
563,106,2,79,38.03
564,106,29,200,27.02
565,106,26,62,3.11
566,107,42,127,35.56
567,107,55,113,31.16
568,107,78,198,33.06
569,107,41,110,24.65
570,107,74,162,21.68
571,107,83,190,31.58
572,107,67,37,18.34
573,107,6,72,20.99
574,108,50,142,30.72
575,108,7,58,12.0
576,108,51,87,31.06
577,108,37,128,7.08
578,108,38,166,36.8
579,108,89,142,36.2
580,108,60,175,18.34
581,109,90,149,5.84
582,109,53,92,18.31
583,109,23,126,23.82
584,109,26,126,4.06
585,109,42,187,26.12
586,109,21,193,29.46
587,109,12,39,28.4
588,110,50,196,31.75
589,110,66,166,38.02
590,110,49,150,15.53
591,110,22,95,22.84
592,110,85,48,6.9
593,110,19,55,30.88
594,110,7,117,12.67
595,110,58,83,25.24
596,111,1,169,30.73
597,111,2,127,20.16
598,111,64,149,32.39
599,111,78,136,9.9
600,112,53,123,3.64
601,112,77,11,10.17
602,112,71,81,24.98
603,112,72,63,2.43
604,112,19,24,26.3
605,112,5,47,34.23
606,113,12,22,4.8
607,113,23,51,27.05
608,113,79,179,27.81
609,113,77,156,31.6
610,113,23,126,30.1
611,114,39,92,15.06
612,114,49,27,30.46
613,114,71,26,12.07
614,115,68,115,21.22
615,115,90,63,24.68
616,115,14,156,29.32
617,115,81,145,39.49
618,115,62,195,27.7
619,116,68,157,39.8
620,116,46,43,24.76
621,116,64,143,29.3
622,116,64,136,32.42
623,116,79,69,28.49
624,117,60,170,31.97
625,117,27,167,39.96
626,117,53,21,13.68
627,118,82,61,27.76
628,118,33,27,12.66
629,118,65,150,13.29
630,119,51,195,22.97
631,119,4,54,8.16
632,119,44,182,19.42
633,119,61,19,26.0
634,119,62,49,25.27
635,120,53,200,2.71
636,120,67,86,22.82
637,120,87,90,22.43
638,120,3,63,23.31
639,120,43,100,3.12
640,120,20,81,33.71
641,121,74,165,15.89
642,121,77,39,34.65
643,121,40,190,34.38
644,121,5,79,16.85
645,122,58,87,9.04
646,122,39,54,4.93
647,122,5,61,36.58
648,122,57,139,1.48
649,122,62,138,6.59
650,123,68,89,31.13
651,123,19,35,32.97
652,123,67,183,39.71
653,123,27,195,1.94
654,123,50,192,34.66
655,123,15,11,12.78
656,123,6,185,34.0
657,123,12,95,18.94
658,124,40,15,23.31
659,124,40,173,35.74
660,124,42,61,8.11
661,124,36,146,13.11
662,124,57,181,5.15
663,124,20,50,11.31
664,124,2,169,22.61
665,124,14,62,21.93
666,125,37,156,10.17
667,125,10,89,24.72
668,125,44,148,18.02
669,125,17,17,19.09
670,126,12,119,15.98
671,126,77,161,25.36
672,126,89,189,18.11
673,127,86,146,3.6
674,127,60,155,5.71
675,127,90,129,4.34
676,127,40,185,25.95
677,128,19,167,10.69
678,128,47,110,7.74
679,128,86,94,31.66
680,128,42,126,19.76
681,129,62,128,33.91
682,129,37,99,24.38
683,129,17,140,4.57
684,129,14,93,22.47
685,129,10,87,21.54
686,130,80,72,22.14
687,130,62,108,3.11
688,130,27,187,23.84
689,130,56,155,31.6
690,131,85,181,3.58
691,131,74,134,5.02
692,131,77,128,13.35
693,131,13,123,7.46
694,132,77,107,13.43
695,132,83,179,2.93
696,132,28,45,35.55
697,132,82,10,30.4
698,132,85,48,18.39
699,132,38,109,24.82
700,132,58,60,8.62
701,132,41,86,23.03
702,133,45,32,23.52
703,133,79,140,16.47
704,133,17,85,2.97
705,133,71,23,0.53
706,133,72,101,4.83
707,133,37,17,9.79
708,133,90,161,16.07
709,133,41,192,15.62
710,134,23,131,5.99
711,134,72,108,33.81
712,134,47,116,6.59
713,134,86,42,5.8
714,134,10,175,1.12
715,134,63,178,17.75
716,134,18,31,5.92
717,134,54,126,35.8
718,135,24,126,20.62
719,135,71,125,15.7
720,135,29,57,17.28
721,135,1,157,20.18
722,135,31,192,20.32
723,135,53,149,23.27
724,135,5,19,22.94
725,136,11,46,29.34
726,136,68,81,18.86
727,136,11,143,35.65
728,136,12,72,19.16
729,136,85,181,3.58
730,136,82,148,32.02
731,136,40,166,2.58
732,136,44,146,31.25
733,137,74,197,13.59
734,137,46,85,11.92
735,137,5,187,36.95
736,137,39,196,31.51
737,137,34,25,25.36
738,137,75,53,23.13
739,138,63,31,5.51
740,138,10,81,10.46
741,138,79,81,11.37
742,138,33,13,29.79
743,138,78,54,36.45
744,139,23,76,31.41
745,139,31,134,7.64
746,139,68,18,14.04
747,139,11,47,24.02
748,139,20,136,30.23
749,140,85,122,29.18
750,140,22,63,23.32
751,140,45,23,25.87
752,140,15,23,7.12
753,141,69,69,15.5
754,141,50,131,10.87
755,141,68,121,0.97
756,141,58,107,27.3
757,141,68,184,38.26
758,141,13,146,25.68
759,142,35,78,32.19
760,142,33,177,23.57
761,142,60,182,30.09
762,142,87,160,30.93
763,142,67,96,27.27
764,143,2,27,0.97
765,143,13,144,4.6
766,143,58,99,9.17
767,143,37,74,8.13
768,143,4,168,4.13
769,143,77,178,35.81
770,143,28,163,25.7
771,143,16,32,34.33
772,144,90,57,10.51
773,144,60,179,37.48
774,144,82,126,36.95
775,145,86,92,10.66
776,145,10,80,31.2
777,145,49,109,13.64
778,145,8,76,38.25
779,145,34,55,17.9
780,145,63,61,24.61
781,145,23,175,19.94
782,145,19,148,30.86
783,146,34,36,1.88
784,146,10,156,29.24
785,146,58,14,35.91
786,146,20,177,25.79
787,146,5,180,15.92
788,146,20,189,13.53
789,147,63,132,17.72
790,147,9,148,9.42
791,147,50,186,32.81
792,147,62,41,22.91
793,147,46,95,27.43
794,147,52,24,25.47
795,147,83,33,14.93
796,148,83,61,7.48
797,148,6,108,26.6
798,148,39,188,15.91
799,148,14,171,27.71
800,148,63,31,35.47
801,149,5,59,1.5
802,149,76,71,19.82
803,149,9,148,25.91
804,149,64,146,38.62
805,150,8,96,31.62
806,150,6,113,5.17
807,150,84,180,21.16
808,150,87,147,6.38
809,150,75,69,37.03
810,151,84,14,19.11
811,151,80,21,10.09
812,151,84,43,1.07
813,151,81,22,36.23
814,151,13,126,24.64
815,151,76,26,32.8
816,152,79,66,2.99
817,152,26,119,13.83
818,152,87,112,13.31
819,152,88,157,22.06
820,152,42,64,30.69
821,152,76,54,13.75
822,152,16,80,6.08
823,153,22,122,10.12
824,153,75,20,5.77
825,153,81,166,15.36
826,153,21,14,35.25
827,153,11,11,0.79
828,153,12,190,26.24
829,153,37,116,27.89
830,154,19,173,11.2
831,154,58,115,9.95
832,154,23,166,27.82
833,154,77,56,28.83
834,155,54,11,22.53
835,155,25,40,39.47
836,155,13,168,14.8
837,155,70,139,9.16
838,155,81,178,8.72
839,156,88,131,20.15
840,156,21,181,36.95
841,156,7,175,14.89
842,156,27,121,10.43
843,157,14,199,2.57
844,157,69,55,6.74
845,157,4,134,20.84
846,158,57,161,23.4
847,158,54,60,30.01
848,158,42,68,31.27
849,158,42,68,4.37
850,158,53,61,15.33
851,158,29,28,19.1
852,158,63,23,35.67
853,158,19,65,37.15
854,159,18,127,28.93
855,159,81,101,39.03
856,159,26,95,5.52
857,159,89,155,2.86
858,159,18,38,34.14
859,160,29,85,24.34
860,160,82,166,36.27
861,160,74,151,34.27
862,160,12,115,34.35
863,160,63,65,23.87
864,161,55,198,34.97
865,161,32,93,17.65
866,161,29,161,37.88
867,161,74,11,17.0
868,161,6,20,39.66
869,161,65,18,17.32
870,161,51,132,32.48
871,161,90,35,18.37
872,162,53,65,5.74
873,162,38,71,26.08
874,162,12,14,19.45
875,162,40,51,28.28
876,162,74,159,1.46
877,162,59,128,30.99
878,162,52,57,31.7
879,162,48,170,18.84
880,163,89,95,21.47
881,163,38,119,30.24
882,163,90,166,21.93
883,163,27,185,3.7
884,163,43,198,37.32
885,163,66,182,14.88
886,164,60,168,2.11
887,164,47,54,26.1
888,164,9,153,28.52
889,164,27,45,39.26
890,164,31,148,4.99
891,165,29,92,14.43
892,165,35,138,27.37
893,165,36,23,3.0
894,165,45,125,19.71
895,165,68,41,19.07
896,165,69,183,33.1
897,165,38,125,25.03
898,165,87,187,32.45
899,166,11,110,35.97
900,166,37,29,4.82
901,166,36,38,28.03
902,167,81,15,12.08
903,167,88,148,37.3
904,167,61,98,17.1
905,167,83,15,12.01
906,167,9,15,34.94
907,167,30,143,25.96
908,167,53,158,14.04
909,168,57,127,12.51
910,168,17,88,7.28
911,168,34,68,19.63
912,168,37,22,6.36
913,168,37,126,38.27
914,168,80,51,28.62
915,168,37,56,38.94
916,169,6,91,23.19
917,169,57,76,15.1
918,169,27,153,28.43
919,170,58,148,39.03
920,170,69,87,5.3
921,170,4,113,37.28
922,170,19,127,37.15
923,170,20,11,38.82
924,171,38,131,35.89
925,171,74,180,6.31
926,171,73,196,36.32
927,171,57,96,27.72
928,171,62,20,6.01
929,171,71,39,12.67
930,171,52,168,33.71
931,171,58,101,4.15
932,172,68,66,31.36
933,172,36,60,1.39
934,172,69,124,27.24
935,172,12,141,16.08
936,172,63,91,24.33
937,172,66,24,36.38
938,172,47,111,6.34
939,173,2,82,14.12
940,173,40,124,35.03
941,173,12,65,29.25
942,173,57,199,39.71
943,173,57,83,6.97
944,174,76,163,3.9
945,174,27,87,19.25
946,174,68,95,3.11
947,174,76,106,3.99
948,175,23,152,18.75
949,175,73,45,8.37
950,175,49,84,22.38
951,175,6,87,33.47
952,175,39,136,22.59
953,175,60,67,1.56
954,176,82,172,19.17
955,176,84,180,35.76
956,176,54,55,19.93
957,176,89,175,10.17
958,176,16,80,19.98
959,177,62,154,17.72
960,177,34,170,27.59
961,177,89,40,15.24
962,177,74,14,33.89
963,177,21,158,2.81
964,177,41,128,35.19
965,177,18,101,6.95
966,178,46,22,11.95
967,178,68,173,37.48
968,178,66,59,30.77
969,178,24,34,24.15
970,178,22,149,13.24
971,178,41,185,32.1
972,178,35,185,28.07
973,178,47,34,21.61
974,179,18,142,11.62
975,179,63,115,13.94
976,179,21,36,9.11
977,180,79,186,33.34
978,180,68,146,28.65
979,180,90,39,16.99
980,180,10,39,32.84
981,180,3,132,14.25
982,180,89,102,5.99
983,180,57,162,21.16
984,181,16,66,5.58
985,181,89,46,27.68
986,181,40,42,8.79
987,182,3,133,30.41
988,182,6,60,4.76
989,182,85,141,23.93
990,183,9,87,26.87
991,183,13,41,36.84
992,183,27,160,36.1
993,184,12,47,33.91
994,184,36,158,14.24
995,184,21,138,31.34
996,185,9,35,32.87
997,185,2,145,9.07
998,185,25,82,7.29
999,185,69,11,38.96
1000,185,13,64,36.86
1001,185,61,103,28.08
1002,185,24,122,27.1
1003,186,55,64,20.81
1004,186,53,38,30.58
1005,186,41,41,18.9
1006,186,67,44,20.08
1007,186,47,190,11.89
1008,186,6,31,13.46
1009,187,77,198,12.82
1010,187,57,67,22.38
1011,187,38,119,7.96
1012,187,9,131,37.59
1013,187,48,55,1.01
1014,187,87,135,27.05
1015,188,87,31,5.21
1016,188,51,112,27.95
1017,188,14,199,37.05
1018,188,22,26,14.87
1019,188,26,96,8.41
1020,188,52,41,9.7
1021,188,55,195,20.21
1022,188,75,161,11.28
1023,189,78,113,39.51
1024,189,66,81,6.32
1025,189,59,37,5.33
1026,189,63,137,9.62
1027,189,18,17,4.43
1028,189,7,27,20.18
1029,189,4,55,15.61
1030,189,87,93,6.53
1031,190,85,143,30.82
1032,190,60,61,12.1
1033,190,64,135,20.44
1034,191,56,40,15.65
1035,191,41,106,17.98
1036,191,5,18,7.49
1037,192,56,44,12.84
1038,192,50,134,30.68
1039,192,73,182,19.88
1040,192,71,185,21.81
1041,192,61,131,22.71
1042,192,21,139,2.7
1043,193,87,100,30.78
1044,193,37,92,2.93
1045,193,76,21,5.56
1046,193,47,99,32.48
1047,193,75,16,30.73
1048,193,81,97,15.53
1049,193,55,98,39.68
1050,194,32,73,9.77
1051,194,40,161,3.86
1052,194,89,26,34.82
1053,194,15,96,7.21
1054,194,69,93,1.98
1055,194,85,118,22.94
1056,194,54,78,1.31
1057,194,61,160,1.38
1058,195,74,35,32.43
1059,195,13,186,27.17
1060,195,44,137,20.36
1061,195,86,96,7.08
1062,195,39,103,38.79
1063,196,28,83,10.97
1064,196,39,156,16.38
1065,196,29,169,29.84
1066,196,12,193,33.85
1067,196,13,161,13.81
1068,196,9,155,32.15
1069,196,61,119,8.78
1070,197,39,120,26.71
1071,197,41,61,16.87
1072,197,33,169,20.86
1073,197,86,150,7.63
1074,197,3,170,28.28
1075,197,24,157,20.22
1076,197,85,200,37.56
1077,198,56,154,29.2
1078,198,8,143,8.43
1079,198,60,47,9.99
1080,198,88,86,33.84
1081,198,53,91,34.48
1082,198,9,172,8.54
1083,198,53,78,33.04
1084,199,31,39,6.42
1085,199,4,72,31.98
1086,199,40,128,19.67
1087,199,56,118,26.05
1088,199,5,61,6.79
1089,199,18,17,10.71
1090,200,6,194,19.69
1091,200,3,24,34.45
1092,200,11,90,24.26
1093,200,9,114,35.92
1094,200,86,178,35.49
1095,200,51,195,33.79
1096,200,31,38,23.05
1097,200,65,40,21.12
1098,201,64,33,9.9
1099,201,16,90,13.51
1100,201,75,198,15.9
1101,201,31,118,9.11
1102,201,14,54,8.96
1103,202,76,24,19.87
1104,202,48,189,37.97
1105,202,41,149,17.24
1106,202,88,73,38.55
1107,202,19,102,19.27
1108,203,83,165,1.87
1109,203,85,23,27.78
1110,203,86,71,10.49
1111,204,16,146,34.74
1112,204,57,109,0.81
1113,204,51,75,12.39
1114,204,31,86,8.81
1115,204,21,122,25.44
1116,204,83,114,31.68
1117,204,36,30,33.02
1118,204,63,130,29.61
1119,205,21,188,10.81
1120,205,9,100,17.12
1121,205,71,198,13.41
1122,206,83,57,25.39
1123,206,83,44,0.62
1124,206,26,170,12.57
1125,206,74,31,4.88
1126,206,32,142,28.69
1127,206,84,43,33.95
1128,206,88,115,31.81
1129,206,41,125,19.4
1130,207,76,93,32.08
1131,207,26,31,16.87
1132,207,24,110,35.12
1133,207,74,67,1.32
1134,207,3,152,26.06
1135,207,81,68,36.32
1136,207,60,60,10.84
1137,207,22,22,16.34
1138,208,12,104,7.22
1139,208,73,40,1.06
1140,208,68,121,31.05
1141,208,59,182,20.02
1142,209,35,83,29.98
1143,209,49,43,17.54
1144,209,27,163,9.01
1145,209,37,196,27.25
1146,210,4,84,39.06
1147,210,31,168,18.31
1148,210,32,104,23.52
1149,210,83,127,3.89
1150,211,51,185,8.88
1151,211,50,191,17.22
1152,211,77,75,3.39
1153,211,72,25,2.56
1154,211,31,130,36.37
1155,211,78,181,38.7
1156,211,77,191,30.06
1157,211,6,11,10.52
1158,212,86,104,5.72
1159,212,72,20,23.43
1160,212,34,53,20.4
1161,212,44,129,5.71
1162,212,41,191,21.45
1163,212,19,76,5.12
1164,213,47,120,11.68
1165,213,34,166,33.27
1166,213,34,142,12.86
1167,213,22,90,29.61
1168,213,63,48,22.45
1169,214,7,68,7.73
1170,214,61,76,6.96
1171,214,60,121,5.08
1172,214,64,20,17.94
1173,215,15,194,34.74
1174,215,16,99,4.2
1175,215,37,56,33.48
1176,215,66,79,22.75
1177,215,85,159,8.89
1178,215,1,144,30.79
1179,216,64,183,4.23
1180,216,43,16,11.73
1181,216,88,41,16.07
1182,216,76,37,33.56
1183,217,85,132,18.44
1184,217,35,162,26.49
1185,217,43,21,26.42
1186,217,58,93,37.92
1187,217,73,43,8.85
1188,217,7,174,11.68
1189,218,78,107,4.16
1190,218,33,55,9.98
1191,218,52,32,1.31
1192,218,27,51,15.85
1193,218,52,82,26.06
1194,218,84,49,5.26
1195,218,63,120,29.57
1196,219,86,34,33.37
1197,219,66,61,19.84
1198,219,50,131,11.1
1199,219,77,118,4.06
1200,219,55,104,24.75
1201,220,6,141,14.0
1202,220,60,183,9.36
1203,220,88,192,6.63
1204,221,38,129,17.78
1205,221,62,86,6.37
1206,221,17,185,36.16
1207,222,73,22,22.26
1208,222,6,141,4.75
1209,222,55,115,4.23
1210,222,85,194,22.95
1211,222,33,100,10.57
1212,223,15,199,26.63
1213,223,23,56,33.79
1214,223,6,31,16.94
1215,224,58,169,32.41
1216,224,44,57,8.84
1217,224,11,164,10.74
1218,224,87,37,17.64
1219,224,3,11,16.1
1220,224,2,53,26.4
1221,224,59,187,16.5
1222,224,85,200,24.27
1223,225,87,186,27.17
1224,225,39,32,5.44
1225,225,2,58,4.92
1226,225,3,188,38.84
1227,225,4,63,19.5
1228,225,19,176,10.05
1229,225,81,147,8.04
1230,225,39,128,6.35
1231,226,20,199,28.25
1232,226,63,130,1.28
1233,226,58,159,10.08
1234,226,38,155,33.26
1235,227,14,171,33.98
1236,227,56,116,34.02
1237,227,75,162,29.38
1238,228,63,141,23.85
1239,228,79,183,36.25
1240,228,63,69,28.71
1241,228,68,14,17.17
1242,228,41,151,3.01
1243,228,83,116,35.62
1244,229,90,121,1.32
1245,229,37,195,8.09
1246,229,45,122,9.67
1247,229,29,160,36.41
1248,229,44,164,34.21
1249,229,85,129,5.68
1250,230,87,177,29.52
1251,230,61,51,25.06
1252,230,37,186,30.1
1253,230,86,133,5.6
1254,230,26,50,24.43
1255,230,13,116,37.75
1256,231,72,22,39.97
1257,231,46,76,14.6
1258,231,21,54,33.2
1259,231,65,18,32.37
1260,232,30,40,22.7
1261,232,63,76,39.75
1262,232,46,21,30.92
1263,232,72,78,35.9
1264,232,89,141,24.37
1265,232,14,190,2.49
1266,232,57,127,38.52
1267,233,6,139,4.66
1268,233,81,40,34.9
1269,233,47,50,29.27
1270,233,57,139,20.19
1271,233,13,49,26.06
1272,233,43,45,5.36
1273,233,26,122,38.8
1274,234,37,139,7.26
1275,234,35,105,28.75
1276,234,54,102,25.36
1277,234,32,48,30.25
1278,234,68,117,31.6
1279,235,53,127,38.1
1280,235,67,184,14.79
1281,235,4,123,6.25
1282,235,2,193,32.35
1283,235,9,31,13.86
1284,235,52,52,17.65
1285,236,83,48,36.15
1286,236,8,171,39.21
1287,236,85,143,38.92
1288,236,54,112,35.49
1289,236,90,151,35.01
1290,236,41,98,0.81
1291,236,36,145,24.61
1292,236,19,189,16.46
1293,237,45,176,16.48
1294,237,26,87,3.83
1295,237,69,95,15.9
1296,237,17,143,39.68
1297,237,37,64,4.17
1298,237,71,89,21.09
1299,237,82,50,1.43
1300,237,70,161,10.72
1301,238,15,197,2.87
1302,238,48,76,25.27
1303,238,46,41,2.39
1304,238,84,41,18.23
1305,238,74,198,0.71
1306,238,44,70,32.31
1307,238,75,154,28.73
1308,239,39,82,26.84
1309,239,74,182,6.03
1310,239,49,143,29.63
1311,239,14,93,20.9
1312,239,25,102,18.45
1313,240,11,33,2.96
1314,240,17,131,8.98
1315,240,10,104,27.23
1316,240,52,160,22.58
1317,240,51,77,23.58
1318,240,82,118,39.86
1319,241,19,139,5.52
1320,241,59,43,38.74
1321,241,66,145,5.16
1322,241,28,126,19.2
1323,242,78,114,4.86
1324,242,48,156,11.94
1325,242,67,49,5.15
1326,243,63,17,31.75
1327,243,19,160,17.16
1328,243,40,82,9.02
1329,243,63,10,5.33
1330,243,45,27,34.88
1331,244,58,96,31.36
1332,244,61,194,33.43
1333,244,17,45,20.44
1334,244,59,125,26.86
1335,244,20,196,13.35
1336,244,80,180,25.13
1337,244,50,69,36.06
1338,245,57,198,11.46
1339,245,12,52,28.43
1340,245,74,171,31.95
1341,245,40,153,25.98
1342,245,83,153,3.86
1343,245,80,148,23.29
1344,245,7,155,21.11
1345,245,61,138,35.93
1346,246,3,80,31.58
1347,246,32,190,33.64
1348,246,75,123,3.84
1349,246,69,165,13.16
1350,247,44,121,7.63
1351,247,4,145,13.04
1352,247,33,33,5.03
1353,248,19,56,10.59
1354,248,12,49,12.62
1355,248,53,183,7.18
1356,248,79,93,7.67
1357,248,8,86,15.9
1358,249,34,106,37.69
1359,249,16,23,8.5
1360,249,77,160,9.84
1361,249,66,139,15.71
1362,249,15,78,2.89
1363,250,62,17,16.6
1364,250,30,14,11.13
1365,250,76,182,4.51
1366,251,73,114,18.12
1367,251,82,138,8.54
1368,251,19,105,21.85
1369,251,22,72,21.73
1370,251,55,152,18.34
1371,252,38,177,38.9
1372,252,1,25,37.37
1373,252,62,79,24.12
1374,252,88,107,39.97
1375,252,81,64,23.61
1376,252,66,82,2.3
1377,252,69,154,3.26
1378,253,72,81,35.19
1379,253,27,166,20.44
1380,253,41,184,37.84
1381,253,82,76,39.2
1382,254,42,97,8.82
1383,254,77,94,1.13
1384,254,89,44,26.03
1385,254,1,165,19.32
1386,254,2,182,7.35
1387,254,72,188,28.28
1388,254,51,147,3.71
1389,254,84,176,3.56
1390,255,16,100,38.9
1391,255,49,163,14.64
1392,255,23,188,39.36
1393,255,16,128,15.13
1394,255,25,123,0.87
1395,255,3,81,27.38
1396,255,46,59,4.05
1397,255,79,170,12.48
1398,256,5,81,19.97
1399,256,78,63,0.78
1400,256,82,111,4.88
1401,256,36,155,20.26
1402,256,22,151,8.15
1403,257,76,42,29.97
1404,257,17,76,37.38
1405,257,30,143,29.29
1406,258,87,146,24.77
1407,258,88,153,35.38
1408,258,1,119,25.82
1409,258,84,23,34.23
1410,258,42,120,33.85
1411,258,53,80,5.31
1412,258,67,129,20.08
1413,258,67,21,35.41
1414,259,69,124,12.99
1415,259,51,59,13.72
1416,259,74,16,39.62
1417,259,29,186,17.24
1418,259,10,73,8.28
1419,259,43,89,2.98
1420,260,4,161,31.99
1421,260,43,74,10.26
1422,260,61,71,38.37
1423,260,7,95,21.03
1424,260,31,28,31.14
1425,260,80,122,30.68
1426,261,8,18,15.41
1427,261,89,26,31.41
1428,261,8,123,2.66
1429,262,14,183,2.7
1430,262,7,85,34.07
1431,262,52,34,24.88
1432,263,50,128,31.91
1433,263,80,168,4.5
1434,263,84,182,31.43
1435,263,59,142,13.46
1436,263,25,37,4.56
1437,263,77,192,3.17
1438,264,66,75,14.54
1439,264,62,195,25.02
1440,264,24,72,5.94
1441,264,6,25,5.54
1442,264,75,121,20.77
1443,264,84,101,12.79
1444,264,70,47,6.32
1445,264,40,164,14.04
1446,265,85,183,6.21
1447,265,31,139,32.86
1448,265,72,23,17.17
1449,265,26,61,25.8
1450,265,26,27,13.99
1451,265,86,131,27.94
1452,265,60,163,27.85
1453,266,39,117,13.48
1454,266,14,126,35.11
1455,266,6,136,9.17
1456,266,1,173,9.31
1457,266,30,129,25.14
1458,266,31,133,29.52
1459,266,43,199,15.35
1460,267,2,28,14.64
1461,267,72,39,6.12
1462,267,57,59,25.44
1463,267,47,21,39.02
1464,267,26,60,11.72
1465,268,23,96,33.98
1466,268,32,55,8.24
1467,268,23,77,36.47
1468,268,3,183,5.92
1469,268,84,38,13.87
1470,268,27,88,18.52
1471,268,48,105,26.61
1472,268,68,169,35.33
1473,269,25,59,21.54
1474,269,89,105,13.06
1475,269,55,172,10.16
1476,269,6,167,23.7
1477,270,32,23,25.36
1478,270,36,42,34.13
1479,270,75,135,8.76
1480,270,11,130,31.74
1481,270,79,26,7.11
1482,271,64,142,18.84
1483,271,42,192,15.27
1484,271,89,133,28.77
1485,271,64,131,11.1
1486,271,52,173,36.89
1487,272,29,61,18.36
1488,272,31,111,9.13
1489,272,55,106,23.07
1490,272,48,75,22.25
1491,273,57,142,14.39
1492,273,75,20,18.88
1493,273,80,96,17.33
1494,273,60,120,16.65
1495,273,64,91,11.28
1496,274,34,175,3.5
1497,274,11,85,33.78
1498,274,66,149,25.92
1499,274,36,68,4.39
1500,275,26,95,8.27
1501,275,43,74,12.46
1502,275,88,80,8.03
1503,275,78,45,39.94
1504,275,70,76,0.84
1505,275,39,82,32.98
1506,275,52,113,32.96
1507,276,51,68,9.46
1508,276,27,131,9.73
1509,276,76,151,30.43
1510,276,60,97,31.78
1511,277,90,116,8.78
1512,277,58,152,1.69
1513,277,18,157,35.01
1514,277,40,198,0.88
1515,277,85,100,13.92
1516,277,54,118,27.59
1517,278,76,15,22.92
1518,278,5,45,6.57
1519,278,43,155,25.38
1520,278,78,165,23.17
1521,278,51,107,8.57
1522,279,25,131,4.79
1523,279,73,125,25.74
1524,279,39,33,7.27
1525,279,87,151,7.52
1526,279,89,164,19.8
1527,279,24,60,3.24
1528,280,38,178,21.21
1529,280,59,24,15.06
1530,280,2,53,13.41
1531,280,53,110,6.7
1532,281,9,109,38.23
1533,281,27,43,34.88
1534,281,40,120,32.81
1535,281,86,131,6.77
1536,281,74,89,23.71
1537,281,65,193,27.55
1538,282,58,26,33.07
1539,282,78,73,21.27
1540,282,73,135,18.68
1541,282,74,20,29.62
1542,283,90,192,31.8
1543,283,51,166,33.03
1544,283,23,116,10.34
1545,283,80,197,17.57
1546,283,50,178,7.75
1547,284,6,71,35.48
1548,284,21,80,35.36
1549,284,69,84,26.83
1550,284,9,188,29.2
1551,284,28,136,16.75
1552,284,71,41,39.81
1553,284,10,36,20.42
1554,284,42,114,18.31
1555,285,60,16,3.39
1556,285,89,182,30.11
1557,285,49,97,29.97
1558,286,33,39,28.51
1559,286,18,93,26.98
1560,286,60,134,18.72
1561,287,57,45,19.1
1562,287,36,51,7.24
1563,287,3,165,4.47
1564,287,38,41,21.62
1565,287,51,53,3.56
1566,287,2,183,11.29
1567,287,57,101,7.53
1568,287,5,182,21.53
1569,288,67,174,26.67
1570,288,85,36,15.93
1571,288,40,123,2.57
1572,288,1,22,31.01
1573,288,26,73,15.3
1574,288,31,61,4.11
1575,288,54,17,39.58
1576,288,44,59,27.36
1577,289,22,195,7.1
1578,289,54,141,4.75
1579,289,42,92,22.7
1580,289,25,169,8.68
1581,289,70,111,37.59
1582,289,16,69,8.94
1583,289,46,92,7.36
1584,289,52,177,12.99
1585,290,9,178,32.7
1586,290,84,169,15.07
1587,290,9,65,16.74
1588,290,77,137,39.33
1589,291,13,163,13.31
1590,291,81,188,15.85
1591,291,89,44,13.62
1592,291,82,186,13.06
1593,291,86,133,3.17
1594,292,66,173,29.8
1595,292,65,160,28.33
1596,292,2,69,1.34
1597,292,16,89,9.84
1598,292,55,72,24.98
1599,292,8,45,15.29
1600,293,27,174,2.0
1601,293,77,123,29.7
1602,293,43,44,11.49
1603,293,83,20,21.07
1604,293,54,175,32.6
1605,293,4,68,33.95
1606,294,70,23,36.31
1607,294,86,73,32.16
1608,294,90,194,9.29
1609,294,49,143,13.2
1610,295,63,27,38.17
1611,295,7,172,39.68
1612,295,27,42,4.12
1613,296,65,30,17.34
1614,296,60,89,6.98
1615,296,26,72,17.25
1616,296,78,73,12.47
1617,297,62,30,38.07
1618,297,47,111,15.42
1619,297,61,122,17.2
1620,297,79,198,17.62
1621,297,20,133,1.28
1622,298,77,147,6.54
1623,298,23,75,15.53
1624,298,40,126,11.69
1625,298,72,165,19.49
1626,298,43,44,28.74
1627,299,2,138,29.35
1628,299,48,135,16.48
1629,299,54,111,38.83
1630,300,83,160,3.31
1631,300,5,41,15.7
1632,300,73,51,8.17
1633,300,56,75,30.97
1634,300,45,140,28.51
1635,301,50,118,29.56
1636,301,32,132,1.86
1637,301,47,171,28.41
1638,301,4,188,26.79
1639,301,19,76,24.41
1640,301,88,47,10.54
1641,301,78,158,38.1
1642,301,21,13,5.11
1643,302,76,30,20.98
1644,302,25,118,7.05
1645,302,55,74,27.83
1646,302,65,146,26.51
1647,302,49,160,12.67
1648,302,53,196,34.84
1649,303,35,63,37.24
1650,303,51,188,12.67
1651,303,22,135,0.56
1652,303,9,188,17.0
1653,304,56,53,7.47
1654,304,24,190,5.81
1655,304,63,56,20.35
1656,304,15,125,22.9
1657,304,28,57,8.44
1658,304,24,59,10.74
1659,304,53,122,25.26
1660,304,80,37,34.8
1661,305,49,41,11.43
1662,305,44,17,23.63
1663,305,62,134,27.08
1664,306,1,180,23.51
1665,306,6,34,8.84
1666,306,1,106,24.32
1667,306,35,134,19.19
1668,306,44,164,17.46
1669,307,31,102,26.77
1670,307,49,166,2.76
1671,307,46,94,32.35
1672,307,1,126,34.89
1673,307,52,195,33.5
1674,308,36,189,30.18
1675,308,32,104,18.35
1676,308,88,178,34.86
1677,308,66,115,26.58
1678,308,1,173,38.32
1679,308,42,14,25.53
1680,308,6,198,13.36
1681,309,79,30,14.26
1682,309,61,178,34.36
1683,309,13,197,15.7
1684,309,78,59,28.62
1685,309,67,156,31.5
1686,309,65,18,5.55
1687,310,58,39,19.55
1688,310,70,71,10.11
1689,310,22,178,28.15
1690,310,14,121,39.74
1691,311,36,66,28.91
1692,311,86,131,38.08
1693,311,86,41,26.79
1694,311,69,172,29.15
1695,311,12,187,13.65
1696,311,29,157,30.77
1697,312,49,177,25.86
1698,312,72,121,32.43
1699,312,29,76,5.07
1700,312,12,38,4.02
1701,312,76,58,29.91
1702,312,15,156,15.03
1703,313,8,161,21.66
1704,313,50,118,13.13
1705,313,47,183,37.39
1706,313,17,143,26.72
1707,313,76,66,4.71
1708,314,19,85,33.57
1709,314,64,184,18.5
1710,314,77,82,6.26
1711,314,86,189,1.86
1712,314,41,89,20.34
1713,315,28,136,12.01
1714,315,49,25,39.26
1715,315,43,49,33.2
1716,315,27,197,37.41
1717,315,29,189,29.56
1718,315,23,134,29.23
1719,315,39,178,36.54
1720,315,21,15,22.14
1721,316,51,110,3.34
1722,316,37,82,28.01
1723,316,25,189,34.32
1724,316,51,34,5.67
1725,316,75,23,34.07
1726,317,18,123,27.99
1727,317,38,47,8.79
1728,317,26,198,26.22
1729,317,47,195,34.32
1730,317,14,183,31.53
1731,317,19,106,38.04
1732,317,55,183,33.75
1733,318,23,23,5.14
1734,318,66,176,13.87
1735,318,56,48,25.27
1736,318,52,72,1.84
1737,318,31,111,19.8
1738,318,89,162,38.2
1739,319,84,107,11.37
1740,319,84,123,15.01
1741,319,16,39,3.76
1742,319,63,174,26.92
1743,319,66,67,1.41
1744,319,74,156,19.44
1745,320,62,175,28.26
1746,320,39,156,5.45
1747,320,42,26,28.69
1748,320,69,57,16.51
1749,320,90,15,16.05
1750,320,69,145,19.8
1751,321,85,40,7.64
1752,321,77,187,7.61
1753,321,72,124,32.12
1754,321,16,20,5.59
1755,322,72,75,34.13
1756,322,5,31,39.21
1757,322,65,86,14.86
1758,323,1,73,12.37
1759,323,67,85,26.54
1760,323,57,45,23.29
1761,323,89,90,21.15
1762,323,46,165,21.76
1763,323,27,186,4.41
1764,323,6,70,1.95
1765,323,19,86,34.32
1766,324,46,81,5.58
1767,324,80,118,3.44
1768,324,33,76,15.58
1769,324,21,112,18.51
1770,324,33,183,17.3
1771,324,89,46,21.67
1772,324,10,171,29.44
1773,325,85,175,32.91
1774,325,78,51,17.08
1775,325,20,90,39.7
1776,325,56,107,1.52
1777,325,78,73,3.56
1778,325,16,146,4.84
1779,325,71,114,3.11
1780,326,19,67,11.31
1781,326,13,106,39.19
1782,326,29,106,38.1
1783,326,16,54,21.3
1784,326,40,160,32.94
1785,327,90,156,34.68
1786,327,71,79,24.49
1787,327,7,53,13.06
1788,327,50,56,14.13
1789,327,87,146,22.29
1790,328,2,185,20.79
1791,328,20,178,5.49
1792,328,49,155,29.55
1793,328,7,195,25.75
1794,328,48,191,31.21
1795,329,57,100,32.04
1796,329,65,83,11.4
1797,329,55,143,37.7
1798,329,30,88,25.61
1799,330,12,172,3.64
1800,330,31,33,7.02
1801,330,8,31,29.86
1802,330,71,136,32.43
1803,330,2,118,27.24
1804,331,88,183,35.58
1805,331,90,41,16.52
1806,331,79,58,36.48
1807,331,1,192,17.29
1808,331,69,98,10.15
1809,331,85,145,27.52
1810,331,6,165,18.22
1811,332,23,29,15.0
1812,332,18,141,14.46
1813,332,7,118,20.07
1814,332,22,105,38.8
1815,333,16,84,12.32
1816,333,38,77,8.92
1817,333,81,155,16.05
1818,333,40,174,20.86
1819,333,5,128,35.75
1820,333,63,24,14.55
1821,333,79,127,13.48
1822,334,24,112,14.5
1823,334,13,120,19.94
1824,334,11,145,20.82
1825,334,20,115,5.39
1826,334,63,11,6.65
1827,335,48,86,14.9
1828,335,24,147,32.56
1829,335,14,122,26.42
1830,335,57,51,6.03
1831,335,56,11,14.69
1832,335,26,38,7.99
1833,336,43,18,6.83
1834,336,26,132,38.41
1835,336,35,40,17.13
1836,336,71,136,32.09
1837,336,17,93,30.17
1838,336,52,138,29.18
1839,337,3,42,6.64
1840,337,65,13,30.81
1841,337,31,23,27.29
1842,338,62,84,11.65
1843,338,11,119,10.29
1844,338,20,196,20.69
1845,338,32,81,30.79
1846,338,34,189,10.27
1847,338,55,60,19.22
1848,339,24,58,39.71
1849,339,76,171,25.56
1850,339,30,40,5.73
1851,339,5,80,39.62
1852,339,19,119,1.2
1853,339,26,33,34.64
1854,339,49,114,21.24
1855,340,62,25,20.64
1856,340,83,23,12.52
1857,340,35,103,11.58
1858,340,45,192,17.01
1859,340,41,22,7.68
1860,340,1,23,26.59
1861,341,36,165,4.48
1862,341,24,74,37.96
1863,341,47,95,12.52
1864,341,13,181,1.04
1865,341,71,43,13.58
1866,341,47,200,31.26
1867,342,84,80,8.8
1868,342,50,32,35.54
1869,342,17,171,29.83
1870,342,16,20,23.67
1871,343,10,149,24.95
1872,343,39,195,19.23
1873,343,26,146,28.97
1874,344,71,192,10.47
1875,344,72,98,35.85
1876,344,58,171,28.83
1877,344,56,27,19.57
1878,344,68,138,31.74
1879,344,22,163,11.33
1880,345,8,187,8.01
1881,345,51,136,27.55
1882,345,66,29,7.04
1883,345,66,108,22.72
1884,345,50,112,24.49
1885,345,27,57,0.64
1886,345,74,65,23.89
1887,346,65,191,28.96
1888,346,34,87,34.17
1889,346,38,191,11.11
1890,346,16,53,9.35
1891,346,69,70,12.03
1892,346,82,47,37.71
1893,347,7,174,39.21
1894,347,27,146,5.09
1895,347,84,98,25.49
1896,347,48,93,3.79
1897,347,71,77,29.02
1898,348,8,170,32.73
1899,348,46,66,29.35
1900,348,36,55,10.61
1901,348,3,147,26.46
1902,348,75,37,29.04
1903,349,82,164,22.26
1904,349,57,66,13.31
1905,349,27,158,25.38
1906,349,51,49,18.12
1907,349,56,104,6.36
1908,349,62,33,20.09
1909,349,59,57,32.72
1910,349,23,58,23.0
1911,350,40,51,35.47
1912,350,51,185,24.51
1913,350,9,46,3.35
1914,351,68,45,29.21
1915,351,2,164,4.44
1916,351,50,15,4.85
1917,352,32,31,11.07
1918,352,81,163,1.03
1919,352,2,37,21.92
1920,352,44,191,3.86
1921,353,40,94,19.42
1922,353,32,24,21.97
1923,353,35,170,21.97
1924,353,3,21,4.56
1925,354,19,10,36.53
1926,354,4,68,17.37
1927,354,19,100,26.39
1928,354,29,185,15.7
1929,354,15,135,7.2
1930,354,15,67,4.52
1931,355,43,40,14.74
1932,355,11,21,24.38
1933,355,23,119,21.45
1934,355,77,56,27.34
1935,355,20,180,27.64
1936,355,80,83,14.26
1937,355,14,79,36.69
1938,356,10,10,34.54
1939,356,20,177,6.29
1940,356,19,109,18.14
1941,356,62,27,4.97
1942,356,55,196,11.5
1943,356,12,92,39.79
1944,356,24,108,14.43
1945,356,64,118,19.51
1946,357,84,72,15.64
1947,357,71,137,21.78
1948,357,64,146,21.68
1949,357,30,108,3.8
1950,358,12,70,14.79
1951,358,27,14,14.81
1952,358,61,44,36.88
1953,358,8,99,14.75
1954,358,18,85,18.69
1955,358,71,117,10.08
1956,358,29,24,30.01
1957,358,16,188,28.31
1958,359,55,105,2.64
1959,359,14,179,23.47
1960,359,62,162,34.88
1961,359,4,47,14.93
1962,359,11,72,3.54
1963,359,73,116,6.41
1964,359,24,130,29.87
1965,359,68,188,37.98
1966,360,83,187,1.02
1967,360,15,49,2.87
1968,360,83,18,24.36
1969,360,23,138,6.83
1970,360,51,118,27.36
1971,360,59,151,28.6
1972,361,30,118,37.29
1973,361,35,33,21.1
1974,361,17,200,8.87
1975,361,80,24,9.15
1976,361,24,200,39.05
1977,362,60,132,12.87
1978,362,83,113,33.18
1979,362,22,23,32.23
1980,362,83,118,8.19
1981,362,14,36,3.57
1982,362,78,95,1.61
1983,362,37,51,21.89
1984,362,9,64,24.09
1985,363,5,71,11.13
1986,363,73,154,2.27
1987,363,62,21,2.4
1988,363,12,89,0.83
1989,363,46,82,38.37
1990,363,65,59,12.92
1991,363,51,195,14.56
1992,363,17,189,27.15
1993,364,65,48,1.44
1994,364,49,132,23.66
1995,364,5,84,6.87
1996,365,30,65,32.4
1997,365,84,46,30.87
1998,365,21,138,20.89
1999,365,78,176,21.17
2000,365,44,124,31.52
2001,365,44,84,14.73
2002,365,56,20,35.68
2003,365,88,109,9.94
2004,366,73,170,39.78
2005,366,13,13,6.13
2006,366,40,150,34.77
2007,366,12,137,4.22
2008,367,9,81,23.27
2009,367,46,32,3.31
2010,367,59,76,39.45
2011,367,33,123,26.19
2012,368,47,83,16.34
2013,368,80,184,5.59
2014,368,47,141,33.87
2015,369,53,139,18.28
2016,369,88,20,25.01
2017,369,83,24,29.77
2018,369,32,189,32.94
2019,369,2,49,34.2
2020,369,38,106,6.75
2021,369,52,28,9.31
2022,369,60,181,4.19
2023,370,14,31,7.62
2024,370,14,111,30.84
2025,370,26,112,13.48
2026,370,41,97,39.86
2027,370,63,64,28.24
2028,370,61,39,11.5
2029,371,19,173,8.93
2030,371,73,18,39.52
2031,371,49,25,37.49
2032,371,47,120,39.15
2033,371,28,23,8.85
2034,371,3,185,17.21
2035,372,19,27,11.32
2036,372,11,86,35.01
2037,372,58,117,21.23
2038,373,55,97,38.55
2039,373,39,52,8.34
2040,373,54,133,19.28
2041,374,89,156,15.87
2042,374,2,153,31.43
2043,374,77,60,3.57
2044,374,86,158,24.85
2045,374,42,180,39.46
2046,375,19,137,34.64
2047,375,15,182,16.55
2048,375,67,194,0.65
2049,375,58,42,25.55
2050,375,82,158,4.35
2051,375,28,200,39.17
2052,376,49,65,14.25
2053,376,25,183,23.29
2054,376,2,104,32.64
2055,376,3,87,35.92
2056,376,65,41,28.12
2057,376,84,126,16.86
2058,376,46,100,33.21
2059,377,23,127,17.42
2060,377,23,151,24.0
2061,377,70,121,15.57
2062,378,80,35,39.82
2063,378,14,32,26.16
2064,378,79,115,4.6
2065,378,80,149,4.44
2066,378,57,138,23.46
2067,378,5,180,11.95
2068,378,54,64,9.3
2069,378,59,151,15.55
2070,379,45,128,16.81
2071,379,83,190,31.49
2072,379,51,11,37.61
2073,380,85,77,12.64
2074,380,54,182,10.04
2075,380,54,18,1.11
2076,380,20,105,33.71
2077,380,67,199,24.2
2078,381,72,110,8.11
2079,381,83,110,33.23
2080,381,74,119,5.59
2081,381,82,109,39.11
2082,382,21,121,9.62
2083,382,17,139,5.18
2084,382,74,110,33.8
2085,382,81,76,33.57
2086,382,21,92,8.55
2087,382,12,16,17.78
2088,382,81,161,6.55
2089,383,49,16,29.82
2090,383,17,126,25.56
2091,383,46,57,9.97
2092,383,29,86,8.16
2093,383,32,195,31.31
2094,383,49,76,26.54
2095,383,36,31,37.43
2096,384,59,162,5.35
2097,384,19,82,10.85
2098,384,24,33,3.56
2099,385,13,135,31.92
2100,385,53,28,19.72
2101,385,81,29,8.81
2102,385,54,106,35.64
2103,385,82,125,32.44
2104,385,24,86,0.9
2105,386,44,98,19.61
2106,386,79,163,22.09
2107,386,21,143,29.8
2108,387,3,142,20.71
2109,387,20,65,34.74
2110,387,15,65,1.67
2111,387,18,66,3.8
2112,387,89,42,11.07
2113,387,62,61,38.15
2114,387,45,191,22.28
2115,388,66,112,36.93
2116,388,33,54,8.32
2117,388,36,110,4.56
2118,388,76,89,7.04
2119,388,27,194,19.77
2120,388,58,118,24.06
2121,389,14,165,15.63
2122,389,26,155,14.44
2123,389,81,26,18.25
2124,389,5,140,10.5
2125,389,53,85,24.35
2126,389,83,145,14.41
2127,389,4,39,7.61
2128,390,32,28,9.0
2129,390,48,105,6.23
2130,390,41,41,0.88
2131,390,89,12,28.81
2132,390,28,129,22.92
2133,391,9,108,11.7
2134,391,28,144,9.09
2135,391,72,81,28.79
2136,391,86,29,23.17
2137,391,83,117,27.44
2138,391,56,91,32.63
2139,391,26,60,2.46
2140,392,54,40,5.4
2141,392,22,163,13.41
2142,392,50,70,23.27
2143,392,37,14,25.92
2144,392,74,11,36.51
2145,393,69,145,2.05
2146,393,83,14,3.24
2147,393,13,116,29.07
2148,394,11,152,31.1
2149,394,64,166,2.36
2150,394,39,188,39.37
2151,394,64,174,38.7
2152,394,16,105,37.54
2153,394,14,17,9.35
2154,395,89,195,17.71
2155,395,22,32,8.05
2156,395,48,147,39.59
2157,395,89,23,10.76
2158,395,6,38,2.4
2159,396,89,166,31.77
2160,396,49,79,28.1
2161,396,18,159,18.7
2162,396,17,91,34.54
2163,396,75,115,25.66
2164,397,74,132,26.62
2165,397,36,92,31.02
2166,397,62,67,4.13
2167,397,38,192,3.77
2168,398,83,198,34.31
2169,398,89,29,3.47
2170,398,64,25,8.89
2171,398,86,65,18.99
2172,398,50,58,19.76
2173,398,44,63,32.65
2174,398,68,141,34.41
2175,398,40,191,18.43
2176,399,17,66,36.71
2177,399,50,125,34.78
2178,399,66,61,31.31
2179,400,22,185,12.63
2180,400,74,175,4.53
2181,400,60,37,29.93
2182,400,31,14,35.82
2183,400,24,78,1.63
2184,400,85,145,18.38
2185,401,56,64,6.45
2186,401,65,120,20.56
2187,401,7,122,11.27
2188,401,13,22,26.12
2189,401,55,59,12.11
2190,402,78,136,20.99
2191,402,14,184,2.47
2192,402,32,38,9.17
2193,402,7,19,23.22
2194,402,31,26,21.52
2195,402,36,67,35.36
2196,402,90,193,16.48
2197,403,89,78,20.06
2198,403,22,62,14.23
2199,403,37,190,24.05
2200,403,1,34,7.81
2201,403,90,169,19.33
2202,403,40,186,9.93
2203,403,41,184,3.24
2204,403,24,95,36.04
2205,404,43,15,7.51
2206,404,34,29,7.24
2207,404,2,162,14.41
2208,404,61,159,0.54
2209,404,32,130,4.82
2210,404,3,155,27.36
2211,405,65,52,30.32
2212,405,13,35,12.53
2213,405,43,125,19.88
2214,405,45,149,10.66
2215,405,63,74,14.89
2216,405,2,100,12.39
2217,405,43,142,31.09
2218,406,88,142,29.26
2219,406,3,47,39.16
2220,406,29,178,39.77
2221,406,46,137,1.72
2222,406,74,199,27.98
2223,407,12,59,36.87
2224,407,49,173,4.76
2225,407,36,170,27.31
2226,407,58,144,7.41
2227,407,87,99,35.58
2228,407,51,160,16.98
2229,407,36,89,8.03
2230,407,75,143,28.22
2231,408,73,98,11.89
2232,408,2,137,37.13
2233,408,19,129,27.4
2234,408,67,84,25.14
2235,408,86,51,12.49
2236,408,37,26,32.09
2237,409,37,161,5.38
2238,409,63,88,0.7
2239,409,46,179,33.45
2240,409,7,74,5.94
2241,410,72,49,38.17
2242,410,35,46,39.84
2243,410,26,120,23.62
2244,410,11,84,9.14
2245,410,61,100,10.32
2246,410,87,173,15.76
2247,410,52,35,35.77
2248,410,39,162,12.77
2249,411,18,184,30.82
2250,411,33,44,16.94
2251,411,26,87,12.55
2252,411,39,155,37.12
2253,411,60,149,7.74
2254,411,56,34,5.98
2255,411,57,187,12.87
2256,412,60,117,38.48
2257,412,60,17,36.55
2258,412,4,117,3.99
2259,412,18,167,36.32
2260,412,32,158,20.73
2261,412,17,168,21.96
2262,413,51,42,16.42
2263,413,1,128,32.4
2264,413,67,127,33.65
2265,414,14,95,23.98
2266,414,38,154,19.52
2267,414,43,25,5.3
2268,414,75,182,20.68
2269,414,7,189,8.6
2270,414,19,153,29.75
2271,414,64,44,9.33
2272,414,87,173,34.16
2273,415,1,134,25.13
2274,415,26,39,3.15
2275,415,20,164,35.26
2276,415,67,34,10.26
2277,415,14,131,1.47
2278,415,65,123,15.93
2279,415,16,86,16.48
2280,415,24,70,33.75
2281,416,79,41,17.58
2282,416,82,15,7.8
2283,416,85,71,7.25
2284,416,90,149,8.41
2285,416,62,84,11.93
2286,416,13,160,19.97
2287,416,86,80,15.95
2288,416,90,37,18.83
2289,417,59,40,22.79
2290,417,2,158,12.46
2291,417,83,176,35.78
2292,417,80,123,2.18
2293,417,46,45,18.98
2294,418,46,138,34.31
2295,418,65,63,14.28
2296,418,68,109,20.77
2297,418,23,177,6.48
2298,419,18,81,31.51
2299,419,85,87,36.98
2300,419,9,175,19.61
2301,419,61,165,26.53
2302,419,74,191,37.13
2303,419,85,144,10.74
2304,419,90,92,23.76
2305,419,75,99,23.59
2306,420,21,69,4.31
2307,420,14,137,37.4
2308,420,61,92,30.52
2309,421,50,117,36.93
2310,421,8,166,10.39
2311,421,5,28,17.94
2312,421,48,165,25.44
2313,421,4,54,13.19
2314,421,90,125,15.42
2315,421,82,156,22.48
2316,421,26,74,19.9
2317,422,21,121,32.65
2318,422,25,32,23.49
2319,422,81,181,4.3
2320,422,5,45,35.78
2321,422,47,114,22.95
2322,422,10,97,7.82
2323,422,83,145,20.1
2324,422,27,156,33.19
2325,423,72,45,32.16
2326,423,57,119,25.21
2327,423,10,155,3.59
2328,423,67,86,4.49
2329,423,64,69,2.53
2330,423,70,94,1.39
2331,423,38,74,15.92
2332,424,10,146,23.23
2333,424,67,166,20.25
2334,424,52,168,2.74
2335,424,90,38,23.52
2336,424,34,177,1.68
2337,425,43,25,6.0
2338,425,71,197,13.52
2339,425,85,25,9.81
2340,425,10,154,36.22
2341,426,77,199,24.69
2342,426,11,151,19.41
2343,426,17,79,29.07
2344,426,14,19,20.12
2345,426,29,176,14.34
2346,426,62,87,31.37
2347,427,26,146,24.52
2348,427,49,184,27.5
2349,427,3,151,19.55
2350,428,17,120,28.2
2351,428,71,45,5.07
2352,428,16,167,39.31
2353,428,48,100,8.15
2354,428,56,24,9.91
2355,428,12,160,0.9
2356,428,53,147,22.94
2357,428,2,194,10.37
2358,429,57,56,11.66
2359,429,41,99,24.3
2360,429,32,84,5.62
2361,429,51,132,26.47
2362,430,27,136,28.36
2363,430,46,66,18.02
2364,430,39,103,31.32
2365,430,38,177,10.15
2366,430,35,91,28.06
2367,430,65,36,2.63
2368,430,53,190,38.05
2369,431,18,143,9.61
2370,431,71,63,5.35
2371,431,19,19,39.13
2372,431,90,122,26.17
2373,432,5,79,11.48
2374,432,50,86,33.17
2375,432,11,25,11.52
2376,432,79,108,20.07
2377,432,49,108,18.04
2378,432,29,62,15.48
2379,433,40,18,21.89
2380,433,45,16,36.45
2381,433,44,77,32.5
2382,433,76,65,30.41
2383,433,44,195,33.25
2384,433,56,119,31.41
2385,433,8,37,22.36
2386,433,87,83,34.41
2387,434,73,142,10.77
2388,434,49,129,29.95
2389,434,31,43,36.35
2390,434,36,184,38.06
2391,434,11,73,30.97
2392,434,38,96,23.06
2393,434,5,167,11.33
2394,435,78,13,5.41
2395,435,73,179,13.18
2396,435,34,55,18.03
2397,435,3,122,0.85
2398,435,5,101,19.47
2399,435,72,65,16.64
2400,435,75,30,11.42
2401,435,79,151,12.9
2402,436,36,76,34.83
2403,436,17,68,25.4
2404,436,19,168,26.41
2405,436,30,39,26.36
2406,436,24,185,20.52
2407,437,71,193,9.5
2408,437,34,75,1.14
2409,437,46,148,28.87
2410,438,10,139,18.03
2411,438,66,29,9.86
2412,438,42,156,15.17
2413,439,19,16,13.4
2414,439,47,95,39.02
2415,439,84,105,19.09
2416,439,38,169,1.73
2417,439,48,21,11.99
2418,440,78,64,32.42
2419,440,66,193,31.34
2420,440,66,158,28.66
2421,441,20,107,30.62
2422,441,84,30,38.23
2423,441,29,154,20.39
2424,441,74,171,22.16
2425,441,54,147,29.46
2426,441,68,23,24.48
2427,441,85,144,21.05
2428,441,41,78,8.2
2429,442,32,102,9.62
2430,442,41,39,27.88
2431,442,57,197,38.33
2432,442,53,102,3.65
2433,442,72,139,3.52
2434,443,30,124,31.56
2435,443,30,155,33.2
2436,443,17,147,10.18
2437,443,53,182,23.6
2438,443,18,165,10.78
2439,443,37,97,12.9
2440,443,11,114,17.13
2441,444,26,56,35.12
2442,444,2,52,5.27
2443,444,34,151,28.6
2444,444,61,200,4.49
2445,444,5,120,1.45
2446,444,22,28,5.73
2447,444,68,109,36.22
2448,444,46,42,16.39
2449,445,44,96,23.86
2450,445,79,37,39.77
2451,445,6,28,29.68
2452,446,58,199,33.47
2453,446,38,132,28.15
2454,446,24,195,30.76
2455,446,66,31,6.51
2456,446,1,161,23.93
2457,446,87,176,18.41
2458,446,42,122,7.48
2459,446,76,81,37.82
2460,447,44,22,22.78
2461,447,68,158,20.58
2462,447,55,83,13.25
2463,447,41,55,38.16
2464,447,6,198,35.35
2465,447,27,120,21.01
2466,448,45,82,7.04
2467,448,37,80,19.72
2468,448,29,53,11.89
2469,449,86,81,6.07
2470,449,27,151,33.63
2471,449,22,17,24.14
2472,449,6,148,21.75
2473,450,48,62,11.63
2474,450,74,119,29.42
2475,450,67,42,33.33
2476,451,16,123,35.61
2477,451,64,77,3.93
2478,451,18,81,29.4
2479,451,15,100,32.24
2480,451,29,196,3.44
2481,451,21,139,13.75
2482,451,59,171,29.55
2483,451,87,28,28.42
2484,452,13,190,31.87
2485,452,41,58,33.74
2486,452,85,170,1.91
2487,452,82,170,0.81
2488,452,18,160,15.36
2489,452,29,182,8.23
2490,453,64,82,5.71
2491,453,82,32,38.06
2492,453,28,10,17.66
2493,453,63,152,24.64
2494,454,34,167,15.52
2495,454,75,70,25.69
2496,454,62,145,26.45
2497,454,24,86,33.71
2498,454,38,181,19.66
2499,454,81,110,24.11
2500,454,70,133,12.17
2501,454,29,38,38.54
2502,455,32,179,17.28
2503,455,23,128,38.27
2504,455,85,39,14.23
2505,455,51,190,5.56
2506,455,62,135,24.24
2507,456,65,65,35.65
2508,456,53,25,22.71
2509,456,42,76,27.16
2510,456,53,110,32.46
2511,456,55,112,10.8
2512,457,29,96,25.63
2513,457,6,88,18.18
2514,457,29,156,35.09
2515,457,69,62,31.29
2516,457,15,167,24.62
2517,457,17,164,21.82
2518,457,3,107,4.06
2519,457,43,100,30.79
2520,458,27,102,21.65
2521,458,21,147,16.12
2522,458,30,84,32.15
2523,458,48,94,16.83
2524,458,71,197,10.32
2525,458,2,19,33.9
2526,458,68,36,20.31
2527,459,39,16,9.59
2528,459,89,73,1.83
2529,459,16,106,26.38
2530,459,17,199,35.13
2531,459,11,29,3.42
2532,460,70,164,36.8
2533,460,13,198,23.73
2534,460,51,59,33.34
2535,460,40,92,17.29
2536,460,3,87,11.32
2537,460,26,35,10.94
2538,460,84,157,19.12
2539,460,38,119,4.18
2540,461,37,189,21.56
2541,461,32,107,1.18
2542,461,64,196,16.05
2543,461,48,149,28.73
2544,461,58,67,23.33
2545,461,4,111,30.96
2546,462,14,174,12.77
2547,462,19,171,39.04
2548,462,13,153,7.19
2549,462,63,161,10.37
2550,462,19,113,24.85
2551,462,61,143,29.06
2552,462,73,69,2.83
2553,463,44,48,1.94
2554,463,89,154,24.15
2555,463,1,78,27.77
2556,463,72,135,22.05
2557,463,41,176,9.81
2558,464,72,199,39.71
2559,464,11,36,17.32
2560,464,10,106,5.53
2561,464,2,51,21.04
2562,464,16,52,8.3
2563,464,15,19,35.48
2564,464,64,53,25.23
2565,465,71,117,16.28
2566,465,38,40,17.7
2567,465,38,194,36.92
2568,465,87,79,21.14
2569,465,79,105,22.77
2570,465,22,46,11.96
2571,465,88,62,32.21
2572,465,48,142,24.38
2573,466,18,52,21.21
2574,466,61,12,13.05
2575,466,23,48,19.08
2576,466,1,89,28.21
2577,466,26,187,4.21
2578,467,80,129,23.98
2579,467,9,99,25.64
2580,467,29,98,25.34
2581,468,75,196,12.58
2582,468,80,113,37.41
2583,468,72,148,25.84
2584,468,26,29,23.91
2585,468,14,197,9.05
2586,468,23,77,22.76
2587,469,83,108,13.54
2588,469,76,164,11.45
2589,469,79,181,36.41
2590,469,27,53,0.61
2591,469,30,65,4.11
2592,469,79,47,6.16
2593,469,61,10,13.27
2594,470,55,180,19.13
2595,470,39,138,30.52
2596,470,31,153,16.03
2597,470,50,190,19.24
2598,470,40,143,13.02
2599,470,11,164,33.77
2600,471,19,121,22.64
2601,471,63,187,31.66
2602,471,88,40,22.54
2603,471,56,176,14.25
2604,471,4,103,34.29
2605,471,86,98,29.28
2606,471,28,167,22.61
2607,471,25,107,15.28
2608,472,68,59,0.72
2609,472,40,94,4.22
2610,472,48,74,20.36
2611,472,2,165,11.28
2612,472,83,80,25.85
2613,473,81,24,38.86
2614,473,4,193,37.14
2615,473,78,171,18.45
2616,473,23,131,30.12
2617,473,83,149,32.39
2618,474,20,190,29.58
2619,474,17,31,17.07
2620,474,16,24,18.01
2621,474,8,90,4.35
2622,474,70,81,39.34
2623,474,25,177,24.75
2624,474,3,95,33.57
2625,475,47,142,1.06
2626,475,86,113,16.95
2627,475,86,181,2.93
2628,475,25,138,6.33
2629,475,35,31,7.32
2630,475,6,80,24.54
2631,475,89,139,16.67
2632,476,45,40,13.99
2633,476,73,188,3.9
2634,476,60,32,5.09
2635,476,12,56,29.32
2636,476,24,91,23.85
2637,476,3,53,31.66
2638,476,28,173,15.29
2639,477,88,174,37.73
2640,477,25,198,5.74
2641,477,7,107,28.38
2642,477,23,81,6.05
2643,477,41,115,9.43
2644,478,38,76,28.05
2645,478,34,33,19.85
2646,478,75,103,14.28
2647,478,83,143,18.26
2648,479,69,155,8.82
2649,479,90,121,14.2
2650,479,88,83,8.69
2651,479,90,138,22.29
2652,480,34,65,18.97
2653,480,5,39,20.92
2654,480,81,57,19.27
2655,480,60,160,13.26
2656,481,90,36,25.36
2657,481,2,50,17.15
2658,481,43,96,26.09
2659,481,13,57,36.57
2660,481,40,51,18.94
2661,482,79,126,23.95
2662,482,89,121,29.37
2663,482,61,72,10.48
2664,482,48,163,13.85
2665,482,87,112,12.36
2666,482,30,139,4.76
2667,483,52,161,1.63
2668,483,66,52,36.93
2669,483,77,188,37.74
2670,483,26,155,30.2
2671,483,17,179,13.66
2672,483,7,33,12.72
2673,483,19,98,18.62
2674,484,19,61,35.38
2675,484,39,88,3.67
2676,484,31,62,17.74
2677,484,32,49,27.55
2678,484,48,11,19.36
2679,484,45,35,19.1
2680,484,88,110,28.1
2681,484,61,181,15.36
2682,485,50,42,13.08
2683,485,18,112,31.04
2684,485,37,182,29.35
2685,486,10,98,19.79
2686,486,76,16,9.26
2687,486,78,55,30.83
2688,486,48,102,13.92
2689,486,1,166,24.17
2690,486,51,29,26.0
2691,486,18,137,7.92
2692,487,44,108,26.33
2693,487,55,48,11.76
2694,487,50,182,32.94
2695,488,21,111,27.45
2696,488,14,129,32.35
2697,488,45,185,29.44
2698,488,84,113,32.24
2699,489,74,139,15.67
2700,489,59,12,19.7
2701,489,86,112,17.19
2702,489,7,87,17.29
2703,490,48,131,28.62
2704,490,69,103,4.91
2705,490,23,118,21.5
2706,490,50,182,3.66
2707,490,1,96,37.95
2708,490,76,76,8.31
2709,490,79,196,34.95
2710,491,6,41,34.78
2711,491,59,103,2.48
2712,491,77,185,15.09
2713,491,55,96,27.16
2714,491,4,148,11.06
2715,492,58,93,12.26
2716,492,5,162,4.91
2717,492,5,146,29.68
2718,493,13,42,29.21
2719,493,82,136,17.53
2720,493,36,98,38.89
2721,493,89,168,10.14
2722,493,68,155,18.61
2723,493,10,93,15.23
2724,493,19,165,39.09
2725,494,11,96,37.13
2726,494,39,118,16.33
2727,494,24,75,29.0
2728,494,11,120,38.62
2729,494,25,156,10.81
2730,494,39,167,20.8
2731,494,32,187,32.06
2732,494,48,156,19.18
2733,495,65,181,2.31
2734,495,52,56,27.29
2735,495,35,11,16.58
2736,495,3,116,26.46
2737,495,36,78,18.77
2738,496,3,191,13.32
2739,496,9,166,11.87
2740,496,78,127,23.72
2741,496,82,162,13.49
2742,497,44,91,14.18
2743,497,57,48,18.75
2744,497,64,63,21.52
2745,497,22,182,15.91
2746,497,52,18,26.6
2747,498,45,31,8.7
2748,498,68,104,12.51
2749,498,41,125,27.14
2750,498,4,49,25.18
2751,498,22,169,14.39
2752,498,56,116,39.84
2753,498,3,82,22.48
2754,499,17,106,24.48
2755,499,16,34,16.13
2756,499,28,38,23.04
2757,499,23,50,30.79
2758,499,52,150,16.64
2759,499,28,117,36.07
2760,499,36,91,30.93
2761,500,69,146,15.99
2762,500,52,136,30.39
2763,500,37,125,6.7
2764,500,23,112,11.89
2765,500,69,95,30.64
2766,500,84,54,27.49
2767,500,13,108,23.42
2768,501,82,17,24.95
2769,501,18,166,24.99
2770,501,11,163,23.04
2771,501,53,15,13.34
2772,502,12,104,1.4
2773,502,77,177,15.88
2774,502,66,59,34.09
2775,502,21,127,15.08
2776,502,31,54,19.15
2777,502,26,92,5.74
2778,502,9,17,8.68
2779,502,60,127,10.18
2780,503,60,138,25.83
2781,503,78,94,34.95
2782,503,21,72,18.76
2783,503,9,11,30.07
2784,504,50,28,31.43
2785,504,34,193,21.72
2786,504,78,175,39.57
2787,504,4,122,19.49
2788,504,8,84,32.56
2789,504,6,103,16.28
2790,505,16,36,6.27
2791,505,34,158,30.27
2792,505,15,194,7.17
2793,505,53,178,13.92
2794,505,32,133,8.8
2795,505,13,94,25.86
2796,506,34,97,12.16
2797,506,57,94,31.6
2798,506,90,76,22.95
2799,506,77,19,30.57
2800,507,29,104,22.76
2801,507,38,88,37.82
2802,507,21,155,25.54
2803,508,38,49,29.88
2804,508,89,42,6.29
2805,508,38,108,10.66
2806,508,30,17,34.11
2807,508,75,87,6.36
2808,508,2,76,14.88
2809,508,66,200,34.87
2810,508,67,113,19.34
2811,509,65,90,21.17
2812,509,49,134,26.11
2813,509,68,133,7.43
2814,509,49,13,26.92
2815,509,9,97,9.38
2816,509,27,67,6.43
2817,509,78,196,31.68
2818,510,73,173,36.3
2819,510,68,68,29.78
2820,510,47,180,1.8
2821,510,81,35,38.11
2822,510,65,27,11.22
2823,510,69,199,21.74
2824,511,73,143,10.29
2825,511,33,199,7.72
2826,511,84,72,9.52
2827,511,59,55,2.09
2828,511,78,78,22.3
2829,511,12,200,8.01
2830,512,39,25,8.71
2831,512,32,159,30.59
2832,512,62,128,4.38
2833,512,7,91,31.71
2834,512,10,60,19.39
2835,512,57,31,19.3
2836,512,13,148,23.78
2837,513,2,158,17.48
2838,513,15,194,35.52
2839,513,83,59,23.76
2840,513,82,167,30.34
2841,513,1,74,30.31
2842,513,77,79,19.96
2843,513,23,94,20.54
2844,514,69,73,13.98
2845,514,87,153,20.37
2846,514,81,122,4.9
2847,514,24,134,0.76
2848,514,66,130,20.08
2849,515,39,34,37.05
2850,515,57,97,25.7
2851,515,69,56,8.15
2852,515,14,69,8.92
2853,515,65,88,13.14
2854,515,68,130,4.57
2855,515,39,166,8.81
2856,515,87,49,13.29
2857,516,21,166,26.67
2858,516,42,142,39.26
2859,516,84,162,31.66
2860,516,35,68,37.35
2861,517,19,88,13.68
2862,517,46,200,12.96
2863,517,40,118,22.75
2864,517,54,11,30.61
2865,517,52,24,38.76
2866,518,36,14,32.83
2867,518,26,63,26.65
2868,518,33,85,33.39
2869,518,4,92,17.39
2870,518,49,93,22.54
2871,518,26,65,24.89
2872,519,10,72,6.84
2873,519,62,194,23.92
2874,519,6,178,15.91
2875,520,76,106,2.84
2876,520,8,173,14.04
2877,520,69,104,17.81
2878,520,37,38,19.14
2879,520,10,93,39.1
2880,520,53,48,35.02
2881,520,76,86,23.18
2882,521,42,156,22.09
2883,521,85,76,22.49
2884,521,38,186,1.36
2885,521,9,189,28.6
2886,522,28,57,13.19
2887,522,30,127,14.81
2888,522,26,183,38.87
2889,522,34,75,24.34
2890,522,3,45,5.21
2891,522,53,119,16.15
2892,523,8,141,15.25
2893,523,73,121,39.83
2894,523,65,93,31.71
2895,523,63,82,23.21
2896,523,82,27,29.51
2897,523,73,33,38.98
2898,523,15,146,6.75
2899,524,60,166,26.18
2900,524,25,28,30.8
2901,524,56,80,18.9
2902,524,20,176,13.55
2903,524,24,175,23.22
2904,524,59,145,31.35
2905,524,56,15,16.36
2906,525,2,67,13.23
2907,525,20,76,34.3
2908,525,75,182,30.83
2909,526,46,193,34.76
2910,526,20,58,31.03
2911,526,27,88,7.67
2912,526,4,146,24.28
2913,526,6,42,21.83
2914,526,9,93,34.89
2915,526,30,178,8.75
2916,527,30,65,31.01
2917,527,4,45,35.17
2918,527,57,41,33.45
2919,527,49,16,18.04
2920,527,27,107,2.44
2921,528,49,161,32.67
2922,528,12,54,20.51
2923,528,75,195,20.9
2924,528,21,63,5.25
2925,529,41,116,8.04
2926,529,12,139,14.71
2927,529,33,140,4.92
2928,529,59,14,0.79
2929,529,54,112,38.48
2930,529,13,100,14.74
2931,529,40,26,17.65
2932,529,84,86,9.56
2933,530,3,80,29.32
2934,530,42,21,6.06
2935,530,32,55,22.8
2936,530,17,142,6.65
2937,530,89,130,30.61
2938,530,8,162,32.19
2939,531,54,54,7.4
2940,531,67,48,29.81
2941,531,86,56,14.92
2942,531,15,51,1.68
2943,532,48,77,25.07
2944,532,4,16,13.6
2945,532,61,18,29.53
2946,532,19,114,2.34
2947,532,49,163,29.04
2948,532,22,50,4.45
2949,532,45,67,4.14
2950,532,9,38,38.76
2951,533,78,173,0.53
2952,533,61,130,36.03
2953,533,33,42,13.25
2954,533,70,103,38.3
2955,534,74,60,5.47
2956,534,66,43,32.32
2957,534,19,67,26.54
2958,534,13,193,16.45
2959,534,79,36,10.37
2960,534,33,57,29.34
2961,534,39,94,28.56
2962,534,60,181,23.84
2963,535,42,118,15.3
2964,535,19,158,29.59
2965,535,5,108,25.46
2966,535,26,56,1.07
2967,536,51,92,0.96
2968,536,62,133,34.38
2969,536,25,170,34.85
2970,536,74,113,18.36
2971,537,57,40,29.93
2972,537,84,141,36.99
2973,537,44,57,10.58
2974,537,63,150,18.52
2975,537,13,181,34.32
2976,537,67,77,2.99
2977,537,47,119,25.87
2978,538,59,38,5.25
2979,538,38,42,35.0
2980,538,40,125,17.73
2981,538,11,139,7.71
2982,539,29,14,8.35
2983,539,46,144,24.24
2984,539,20,154,34.47
2985,539,68,22,32.11
2986,539,47,148,9.6
2987,539,68,52,15.29
2988,539,13,184,7.04
2989,539,82,168,9.44
2990,540,36,22,38.38
2991,540,52,85,15.9
2992,540,67,117,35.8
2993,540,60,92,5.88
2994,541,72,181,12.81
2995,541,79,162,38.39
2996,541,8,115,6.04
2997,541,62,51,30.7
2998,541,32,110,31.56
2999,542,45,28,9.44
3000,542,36,45,35.76
3001,542,16,195,29.72
3002,542,87,48,8.63
3003,543,2,173,5.13
3004,543,40,144,4.55
3005,543,81,163,19.11
3006,543,85,122,12.3
3007,543,16,148,29.85
3008,544,44,79,38.0
3009,544,6,107,33.6
3010,544,33,38,25.26
3011,544,55,159,7.15
3012,544,89,134,30.46
3013,544,29,143,4.57
3014,544,78,163,34.67
3015,544,31,180,20.03
3016,545,14,81,33.77
3017,545,36,74,25.79
3018,545,43,117,26.85
3019,545,33,101,3.78
3020,545,13,192,32.34
3021,545,32,159,20.05
3022,545,76,121,26.79
3023,545,14,191,19.77
3024,546,67,180,15.61
3025,546,78,37,23.82
3026,546,83,35,23.24
3027,546,16,71,14.75
3028,546,87,191,36.2
3029,546,54,110,28.87
3030,546,6,98,26.06
3031,547,67,19,37.64
3032,547,81,200,31.22
3033,547,86,16,9.03
3034,547,24,16,25.41
3035,547,43,35,12.04
3036,547,53,17,29.3
3037,547,33,101,32.83
3038,548,58,22,13.32
3039,548,90,172,10.9
3040,548,21,63,22.56
3041,548,71,175,13.21
3042,548,52,99,31.35
3043,549,43,100,24.85
3044,549,30,91,33.23
3045,549,13,194,4.07
3046,550,24,107,8.48
3047,550,63,99,13.81
3048,550,57,102,30.31
3049,550,22,92,1.13
3050,550,25,158,12.77
3051,550,65,189,25.87
3052,550,38,153,21.76
3053,550,51,168,27.98
3054,551,77,179,16.48
3055,551,34,47,28.78
3056,551,69,100,16.17
3057,551,50,36,33.88
3058,551,38,167,23.02
3059,551,11,92,39.98
3060,551,57,20,10.21
3061,551,20,180,39.71
3062,552,29,72,35.07
3063,552,57,175,32.56
3064,552,19,13,12.22
3065,552,3,166,19.59
3066,552,57,116,22.47
3067,552,73,59,16.79
3068,552,67,158,16.28
3069,552,74,109,30.0
3070,553,48,103,36.05
3071,553,31,91,21.84
3072,553,10,187,5.81
3073,553,90,73,31.92
3074,553,75,42,4.32
3075,553,65,191,19.29
3076,554,45,193,28.23
3077,554,71,67,18.88
3078,554,74,23,18.68
3079,554,57,137,23.85
3080,554,9,53,1.37
3081,554,58,153,26.19
3082,554,45,132,34.77
3083,554,19,26,27.44
3084,555,33,196,1.59
3085,555,77,135,17.52
3086,555,18,111,9.0
3087,555,58,89,21.77
3088,555,87,87,13.56
3089,555,73,140,37.88
3090,555,19,148,39.22
3091,556,7,192,30.3
3092,556,76,40,31.1
3093,556,10,167,3.01
3094,556,53,196,6.87
3095,556,25,73,39.2
3096,556,23,56,1.66
3097,556,64,196,5.22
3098,557,90,185,15.8
3099,557,53,107,28.01
3100,557,18,97,7.73
3101,557,40,100,7.51
3102,557,56,74,20.24
3103,557,24,76,16.36
3104,557,30,99,39.43
3105,558,68,75,1.31
3106,558,78,25,39.29
3107,558,8,184,15.24
3108,559,1,93,15.7
3109,559,4,155,22.75
3110,559,9,54,7.95
3111,560,28,98,4.33
3112,560,88,49,24.19
3113,560,74,55,35.71
3114,560,23,139,6.38
3115,560,57,17,25.07
3116,560,69,40,32.38
3117,560,40,84,4.76
3118,561,13,137,8.13
3119,561,20,166,36.84
3120,561,59,178,22.15
3121,561,50,124,37.79
3122,562,47,46,9.96
3123,562,63,58,31.87
3124,562,6,101,2.82
3125,562,62,178,28.45
3126,563,85,177,13.16
3127,563,68,154,23.22
3128,563,69,143,16.07
3129,564,42,44,18.19
3130,564,26,84,37.8
3131,564,55,113,17.69
3132,564,11,135,1.44
3133,564,14,92,22.67
3134,565,37,185,28.11
3135,565,68,20,7.93
3136,565,12,88,35.74
3137,565,74,148,7.35
3138,565,41,199,2.39
3139,565,4,22,38.69
3140,566,7,185,35.01
3141,566,66,144,34.04
3142,566,66,104,27.4
3143,566,6,64,4.4
3144,566,24,66,28.64
3145,566,10,192,8.54
3146,566,27,156,25.8
3147,567,89,39,37.01
3148,567,1,71,26.55
3149,567,43,55,39.49
3150,567,30,105,36.74
3151,568,77,73,25.06
3152,568,34,118,27.38
3153,568,81,89,8.59
3154,568,84,198,36.59
3155,569,53,106,11.48
3156,569,25,134,10.51
3157,569,2,170,27.85
3158,569,6,188,30.8
3159,569,17,179,27.74
3160,569,10,173,5.02
3161,570,24,147,13.43
3162,570,33,184,28.74
3163,570,89,111,11.75
3164,571,16,111,33.0
3165,571,26,32,22.41
3166,571,64,61,5.52
3167,572,15,68,2.0
3168,572,50,57,3.8
3169,572,89,27,10.05
3170,573,19,123,24.08
3171,573,6,179,37.38
3172,573,25,63,29.13
3173,573,6,155,1.06
3174,573,20,97,34.45
3175,573,33,54,14.33
3176,573,26,174,2.73
3177,573,49,49,37.9
3178,574,81,59,13.77
3179,574,57,16,34.92
3180,574,9,72,24.27
3181,574,37,152,6.86
3182,575,88,26,16.69
3183,575,69,14,24.93
3184,575,22,195,37.35
3185,576,88,69,0.73
3186,576,1,154,2.81
3187,576,50,155,5.23
3188,577,70,28,1.28
3189,577,61,156,25.97
3190,577,37,185,24.83
3191,577,58,70,27.47
3192,577,79,74,14.13
3193,577,82,126,19.43
3194,577,20,126,21.69
3195,578,82,197,7.39
3196,578,50,75,35.34
3197,578,48,199,1.33
3198,578,39,46,2.18
3199,578,53,191,35.25
3200,579,46,63,37.7
3201,579,54,116,18.69
3202,579,58,123,38.12
3203,579,60,103,13.84
3204,579,86,112,5.76
3205,579,68,62,10.22
3206,579,25,155,8.19
3207,579,85,168,14.85
3208,580,83,88,8.93
3209,580,19,130,4.79
3210,580,84,125,12.36
3211,580,80,115,2.51
3212,580,28,96,22.29
3213,581,56,56,37.76
3214,581,4,187,8.65
3215,581,73,180,7.31
3216,581,88,154,30.88
3217,581,83,112,23.22
3218,581,26,48,16.75
3219,581,60,72,34.79
3220,582,79,166,21.46
3221,582,81,19,27.21
3222,582,9,31,1.35
3223,582,7,94,34.18
3224,582,41,101,8.52
3225,583,47,169,36.42
3226,583,75,124,19.27
3227,583,23,84,12.48
3228,584,54,40,21.53
3229,584,80,114,6.75
3230,584,71,170,19.05
3231,584,36,186,34.0
3232,585,13,20,5.86
3233,585,49,131,15.49
3234,585,22,15,23.65
3235,585,47,122,23.6
3236,585,24,124,35.81
3237,585,63,181,22.89
3238,586,23,44,25.15
3239,586,87,110,36.71
3240,586,15,181,8.29
3241,587,78,136,1.13
3242,587,76,116,39.67
3243,587,47,74,8.08
3244,587,36,143,36.22
3245,587,4,135,13.08
3246,588,40,77,18.23
3247,588,56,96,2.1
3248,588,85,127,26.55
3249,588,43,151,1.74
3250,588,80,12,29.52
3251,588,3,87,15.54
3252,588,61,107,15.84
3253,588,89,182,11.18
3254,589,55,114,28.44
3255,589,17,98,28.91
3256,589,71,59,19.81
3257,589,35,31,36.58
3258,589,86,31,32.32
3259,589,41,140,35.88
3260,589,3,42,32.35
3261,590,48,26,6.58
3262,590,31,32,34.62
3263,590,2,195,1.03
3264,590,44,168,3.28
3265,591,43,180,4.68
3266,591,16,24,28.31
3267,591,26,200,37.1
3268,591,24,33,28.87
3269,591,12,10,17.6
3270,591,88,69,8.8
3271,591,11,109,13.16
3272,591,68,59,19.3
3273,592,24,130,11.88
3274,592,87,161,34.67
3275,592,8,123,7.8
3276,592,1,30,7.45
3277,592,26,77,6.18
3278,592,70,157,38.92
3279,592,90,41,28.26
3280,593,30,51,16.09
3281,593,76,85,24.26
3282,593,65,173,11.77
3283,593,55,74,33.07
3284,593,31,145,0.78
3285,594,8,26,20.01
3286,594,8,168,30.35
3287,594,56,30,27.12
3288,595,76,102,28.07
3289,595,78,183,38.39
3290,595,73,77,29.22
3291,595,41,125,14.65
3292,595,62,104,20.24
3293,596,76,53,2.19
3294,596,46,114,18.87
3295,596,60,93,36.98
3296,596,52,128,34.81
3297,597,50,117,38.01
3298,597,18,91,15.57
3299,597,81,48,16.28
3300,597,2,121,31.76
3301,598,13,14,15.96
3302,598,20,79,13.82
3303,598,3,137,15.99
3304,598,39,150,11.47
3305,599,56,50,19.75
3306,599,86,25,14.46
3307,599,14,27,38.14
3308,599,62,165,11.93
3309,599,31,142,37.76
3310,599,28,116,19.88
3311,600,81,89,27.52
3312,600,55,166,5.31
3313,600,17,145,11.63
3314,600,48,186,34.63
3315,600,48,154,38.83
3316,601,54,73,8.77
3317,601,42,186,9.72
3318,601,41,172,36.67
3319,601,61,81,22.42
3320,601,74,94,28.08
3321,602,76,166,9.86
3322,602,32,135,22.75
3323,602,3,90,20.68
3324,602,13,108,30.13
3325,602,80,92,3.71
3326,602,63,128,24.3
3327,602,35,27,18.25
3328,602,25,80,28.62
3329,603,32,67,25.51
3330,603,42,101,33.08
3331,603,62,153,6.27
3332,603,35,91,19.65
3333,603,41,164,35.39
3334,603,26,175,7.93
3335,604,8,198,35.45
3336,604,68,139,11.66
3337,604,49,118,28.18
3338,604,2,86,10.81
3339,604,19,85,1.5
3340,605,19,124,25.22
3341,605,72,50,23.96
3342,605,41,37,37.51
3343,605,59,80,8.31
3344,605,78,126,11.75
3345,605,76,42,13.25
3346,606,71,132,15.07
3347,606,41,194,15.31
3348,606,4,170,17.65
3349,606,42,111,7.53
3350,606,79,18,25.92
3351,607,8,195,28.83
3352,607,17,137,3.02
3353,607,9,45,6.49
3354,607,67,51,37.63
3355,607,31,33,30.31
3356,607,46,96,3.71
3357,607,44,27,19.95
3358,608,83,111,27.94
3359,608,71,32,32.67
3360,608,58,50,5.05
3361,608,34,68,9.95
3362,608,83,184,22.53
3363,608,7,174,33.79
3364,609,29,69,38.02
3365,609,18,138,13.12
3366,609,50,172,26.98
3367,610,4,181,28.73
3368,610,54,150,3.18
3369,610,26,160,1.92
3370,610,30,159,19.91
3371,610,45,189,3.68
3372,610,48,140,35.99
3373,611,69,11,36.65
3374,611,80,82,10.99
3375,611,48,140,15.84
3376,611,26,165,10.62
3377,612,16,176,11.77
3378,612,4,124,24.33
3379,612,84,181,20.72
3380,612,52,62,7.8
3381,612,6,109,32.28
3382,612,27,61,30.51
3383,613,39,102,18.82
3384,613,83,170,9.58
3385,613,33,65,20.69
3386,613,40,13,9.05
3387,613,24,95,8.65
3388,613,50,194,13.43
3389,613,51,164,30.28
3390,614,32,29,24.85
3391,614,1,17,24.96
3392,614,2,80,37.24
3393,614,39,123,15.57
3394,614,73,50,4.34
3395,614,48,65,26.01
3396,614,55,199,35.12
3397,614,10,81,16.99
3398,615,39,46,10.88
3399,615,27,40,36.82
3400,615,88,17,35.27
3401,616,12,195,9.77
3402,616,75,187,22.52
3403,616,35,15,28.26
3404,617,9,111,27.28
3405,617,4,19,20.15
3406,617,60,115,7.41
3407,617,2,157,35.95
3408,618,37,194,19.43
3409,618,35,16,27.01
3410,618,25,70,27.74
3411,618,1,176,2.24
3412,618,73,121,22.58
3413,618,90,135,31.78
3414,618,7,83,14.88
3415,618,77,104,18.52
3416,619,85,105,29.18
3417,619,70,47,13.17
3418,619,82,98,16.58
3419,619,75,112,15.2
3420,619,45,84,6.33
3421,620,56,32,24.28
3422,620,18,95,37.03
3423,620,83,129,18.31
3424,620,70,184,6.99
3425,620,6,97,20.5
3426,621,81,200,6.8
3427,621,74,45,39.1
3428,621,27,187,16.16
3429,621,54,38,39.62
3430,621,70,20,21.02
3431,621,74,11,10.56
3432,621,71,180,37.72
3433,622,15,93,29.41
3434,622,48,150,37.51
3435,622,67,178,32.86
3436,622,29,157,14.37
3437,622,53,186,30.19
3438,622,14,67,25.8
3439,623,1,139,32.1
3440,623,64,46,36.68
3441,623,89,88,10.05
3442,623,52,87,33.1
3443,623,70,173,4.32
3444,623,25,16,1.14
3445,623,38,40,8.68
3446,623,88,28,3.15
3447,624,85,113,0.92
3448,624,77,86,14.06
3449,624,48,63,12.5
3450,624,80,160,36.82
3451,624,82,167,23.94
3452,625,45,17,10.6
3453,625,61,108,30.24
3454,625,13,118,27.7
3455,625,80,99,37.99
3456,625,88,135,39.79
3457,626,61,74,21.98
3458,626,11,72,29.11
3459,626,81,34,18.46
3460,627,42,89,22.33
3461,627,58,65,24.74
3462,627,13,12,27.51
3463,628,57,27,20.33
3464,628,60,80,28.04
3465,628,50,147,26.32
3466,628,7,74,23.63
3467,628,90,142,19.9
3468,628,58,85,34.22
3469,628,6,84,24.24
3470,629,26,133,19.71
3471,629,1,109,31.14
3472,629,84,55,31.01
3473,630,44,184,23.55
3474,630,64,68,28.7
3475,630,90,39,4.51
3476,630,18,43,29.74
3477,631,64,103,31.88
3478,631,56,15,28.48
3479,631,89,104,25.58
3480,631,14,117,19.21
3481,631,36,121,22.51
3482,631,55,27,3.07
3483,632,52,139,36.81
3484,632,18,40,1.45
3485,632,12,156,7.88
3486,632,26,124,26.56
3487,632,70,105,22.52
3488,632,62,27,38.85
3489,633,72,20,9.67
3490,633,19,86,5.76
3491,633,90,110,0.94
3492,634,68,180,11.0
3493,634,68,12,12.48
3494,634,18,91,36.87
3495,635,85,131,19.39
3496,635,28,35,7.31
3497,635,71,172,25.27
3498,635,10,47,26.85
3499,636,66,28,22.86
3500,636,32,170,30.26
3501,636,81,102,37.54
3502,636,34,114,2.86
3503,636,56,20,34.89
3504,636,51,17,8.11
3505,637,29,42,19.43
3506,637,66,114,26.02
3507,637,82,50,10.03
3508,637,67,83,20.14
3509,637,10,120,24.19
3510,637,54,26,22.69
3511,637,19,174,2.08
3512,638,84,97,12.49
3513,638,69,164,13.42
3514,638,40,130,20.7
3515,638,50,186,23.79
3516,638,72,184,24.41
3517,638,85,156,5.92
3518,639,69,142,24.85
3519,639,9,74,25.35
3520,639,35,83,23.98
3521,639,30,90,37.11
3522,639,42,71,22.86
3523,640,67,183,16.76
3524,640,34,163,17.24
3525,640,85,58,30.85
3526,640,18,186,12.15
3527,640,88,185,14.78
3528,641,60,158,21.04
3529,641,16,195,29.05
3530,641,38,173,10.26
3531,641,77,172,33.3
3532,642,32,110,19.63
3533,642,35,155,18.63
3534,642,44,47,10.56
3535,642,10,74,5.41
3536,642,49,150,39.36
3537,643,64,126,37.42
3538,643,71,159,32.94
3539,643,66,155,17.11
3540,643,35,23,39.27
3541,643,81,135,24.01
3542,644,16,45,7.65
3543,644,47,23,2.12
3544,644,9,81,4.74
3545,644,69,78,5.53
3546,644,13,200,27.63
3547,645,15,96,39.09
3548,645,36,82,17.48
3549,645,30,66,24.92
3550,646,46,70,6.49
3551,646,71,159,13.01
3552,646,29,53,32.33
3553,646,50,62,21.9
3554,646,3,51,4.1
3555,646,79,79,32.48
3556,646,16,34,10.22
3557,647,79,52,35.73
3558,647,29,81,4.74
3559,647,31,181,12.69
3560,647,75,163,34.06
3561,647,58,64,9.67
3562,647,11,114,28.64
3563,648,49,15,21.88
3564,648,35,62,35.33
3565,648,63,121,31.69
3566,648,68,97,13.22
3567,648,64,139,24.82
3568,648,57,165,8.62
3569,648,19,190,3.56
3570,649,28,90,14.45
3571,649,36,73,28.74
3572,649,30,107,24.22
3573,649,61,16,27.62
3574,650,3,109,23.08
3575,650,47,107,1.31
3576,650,56,195,18.09
3577,650,55,32,17.78
3578,650,45,68,11.13
3579,650,34,132,6.74
3580,651,68,60,33.91
3581,651,49,103,2.4
3582,651,30,33,28.43
3583,651,21,33,24.81
3584,651,71,22,10.39
3585,651,68,75,18.4
3586,651,38,46,34.41
3587,652,53,89,7.08
3588,652,9,69,34.94
3589,652,80,23,23.12
3590,652,23,83,22.14
3591,653,3,60,24.3
3592,653,10,27,31.03
3593,653,35,55,21.59
3594,653,60,151,30.55
3595,654,32,12,13.36
3596,654,22,79,20.77
3597,654,3,138,20.43
3598,654,8,110,5.83
3599,655,31,165,33.45
3600,655,74,81,18.77
3601,655,59,54,28.55
3602,655,32,51,25.79
3603,656,1,83,18.7
3604,656,63,183,30.29
3605,656,71,148,29.19
3606,656,68,129,38.5
3607,657,68,114,7.09
3608,657,64,42,32.29
3609,657,27,28,24.19
3610,657,48,86,5.06
3611,657,53,107,15.35
3612,658,26,14,9.02
3613,658,82,47,18.27
3614,658,76,45,26.14
3615,658,39,111,10.16
3616,658,3,68,36.19
3617,658,33,134,16.27
3618,659,17,116,38.4
3619,659,32,47,35.93
3620,659,13,85,15.27
3621,659,45,129,36.42
3622,659,84,120,3.59
3623,659,38,100,32.93
3624,660,9,100,13.59
3625,660,40,139,7.05
3626,660,13,47,29.9
3627,660,72,79,2.87
3628,660,66,65,25.41
3629,660,48,16,18.21
3630,661,80,93,11.75
3631,661,7,142,23.63
3632,661,57,134,17.62
3633,661,66,19,26.82
3634,661,71,196,30.08
3635,662,43,179,28.71
3636,662,82,78,6.19
3637,662,26,33,24.87
3638,662,36,110,9.2
3639,662,6,87,0.98
3640,662,18,59,17.03
3641,663,71,155,10.58
3642,663,27,10,39.65
3643,663,21,19,10.99
3644,663,62,26,9.15
3645,663,22,182,19.99
3646,663,11,181,18.65
3647,664,34,157,22.56
3648,664,43,171,26.77
3649,664,68,49,26.88
3650,664,76,143,27.46
3651,664,77,72,9.43
3652,664,3,121,19.59
3653,665,52,23,38.11
3654,665,39,75,4.71
3655,665,19,152,9.33
3656,665,29,73,18.84
3657,665,20,35,28.05
3658,665,65,102,16.8
3659,666,11,72,6.92
3660,666,62,179,3.12
3661,666,41,24,17.71
3662,666,56,49,16.86
3663,666,4,95,37.53
3664,667,63,111,23.74
3665,667,52,120,34.05
3666,667,37,72,24.62
3667,667,22,96,6.79
3668,667,42,161,15.39
3669,667,11,35,3.74
3670,668,12,188,26.09
3671,668,7,10,19.11
3672,668,5,44,12.01
3673,668,47,183,27.58
3674,668,90,101,26.81
3675,668,12,20,7.03
3676,669,75,31,39.53
3677,669,79,10,32.95
3678,669,25,53,35.93
3679,670,38,167,33.56
3680,670,10,166,11.74
3681,670,9,128,24.44
3682,670,34,50,25.92
3683,670,90,141,4.3
3684,670,78,67,27.72
3685,670,5,110,34.16
3686,671,46,140,12.6
3687,671,84,190,32.68
3688,671,54,70,31.87
3689,671,40,180,13.4
3690,671,31,128,6.37
3691,671,20,19,3.64
3692,672,14,124,5.48
3693,672,10,82,30.93
3694,672,89,91,23.38
3695,672,62,121,16.69
3696,673,27,131,26.42
3697,673,47,50,15.94
3698,673,45,26,2.43
3699,673,33,109,7.87
3700,673,64,128,26.5
3701,673,51,191,34.57
3702,673,58,44,32.72
3703,673,55,178,12.93
3704,674,22,74,16.92
3705,674,63,95,6.35
3706,674,18,71,20.75
3707,675,24,116,2.02
3708,675,2,171,14.75
3709,675,44,167,15.23
3710,675,1,36,19.57
3711,675,65,61,8.84
3712,675,43,184,26.52
3713,675,65,80,21.47
3714,675,68,161,24.69
3715,676,6,126,38.58
3716,676,76,150,11.96
3717,676,59,21,11.74
3718,676,3,114,23.78
3719,676,9,131,33.27
3720,676,54,128,36.61
3721,676,78,156,9.62
3722,676,41,161,9.3
3723,677,86,158,10.54
3724,677,34,11,21.46
3725,677,6,66,38.1
3726,677,58,71,16.18
3727,678,69,149,37.63
3728,678,3,138,34.81
3729,678,82,88,30.87
3730,678,85,23,20.12
3731,678,75,64,21.6
3732,679,50,153,29.17
3733,679,23,149,26.42
3734,679,2,185,17.47
3735,679,43,175,10.2
3736,680,34,53,26.47
3737,680,86,75,16.92
3738,680,55,62,29.3
3739,680,47,34,30.72
3740,681,20,41,34.19
3741,681,1,71,3.11
3742,681,35,55,4.98
3743,682,69,129,20.68
3744,682,62,181,24.77
3745,682,11,101,31.67
3746,682,46,55,15.82
3747,682,25,149,37.83
3748,682,3,168,32.27
3749,682,12,26,6.91
3750,683,69,59,19.41
3751,683,81,99,1.68
3752,683,50,120,4.59
3753,683,66,113,8.89
3754,683,25,168,25.68
3755,683,76,188,3.14
3756,683,30,178,37.38
3757,683,64,152,30.95
3758,684,6,19,18.39
3759,684,1,156,14.54
3760,684,86,105,26.12
3761,684,54,11,38.8
3762,685,77,143,22.68
3763,685,15,161,5.86
3764,685,64,151,39.85
3765,686,41,72,12.83
3766,686,55,85,2.04
3767,686,14,24,37.59
3768,686,86,45,27.99
3769,686,49,49,11.59
3770,686,53,29,39.02
3771,686,47,29,20.18
3772,686,39,114,1.4
3773,687,12,45,37.29
3774,687,78,163,34.14
3775,687,47,39,4.26
3776,687,34,95,13.07
3777,687,16,56,23.27
3778,687,75,30,9.65
3779,687,36,89,33.74
3780,687,71,148,36.56
3781,688,85,86,4.47
3782,688,52,20,12.82
3783,688,54,33,26.49
3784,688,35,199,2.56
3785,688,9,34,37.98
3786,688,76,11,4.72
3787,688,62,20,19.03
3788,689,21,161,37.62
3789,689,32,30,13.7
3790,689,24,176,36.77
3791,689,90,36,25.42
3792,689,3,130,9.13
3793,690,53,11,27.42
3794,690,35,157,31.89
3795,690,25,136,22.13
3796,690,8,120,8.83
3797,691,45,44,16.48
3798,691,76,115,36.47
3799,691,37,78,10.34
3800,691,16,190,17.1
3801,691,83,164,20.16
3802,692,33,186,5.56
3803,692,24,174,23.42
3804,692,86,73,5.73
3805,692,6,69,39.93
3806,692,6,197,3.35
3807,692,51,44,38.63
3808,692,36,38,23.2
3809,692,84,63,28.83
3810,693,27,124,6.2
3811,693,83,41,34.82
3812,693,42,115,15.46
3813,693,67,184,11.37
3814,693,85,61,34.38
3815,694,25,180,34.4
3816,694,85,72,19.85
3817,694,36,121,2.43
3818,694,1,120,18.81
3819,694,8,25,30.06
3820,695,15,83,6.06
3821,695,36,55,17.33
3822,695,2,131,31.53
3823,695,68,26,23.67
3824,695,45,87,25.95
3825,695,58,61,27.69
3826,696,35,51,19.47
3827,696,57,44,1.18
3828,696,31,175,19.69
3829,696,29,151,20.63
3830,696,19,38,11.07
3831,696,48,143,10.57
3832,697,52,15,2.99
3833,697,14,71,36.0
3834,697,33,72,30.43
3835,697,86,152,34.31
3836,697,74,145,36.91
3837,698,3,93,30.86
3838,698,71,117,22.93
3839,698,1,133,8.14
3840,698,14,197,12.6
3841,699,26,170,16.38
3842,699,78,154,22.78
3843,699,13,107,19.14
3844,699,26,72,13.33
3845,699,44,101,19.12
3846,699,31,146,13.67
3847,699,30,120,38.32
3848,700,73,45,9.64
3849,700,6,62,18.95
3850,700,69,199,3.37
3851,701,28,65,15.15
3852,701,5,75,0.96
3853,701,76,114,5.25
3854,701,36,174,23.75
3855,702,44,70,24.67
3856,702,12,74,31.75
3857,702,69,171,37.56
3858,703,36,148,7.1
3859,703,90,196,0.75
3860,703,63,65,31.93
3861,703,43,35,4.0
3862,703,75,68,37.03
3863,703,36,10,17.37
3864,703,45,101,30.26
3865,703,72,188,6.99
3866,704,36,59,7.3
3867,704,21,69,29.63
3868,704,23,60,33.18
3869,704,26,43,12.15
3870,704,8,179,18.25
3871,704,80,44,1.74
3872,704,27,103,25.27
3873,704,39,185,17.56
3874,705,49,11,7.27
3875,705,5,146,7.42
3876,705,54,37,3.85
3877,705,21,64,3.39
3878,705,54,37,17.67
3879,705,90,52,11.01
3880,706,75,94,35.51
3881,706,21,162,21.55
3882,706,73,65,38.17
3883,706,55,54,24.63
3884,706,57,81,12.97
3885,706,78,64,37.09
3886,706,3,60,16.53
3887,707,12,158,5.06
3888,707,89,42,36.08
3889,707,30,198,28.16
3890,707,15,153,19.43
3891,707,84,158,28.64
3892,707,18,23,20.96
3893,708,31,22,20.58
3894,708,78,149,35.43
3895,708,31,147,22.31
3896,708,44,144,21.73
3897,709,18,55,2.24
3898,709,63,62,6.02
3899,709,29,188,25.63
3900,709,67,47,25.18
3901,709,10,118,28.98
3902,709,70,30,29.64
3903,709,42,127,7.0
3904,710,5,12,31.31
3905,710,86,186,1.46
3906,710,4,31,13.24
3907,711,25,133,38.15
3908,711,13,122,31.45
3909,711,69,175,15.18
3910,711,81,164,1.52
3911,711,20,100,12.86
3912,711,87,39,31.89
3913,711,65,175,11.95
3914,711,38,76,6.79
3915,712,86,157,21.83
3916,712,37,135,21.13
3917,712,10,48,7.44
3918,712,37,138,25.06
3919,712,6,90,15.49
3920,712,6,139,17.67
3921,712,4,21,24.17
3922,713,49,98,25.65
3923,713,12,102,29.09
3924,713,36,145,6.42
3925,713,49,154,5.36
3926,714,30,92,15.1
3927,714,7,103,12.75
3928,714,22,157,15.33
3929,714,6,151,28.71
3930,714,81,130,2.59
3931,714,27,71,16.7
3932,714,79,152,18.67
3933,715,82,144,7.8
3934,715,9,25,11.08
3935,715,7,41,34.68
3936,715,33,145,5.41
3937,715,72,145,29.67
3938,715,34,170,29.46
3939,715,83,55,22.13
3940,716,25,106,28.87
3941,716,25,145,26.09
3942,716,52,78,10.07
3943,716,87,26,6.09
3944,716,52,168,27.28
3945,716,22,143,23.07
3946,716,86,180,29.36
3947,717,32,117,30.38
3948,717,17,104,29.03
3949,717,68,120,8.95
3950,718,60,20,32.97
3951,718,38,171,15.9
3952,718,46,105,30.43
3953,719,87,104,13.93
3954,719,88,57,12.11
3955,719,3,181,3.84
3956,719,49,88,16.74
3957,720,74,145,20.46
3958,720,3,67,29.37
3959,720,48,71,22.47
3960,720,65,142,7.55
3961,720,36,94,29.16
3962,720,18,129,24.6
3963,720,90,25,27.11
3964,721,82,24,39.73
3965,721,38,71,8.58
3966,721,28,63,38.8
3967,721,46,59,33.23
3968,721,33,160,12.95
3969,721,16,111,29.27
3970,721,19,36,4.06
3971,721,77,126,21.29
3972,722,26,71,23.94
3973,722,81,183,8.32
3974,722,28,44,16.5
3975,722,42,67,2.05
3976,722,53,18,29.07
3977,722,11,166,30.57
3978,722,64,93,39.66
3979,723,71,194,34.63
3980,723,2,12,36.5
3981,723,27,16,39.89
3982,723,4,160,4.72
3983,723,54,38,22.21
3984,723,77,144,37.01
3985,724,61,173,28.26
3986,724,34,196,11.7
3987,724,77,40,38.43
3988,724,54,10,35.35
3989,724,88,64,15.97
3990,725,8,29,12.79
3991,725,10,41,34.9
3992,725,82,157,11.83
3993,725,70,84,9.42
3994,726,4,160,6.0
3995,726,53,59,7.24
3996,726,21,65,24.46
3997,726,65,47,3.4
3998,726,58,80,13.74
3999,727,5,188,29.97
4000,727,38,43,21.03
4001,727,53,20,33.27
4002,727,81,15,31.23
4003,727,44,70,19.95
4004,728,6,142,27.9
4005,728,15,42,17.35
4006,728,3,20,37.78
4007,728,8,143,35.46
4008,728,47,109,16.21
4009,728,78,32,32.82
4010,728,4,108,6.58
4011,728,59,28,13.15
4012,729,33,97,14.55
4013,729,56,140,22.24
4014,729,56,156,4.8
4015,729,81,134,17.27
4016,730,27,144,33.34
4017,730,38,20,5.08
4018,730,39,151,0.7
4019,730,68,124,31.32
4020,730,44,86,9.88
4021,730,86,150,29.6
4022,730,68,44,16.59
4023,731,16,23,4.55
4024,731,48,125,27.8
4025,731,3,165,32.98
4026,731,65,104,39.73
4027,731,75,191,3.06
4028,731,38,83,23.18
4029,731,3,192,39.82
4030,732,77,190,23.13
4031,732,81,117,30.78
4032,732,74,106,34.85
4033,732,85,85,33.3
4034,732,83,164,30.5
4035,732,87,183,30.56
4036,733,19,147,31.45
4037,733,75,108,25.65
4038,733,73,73,6.3
4039,733,73,36,12.13
4040,733,65,89,22.99
4041,734,24,67,12.13
4042,734,19,120,16.47
4043,734,72,24,16.61
4044,735,51,173,5.15
4045,735,54,17,25.86
4046,735,23,65,12.73
4047,735,30,143,24.47
4048,736,32,143,5.97
4049,736,72,14,33.52
4050,736,37,10,35.94
4051,736,53,179,5.15
4052,736,19,187,22.87
4053,736,56,97,1.68
4054,736,19,113,23.83
4055,736,46,149,27.22
4056,737,71,107,23.13
4057,737,45,114,25.4
4058,737,28,13,22.69
4059,738,68,90,23.07
4060,738,16,74,33.81
4061,738,35,112,21.89
4062,738,31,160,31.95
4063,739,81,20,34.26
4064,739,22,132,30.22
4065,739,1,11,26.87
4066,739,66,121,24.22
4067,739,50,26,39.94
4068,740,26,29,3.71
4069,740,25,166,13.73
4070,740,4,22,37.84
4071,740,49,145,2.71
4072,740,83,81,3.66
4073,740,81,165,3.39
4074,740,42,23,18.4
4075,741,75,123,25.86
4076,741,81,46,2.49
4077,741,48,66,25.68
4078,741,35,14,35.88
4079,742,21,24,28.72
4080,742,58,45,29.18
4081,742,53,181,5.64
4082,742,18,98,1.27
4083,742,12,200,34.96
4084,742,81,131,36.95
4085,743,3,111,37.49
4086,743,87,146,10.88
4087,743,25,60,8.51
4088,743,30,32,37.52
4089,743,41,101,28.74
4090,744,14,129,22.02
4091,744,11,128,0.92
4092,744,22,183,4.52
4093,744,78,51,0.52
4094,744,15,66,30.14
4095,744,31,141,39.19
4096,745,70,156,39.07
4097,745,49,41,8.02
4098,745,58,29,35.71
4099,745,70,85,12.63
4100,745,76,22,29.18
4101,745,22,158,13.26
4102,746,66,21,38.94
4103,746,13,120,11.38
4104,746,7,70,18.34
4105,746,88,74,33.36
4106,746,51,130,21.6
4107,747,64,180,20.78
4108,747,24,29,1.05
4109,747,21,173,4.14
4110,747,63,160,21.68
4111,747,24,36,25.32
4112,747,34,142,37.26
4113,747,54,53,23.11
4114,747,44,198,33.28
4115,748,30,148,10.1
4116,748,15,141,7.5
4117,748,88,91,16.63
4118,748,44,68,23.11
4119,748,58,199,1.41
4120,748,90,160,22.01
4121,749,62,189,2.91
4122,749,64,70,36.06
4123,749,67,47,34.47
4124,749,2,103,30.7
4125,749,49,148,6.17
4126,749,85,53,7.63
4127,750,51,183,35.0
4128,750,47,13,31.2
4129,750,70,124,37.51
4130,751,10,143,26.23
4131,751,23,28,39.28
4132,751,18,93,22.93
4133,751,59,162,38.22
4134,751,72,161,21.6
4135,751,88,78,9.79
4136,751,80,165,21.9
4137,751,70,14,38.15
4138,752,5,164,27.83
4139,752,30,179,33.75
4140,752,56,194,24.13
4141,752,89,74,20.54
4142,752,38,175,5.63
4143,753,81,26,26.07
4144,753,37,98,18.35
4145,753,70,139,18.59
4146,753,5,187,26.37
4147,753,12,101,36.98
4148,753,31,149,16.37
4149,753,50,132,8.24
4150,754,49,29,38.56
4151,754,9,194,25.3
4152,754,60,136,24.61
4153,754,64,108,21.91
4154,754,80,157,36.66
4155,755,41,142,23.28
4156,755,64,19,31.73
4157,755,69,91,27.42
4158,755,1,112,25.92
4159,756,35,17,26.71
4160,756,47,109,15.55
4161,756,80,94,27.58
4162,756,73,19,1.71
4163,756,16,52,11.54
4164,756,70,55,31.25
4165,756,44,105,11.1
4166,756,24,144,16.03
4167,757,46,166,12.12
4168,757,82,73,25.54
4169,757,18,184,21.54
4170,757,74,78,31.69
4171,758,74,36,13.94
4172,758,22,76,3.64
4173,758,88,93,7.87
4174,758,44,194,39.58
4175,758,62,55,36.6
4176,758,44,109,7.12
4177,758,74,53,16.44
4178,759,68,165,31.38
4179,759,48,36,9.33
4180,759,65,37,22.62
4181,759,51,104,14.95
4182,759,83,135,21.0
4183,760,79,92,30.36
4184,760,88,83,33.08
4185,760,29,11,8.17
4186,761,10,38,36.6
4187,761,77,133,7.01
4188,761,26,143,33.4
4189,761,43,158,9.82
4190,761,5,32,33.62
4191,761,27,110,12.65
4192,761,42,85,18.42
4193,762,14,65,29.29
4194,762,47,168,35.5
4195,762,54,131,29.25
4196,762,68,34,9.91
4197,763,3,168,11.0
4198,763,20,188,34.64
4199,763,14,82,38.04
4200,764,59,108,24.82
4201,764,16,188,23.87
4202,764,61,153,2.88
4203,764,17,132,0.77
4204,765,68,152,34.33
4205,765,45,112,6.93
4206,765,18,94,22.52
4207,765,55,116,2.81
4208,765,42,159,20.5
4209,765,58,147,17.97
4210,765,39,52,5.96
4211,766,86,81,21.88
4212,766,44,197,23.74
4213,766,47,91,31.61
4214,766,79,83,7.52
4215,766,17,87,38.34
4216,766,16,31,32.59
4217,766,55,95,1.5
4218,766,1,20,2.19
4219,767,83,69,3.37
4220,767,31,43,25.88
4221,767,15,93,34.81
4222,767,9,63,0.72
4223,767,44,133,1.83
4224,767,27,172,25.5
4225,767,72,198,7.69
4226,768,67,144,24.87
4227,768,50,160,24.99
4228,768,63,46,20.23
4229,768,89,66,17.21
4230,768,82,122,28.91
4231,769,1,43,14.97
4232,769,66,199,28.3
4233,769,48,83,8.76
4234,769,9,144,9.13
4235,770,18,58,33.54
4236,770,17,61,24.46
4237,770,83,11,25.26
4238,770,80,33,2.83
4239,770,2,33,21.02
4240,770,54,77,19.84
4241,770,27,193,22.33
4242,770,45,16,21.53
4243,771,12,180,18.51
4244,771,24,99,19.46
4245,771,42,76,30.0
4246,771,47,153,25.3
4247,771,62,44,15.47
4248,771,74,18,13.35
4249,771,80,33,20.68
4250,771,86,199,18.42
4251,772,7,150,34.83
4252,772,57,40,25.99
4253,772,23,26,18.56
4254,772,28,60,17.99
4255,772,28,154,26.39
4256,772,24,17,13.37
4257,773,53,53,38.24
4258,773,55,93,26.46
4259,773,75,29,25.79
4260,773,31,151,22.25
4261,773,31,52,13.34
4262,773,47,189,38.58
4263,773,74,148,8.53
4264,773,72,88,11.04
4265,774,64,66,6.88
4266,774,51,84,10.26
4267,774,3,156,13.64
4268,774,33,157,32.53
4269,774,64,166,28.76
4270,774,15,56,35.78
4271,774,78,159,17.83
4272,774,24,156,7.39
4273,775,32,180,36.09
4274,775,60,144,36.47
4275,775,15,64,19.87
4276,775,42,45,23.39
4277,775,72,142,10.1
4278,776,47,111,29.3
4279,776,7,150,7.94
4280,776,5,21,10.98
4281,776,71,135,24.46
4282,777,73,122,14.3
4283,777,27,187,29.73
4284,777,48,180,20.82
4285,777,24,70,25.68
4286,777,51,25,32.05
4287,777,6,61,1.18
4288,777,39,70,36.94
4289,778,59,27,14.2
4290,778,21,63,34.94
4291,778,74,33,1.4
4292,779,76,99,26.73
4293,779,12,87,8.35
4294,779,36,177,34.78
4295,779,66,59,2.74
4296,779,26,11,23.27
4297,779,61,31,8.81
4298,779,76,137,4.17
4299,779,15,47,16.21
4300,780,27,50,5.16
4301,780,88,189,38.42
4302,780,53,129,30.23
4303,781,87,32,5.08
4304,781,49,113,4.63
4305,781,24,20,5.28
4306,781,5,124,5.87
4307,781,44,179,29.83
4308,781,68,122,37.33
4309,781,26,169,30.0
4310,782,25,120,15.52
4311,782,27,147,1.03
4312,782,23,126,26.2
4313,782,86,87,31.18
4314,782,14,48,30.69
4315,782,37,55,4.47
4316,782,37,15,31.7
4317,783,44,12,23.27
4318,783,42,44,6.43
4319,783,37,106,5.59
4320,783,76,59,28.17
4321,784,84,10,32.31
4322,784,28,193,26.84
4323,784,77,98,5.56
4324,785,30,126,5.19
4325,785,36,58,17.24
4326,785,46,150,13.4
4327,786,28,16,10.74
4328,786,10,200,31.25
4329,786,4,46,39.61
4330,786,7,118,5.36
4331,787,72,136,11.48
4332,787,22,163,24.97
4333,787,57,194,29.0
4334,787,11,120,17.33
4335,788,17,42,34.47
4336,788,68,176,37.83
4337,788,14,97,13.12
4338,788,21,185,25.45
4339,789,32,25,5.43
4340,789,79,102,36.37
4341,789,52,137,22.79
4342,790,80,26,15.15
4343,790,76,183,31.25
4344,790,45,105,11.76
4345,790,23,73,10.43
4346,790,14,45,33.55
4347,791,15,21,22.42
4348,791,16,141,5.34
4349,791,27,16,32.34
4350,792,58,112,11.41
4351,792,12,135,6.89
4352,792,67,20,22.0
4353,793,14,47,23.91
4354,793,14,97,28.32
4355,793,60,31,8.22
4356,793,6,114,18.39
4357,793,32,23,18.75
4358,793,30,95,3.65
4359,794,68,80,19.94
4360,794,26,112,7.41
4361,794,26,16,1.19
4362,794,56,56,14.28
4363,794,68,183,14.54
4364,795,33,137,1.67
4365,795,16,153,0.72
4366,795,26,181,32.24
4367,795,26,165,16.4
4368,795,57,75,33.61
4369,795,51,121,33.02
4370,795,11,100,23.61
4371,796,61,14,1.77
4372,796,35,113,16.88
4373,796,13,89,38.62
4374,796,81,160,1.48
4375,796,9,39,2.5
4376,796,76,134,26.83
4377,796,16,74,1.98
4378,796,84,77,23.63
4379,797,73,189,34.39
4380,797,81,188,11.15
4381,797,1,90,10.35
4382,797,9,91,31.49
4383,797,6,75,24.62
4384,797,65,19,32.41
4385,797,39,175,33.29
4386,797,64,111,31.44
4387,798,9,60,18.8
4388,798,57,185,5.25
4389,798,54,107,24.32
4390,798,38,36,16.73
4391,798,49,35,6.36
4392,798,63,83,38.13
4393,798,63,132,23.06
4394,798,32,69,33.32
4395,799,89,141,26.95
4396,799,77,84,23.52
4397,799,15,166,18.12
4398,799,2,27,28.6
4399,800,18,16,8.97
4400,800,7,141,18.7
4401,800,70,53,4.67
4402,800,53,24,33.72
4403,800,85,180,26.54
4404,800,81,179,25.3
4405,800,13,149,37.78
4406,800,11,70,15.09
4407,801,65,159,18.22
4408,801,19,38,3.8
4409,801,57,15,29.37
4410,801,69,138,25.23
4411,801,38,179,20.57
4412,801,10,149,37.16
4413,801,34,87,21.64
4414,802,46,143,20.77
4415,802,30,156,39.32
4416,802,65,105,17.79
4417,802,2,148,7.32
4418,802,4,76,21.83
4419,802,54,131,13.15
4420,803,49,154,3.86
4421,803,77,113,4.11
4422,803,83,181,3.82
4423,803,21,140,35.69
4424,804,86,118,22.61
4425,804,65,48,18.8
4426,804,51,158,37.76
4427,804,86,132,26.75
4428,804,7,78,2.2
4429,804,46,68,28.68
4430,804,34,32,31.71
4431,805,6,136,36.03
4432,805,83,73,7.49
4433,805,37,182,35.8
4434,805,89,151,22.55
4435,805,43,195,15.41
4436,805,14,127,23.45
4437,806,6,164,37.09
4438,806,90,173,11.68
4439,806,79,106,15.66
4440,806,32,194,10.96
4441,806,79,119,1.51
4442,806,58,140,12.84
4443,806,9,123,0.96
4444,806,72,96,4.54
4445,807,32,171,16.56
4446,807,70,149,5.44
4447,807,65,156,38.43
4448,807,29,78,21.62
4449,807,69,188,20.32
4450,807,79,20,35.27
4451,807,18,76,16.11
4452,808,78,157,3.19
4453,808,3,169,33.4
4454,808,12,86,3.42
4455,808,15,160,35.89
4456,808,32,101,26.62
4457,808,77,173,32.69
4458,809,30,64,19.27
4459,809,53,10,14.0
4460,809,32,21,36.77
4461,810,52,95,31.3
4462,810,90,15,36.45
4463,810,47,81,30.14
4464,811,79,34,17.44
4465,811,84,18,34.99
4466,811,90,84,11.31
4467,812,61,199,19.63
4468,812,9,142,5.51
4469,812,34,162,21.76
4470,813,70,196,0.61
4471,813,52,128,33.42
4472,813,19,34,11.22
4473,813,57,79,16.84
4474,813,14,67,33.67
4475,813,80,57,36.81
4476,813,81,106,37.91
4477,814,75,111,28.01
4478,814,71,122,12.81
4479,814,65,107,22.91
4480,814,89,33,13.43
4481,814,76,76,39.17
4482,814,85,22,4.87
4483,814,79,44,29.03
4484,814,87,56,2.81
4485,815,49,187,2.26
4486,815,15,28,19.24
4487,815,55,184,29.26
4488,815,30,162,21.74
4489,815,72,111,8.68
4490,815,41,73,16.73
4491,815,83,42,4.45
4492,815,75,76,13.44
4493,816,1,22,1.48
4494,816,84,176,23.11
4495,816,18,86,21.45
4496,816,75,74,7.57
4497,816,38,106,39.95
4498,816,88,80,31.53
4499,817,64,115,2.48
4500,817,56,77,6.89
4501,817,40,90,17.23
4502,817,47,135,30.37
4503,817,44,147,35.75
4504,817,74,125,31.41
4505,818,25,139,32.31
4506,818,4,118,5.67
4507,818,48,76,32.06
4508,818,49,43,34.24
4509,819,90,84,2.64
4510,819,51,171,13.69
4511,819,78,98,9.54
4512,819,7,12,27.94
4513,819,87,118,6.83
4514,820,38,56,38.55
4515,820,58,119,38.59
4516,820,62,187,26.44
4517,820,40,112,5.81
4518,821,4,36,3.62
4519,821,36,191,39.35
4520,821,12,105,36.47
4521,821,65,74,21.57
4522,821,67,173,15.84
4523,821,8,11,30.54
4524,822,76,142,39.29
4525,822,62,192,20.03
4526,822,72,42,8.24
4527,822,11,54,23.32
4528,822,46,123,37.26
4529,822,2,79,18.12
4530,823,82,118,3.51
4531,823,15,52,2.61
4532,823,68,74,9.54
4533,823,62,97,9.51
4534,824,7,128,22.39
4535,824,82,53,15.06
4536,824,34,141,7.41
4537,824,17,41,27.03
4538,824,89,69,20.39
4539,824,33,102,31.98
4540,824,35,22,1.74
4541,825,48,83,26.26
4542,825,44,199,6.25
4543,825,26,29,4.9
4544,825,25,49,37.42
4545,825,58,83,30.91
4546,825,79,198,29.37
4547,825,63,184,37.63
4548,825,11,125,17.82
4549,826,86,85,25.98
4550,826,87,200,7.07
4551,826,22,17,8.07
4552,826,72,147,15.49
4553,827,46,192,1.0
4554,827,70,25,32.15
4555,827,9,165,31.47
4556,827,32,20,10.57
4557,827,82,59,1.81
4558,827,78,68,13.34
4559,828,80,68,13.58
4560,828,30,88,0.97
4561,828,90,172,29.74
4562,828,66,27,28.75
4563,828,51,122,19.23
4564,829,45,54,11.51
4565,829,33,181,38.24
4566,829,34,77,17.39
4567,829,69,63,32.87
4568,829,47,186,3.11
4569,829,78,168,9.09
4570,830,88,176,30.35
4571,830,86,92,10.02
4572,830,77,41,6.31
4573,830,59,138,20.74
4574,830,33,147,29.55
4575,830,80,155,23.38
4576,830,76,145,20.82
4577,830,20,186,24.15
4578,831,90,44,33.58
4579,831,14,80,33.67
4580,831,88,45,10.52
4581,831,30,19,32.5
4582,831,77,148,30.03
4583,831,49,191,10.48
4584,831,35,43,36.23
4585,832,58,51,21.1
4586,832,31,155,31.8
4587,832,20,38,39.42
4588,832,85,150,20.25
4589,832,51,50,37.78
4590,832,73,63,39.34
4591,832,67,141,37.0
4592,833,19,41,2.27
4593,833,15,13,7.81
4594,833,23,10,1.14
4595,833,89,143,15.74
4596,834,4,140,33.73
4597,834,77,181,34.78
4598,834,87,133,28.74
4599,835,25,105,15.66
4600,835,12,83,2.94
4601,835,31,151,11.93
4602,835,41,176,10.14
4603,835,11,160,20.66
4604,836,54,150,25.84
4605,836,25,90,12.72
4606,836,76,90,33.37
4607,836,13,18,0.64
4608,836,3,127,33.49
4609,837,48,81,37.77
4610,837,76,107,17.78
4611,837,10,94,1.27
4612,838,50,118,11.11
4613,838,10,13,36.25
4614,838,51,104,12.31
4615,838,12,191,4.07
4616,838,29,82,0.56
4617,838,58,148,13.3
4618,838,52,167,32.81
4619,838,76,78,31.01
4620,839,2,104,31.03
4621,839,25,120,17.08
4622,839,26,85,22.38
4623,839,49,146,29.16
4624,839,73,169,16.51
4625,839,50,165,18.63
4626,839,2,145,9.75
4627,840,73,40,19.16
4628,840,88,179,25.81
4629,840,79,28,14.88
4630,840,48,161,17.44
4631,840,47,126,33.83
4632,840,73,126,35.92
4633,840,3,187,23.99
4634,840,17,15,37.76
4635,841,81,143,23.3
4636,841,24,107,1.08
4637,841,11,151,34.26
4638,841,74,104,37.41
4639,841,10,128,14.77
4640,841,66,90,38.87
4641,842,38,190,4.06
4642,842,18,134,12.22
4643,842,78,57,31.47
4644,842,13,148,27.08
4645,842,83,151,6.21
4646,842,12,165,28.65
4647,843,23,51,6.07
4648,843,62,95,20.73
4649,843,10,125,2.61
4650,843,34,194,29.39
4651,843,35,43,4.66
4652,844,63,21,13.1
4653,844,65,42,0.61
4654,844,74,46,5.49
4655,844,47,137,33.3
4656,844,74,14,37.55
4657,845,44,114,11.37
4658,845,7,127,7.28
4659,845,18,81,33.98
4660,845,61,55,20.37
4661,846,36,11,2.81
4662,846,63,143,26.25
4663,846,67,56,6.86
4664,846,34,193,18.38
4665,846,12,44,39.75
4666,846,10,109,37.69
4667,846,70,105,0.75
4668,846,9,25,31.56
4669,847,15,157,15.19
4670,847,1,166,7.53
4671,847,60,37,39.25
4672,848,11,21,29.88
4673,848,30,122,2.6
4674,848,73,44,8.38
4675,848,5,128,3.3
4676,848,56,161,12.9
4677,848,2,11,38.3
4678,849,74,89,22.69
4679,849,42,188,12.07
4680,849,83,46,32.0
4681,849,67,129,16.82
4682,849,72,156,8.93
4683,849,53,98,5.69
4684,849,33,81,38.28
4685,850,66,46,39.11
4686,850,26,89,32.53
4687,850,11,64,36.12
4688,850,10,19,10.68
4689,850,6,49,14.4
4690,850,72,179,24.63
4691,850,29,185,7.74
4692,851,47,122,10.61
4693,851,31,96,34.92
4694,851,20,117,21.43
4695,851,52,79,39.17
4696,852,25,160,22.14
4697,852,33,86,37.27
4698,852,65,59,22.11
4699,852,23,91,32.11
4700,852,49,171,38.78
4701,852,39,113,36.64
4702,853,7,124,32.74
4703,853,36,190,2.48
4704,853,47,124,24.99
4705,853,46,30,14.89
4706,853,51,50,8.64
4707,854,5,148,37.51
4708,854,42,37,2.18
4709,854,81,189,12.72
4710,854,4,180,39.61
4711,854,14,69,4.44
4712,854,11,35,18.78
4713,854,65,109,4.24
4714,855,57,184,15.87
4715,855,88,189,7.5
4716,855,82,16,16.54
4717,855,80,104,36.82
4718,855,41,78,28.1
4719,856,11,180,5.84
4720,856,57,90,31.5
4721,856,73,101,34.94
4722,857,90,22,3.62
4723,857,15,96,8.98
4724,857,24,98,38.68
4725,857,84,185,27.61
4726,857,34,122,25.53
4727,857,80,96,1.76
4728,858,57,190,8.05
4729,858,17,128,24.0
4730,858,7,100,28.48
4731,859,4,69,26.82
4732,859,9,22,0.88
4733,859,51,83,38.32
4734,859,80,65,38.81
4735,859,2,62,27.76
4736,859,75,40,0.62
4737,859,45,42,37.54
4738,859,28,119,2.3
4739,860,10,148,12.35
4740,860,79,34,38.24
4741,860,84,96,35.28
4742,861,46,98,30.52
4743,861,32,105,27.6
4744,861,44,47,2.31
4745,861,50,28,1.81
4746,861,53,134,22.99
4747,861,74,13,25.94
4748,861,51,156,17.42
4749,862,50,193,17.85
4750,862,34,21,31.24
4751,862,31,132,20.29
4752,862,89,184,5.45
4753,862,28,179,8.16
4754,862,37,88,23.45
4755,862,48,67,1.31
4756,863,21,95,13.46
4757,863,28,51,25.5
4758,863,2,28,19.98
4759,863,49,90,10.58
4760,863,51,57,11.79
4761,863,59,147,10.56
4762,864,74,189,31.27
4763,864,29,66,12.65
4764,864,13,27,1.1
4765,864,5,156,2.07
4766,864,54,183,2.33
4767,864,32,11,25.67
4768,864,70,152,36.58
4769,864,66,74,10.1
4770,865,50,110,18.04
4771,865,18,167,37.14
4772,865,37,183,13.71
4773,866,73,57,3.97
4774,866,76,198,23.95
4775,866,55,89,7.12
4776,866,6,69,38.15
4777,866,31,117,27.01
4778,867,19,127,15.12
4779,867,67,57,3.57
4780,867,60,128,35.65
4781,867,89,162,5.48
4782,867,57,39,4.09
4783,867,45,51,9.41
4784,867,71,11,7.65
4785,867,56,189,38.32
4786,868,46,144,31.53
4787,868,67,156,36.44
4788,868,1,185,14.96
4789,869,65,121,8.85
4790,869,48,95,22.23
4791,869,11,196,23.75
4792,870,61,52,28.31
4793,870,13,107,22.46
4794,870,6,191,2.49
4795,870,44,70,19.41
4796,870,90,164,34.39
4797,870,9,150,39.17
4798,870,78,49,20.59
4799,870,75,132,36.02
4800,871,7,178,4.29
4801,871,66,45,7.14
4802,871,62,51,0.55
4803,871,23,151,8.94
4804,871,38,147,5.53
4805,872,33,32,11.46
4806,872,63,81,26.37
4807,872,17,144,30.04
4808,873,78,191,8.25
4809,873,2,182,5.5
4810,873,81,198,1.02
4811,873,5,172,8.71
4812,873,7,80,37.52
4813,873,90,48,9.15
4814,873,17,43,28.82
4815,874,14,72,15.23
4816,874,25,20,35.99
4817,874,17,138,4.19
4818,874,43,22,16.58
4819,874,51,60,0.61
4820,874,8,98,28.75
4821,874,77,69,37.43
4822,874,57,126,18.65
4823,875,69,67,5.71
4824,875,10,185,1.41
4825,875,21,163,4.04
4826,875,88,185,39.14
4827,875,10,130,12.29
4828,875,78,20,34.49
4829,875,21,159,30.09
4830,876,34,73,33.76
4831,876,70,80,3.14
4832,876,50,110,6.91
4833,877,54,134,1.05
4834,877,8,103,16.53
4835,877,48,116,33.74
4836,878,30,189,16.06
4837,878,20,31,23.03
4838,878,51,102,14.79
4839,878,39,158,11.83
4840,878,33,86,26.41
4841,878,57,120,15.96
4842,879,25,193,9.38
4843,879,54,98,0.84
4844,879,83,164,15.39
4845,879,59,58,5.61
4846,879,22,108,5.82
4847,879,16,32,12.17
4848,879,19,75,9.05
4849,880,44,177,22.41
4850,880,42,78,27.1
4851,880,13,183,20.83
4852,880,66,172,35.51
4853,880,6,146,29.53
4854,880,77,185,24.9
4855,880,80,114,6.33
4856,880,31,195,12.79
4857,881,29,61,22.61
4858,881,31,44,28.95
4859,881,37,127,38.98
4860,881,24,103,26.84
4861,881,47,146,9.82
4862,882,89,71,3.56
4863,882,47,181,21.4
4864,882,52,17,15.27
4865,883,50,186,22.77
4866,883,35,137,13.57
4867,883,59,112,23.68
4868,883,35,194,31.0
4869,883,82,95,37.91
4870,883,47,71,17.75
4871,883,73,130,39.65
4872,883,35,110,15.77
4873,884,9,120,8.74
4874,884,36,42,3.62
4875,884,44,83,15.11
4876,884,69,188,36.38
4877,884,74,95,37.05
4878,884,80,88,20.57
4879,885,19,92,31.57
4880,885,48,157,15.56
4881,885,39,124,7.68
4882,885,31,13,18.4
4883,885,36,44,9.96
4884,885,76,40,10.99
4885,885,50,41,37.36
4886,886,70,159,8.22
4887,886,21,116,32.75
4888,886,39,91,35.5
4889,886,28,193,32.48
4890,886,58,155,16.8
4891,886,85,127,9.43
4892,886,88,14,1.68
4893,886,83,185,29.37
4894,887,19,40,3.64
4895,887,71,124,4.15
4896,887,72,81,13.07
4897,887,27,102,32.72
4898,888,65,127,10.76
4899,888,88,176,35.67
4900,888,64,22,4.94
4901,888,25,174,38.61
4902,888,83,183,1.5
4903,888,68,115,31.97
4904,889,58,43,23.3
4905,889,52,184,13.29
4906,889,25,59,18.99
4907,889,15,81,36.49
4908,889,83,21,37.04
4909,889,81,189,14.61
4910,890,9,16,37.14
4911,890,48,93,26.14
4912,890,85,21,1.94
4913,890,20,133,34.33
4914,890,23,196,5.56
4915,890,40,57,13.13
4916,890,85,59,5.24
4917,891,74,187,31.77
4918,891,28,111,21.4
4919,891,81,187,3.93
4920,891,22,18,8.34
4921,892,20,142,31.13
4922,892,23,194,1.56
4923,892,83,57,23.24
4924,892,81,134,31.47
4925,892,45,42,28.91
4926,893,19,53,6.46
4927,893,89,123,9.46
4928,893,79,58,35.8
4929,893,78,165,7.39
4930,894,89,66,31.38
4931,894,29,43,9.45
4932,894,55,32,20.54
4933,894,5,130,16.19
4934,894,7,151,39.06
4935,894,6,140,7.9
4936,894,78,137,31.62
4937,894,16,139,32.37
4938,895,2,135,5.42
4939,895,51,35,14.49
4940,895,71,66,35.77
4941,896,12,136,26.82
4942,896,81,121,36.96
4943,896,34,146,34.45
4944,896,52,132,8.41
4945,896,57,77,5.68
4946,896,27,65,39.3
4947,896,20,46,38.12
4948,896,66,14,25.57
4949,897,45,153,39.62
4950,897,73,49,28.84
4951,897,86,185,25.44
4952,897,24,55,29.5
4953,898,24,168,39.72
4954,898,44,64,15.18
4955,898,7,109,10.07
4956,898,82,194,19.41
4957,898,32,27,34.28
4958,898,15,146,2.69
4959,899,14,70,0.75
4960,899,86,90,9.55
4961,899,72,88,31.0
4962,899,84,153,13.3
4963,899,2,178,3.33
4964,900,8,140,31.49
4965,900,85,112,9.55
4966,900,61,178,14.93
4967,900,9,90,29.35
4968,900,61,21,14.78
4969,900,33,155,3.37
4970,900,23,170,26.56
4971,900,48,32,17.41
4972,901,87,97,13.53
4973,901,35,14,23.0
4974,901,86,33,23.26
4975,901,49,161,39.4
4976,901,76,92,18.31
4977,901,64,101,32.29
4978,901,8,132,32.24
4979,902,56,50,26.83
4980,902,10,169,34.74
4981,902,64,34,5.87
4982,902,85,32,6.41
4983,903,56,168,16.44
4984,903,69,155,26.07
4985,903,52,19,22.87
4986,903,67,131,9.02
4987,903,22,119,19.88
4988,903,62,69,3.66
4989,903,78,57,5.71
4990,903,84,109,27.16
4991,904,74,145,21.62
4992,904,61,176,22.02
4993,904,46,70,33.71
4994,904,27,171,27.56
4995,904,90,187,12.7
4996,904,15,164,4.12
4997,904,49,94,12.7
4998,904,4,141,27.05
4999,905,30,41,6.22
5000,905,21,40,23.65
5001,905,46,16,31.1
5002,905,63,106,11.26
5003,906,62,11,28.58
5004,906,1,45,17.12
5005,906,72,128,16.13
5006,906,40,149,26.78
5007,906,56,137,16.34
5008,907,12,117,32.74
5009,907,50,98,17.35
5010,907,5,75,34.39
5011,907,5,15,16.56
5012,907,46,90,28.11
5013,908,50,79,22.82
5014,908,79,57,38.53
5015,908,57,30,4.84
5016,908,82,154,26.18
5017,908,18,155,27.99
5018,908,29,92,8.63
5019,908,89,104,23.95
5020,909,15,51,21.4
5021,909,60,115,27.14
5022,909,55,86,9.77
5023,909,11,90,24.76
5024,909,68,168,34.07
5025,910,51,99,36.94
5026,910,53,178,17.67
5027,910,39,94,30.27
5028,910,38,200,9.25
5029,910,33,28,31.77
5030,910,40,166,5.29
5031,910,73,164,23.77
5032,911,75,125,11.76
5033,911,74,79,35.14
5034,911,34,14,21.27
5035,911,87,178,28.13
5036,911,22,47,9.37
5037,912,17,164,29.06
5038,912,28,157,26.93
5039,912,69,174,30.94
5040,912,67,159,34.4
5041,912,35,35,10.34
5042,912,14,12,39.91
5043,913,89,54,5.05
5044,913,62,21,19.42
5045,913,39,142,14.24
5046,914,44,130,32.11
5047,914,17,42,1.97
5048,914,2,20,12.42
5049,914,73,120,34.01
5050,914,49,26,6.36
5051,915,19,198,35.05
5052,915,14,44,31.26
5053,915,27,197,34.62
5054,916,68,190,24.0
5055,916,25,94,23.5
5056,916,81,183,33.66
5057,916,1,152,37.63
5058,916,11,156,24.57
5059,917,39,58,10.75
5060,917,42,111,15.82
5061,917,11,28,9.3
5062,917,70,150,15.15
5063,917,27,85,35.66
5064,917,25,114,6.72
5065,917,86,199,5.86
5066,918,38,56,10.97
5067,918,27,177,4.76
5068,918,39,69,26.7
5069,918,75,116,20.43
5070,918,89,182,32.14
5071,918,51,148,33.33
5072,919,19,155,34.48
5073,919,49,159,38.39
5074,919,20,177,4.04
5075,919,85,134,17.81
5076,919,37,26,18.9
5077,919,25,19,12.43
5078,919,41,24,6.63
5079,919,69,103,37.92
5080,920,51,96,7.66
5081,920,44,196,34.95
5082,920,21,60,8.44
5083,920,67,49,25.13
5084,920,30,12,5.88
5085,920,18,94,16.35
5086,921,30,15,9.17
5087,921,33,114,19.0
5088,921,9,197,27.84
5089,922,2,122,34.31
5090,922,19,132,24.58
5091,922,45,90,10.34
5092,922,8,54,11.48
5093,922,48,63,2.71
5094,923,75,152,30.9
5095,923,63,53,9.78
5096,923,28,79,28.81
5097,923,17,21,5.52
5098,923,38,127,3.19
5099,923,75,199,31.99
5100,923,3,33,18.44
5101,923,21,51,26.65
5102,924,8,122,32.67
5103,924,53,76,26.59
5104,924,70,128,29.32
5105,924,14,131,25.87
5106,924,89,136,13.18
5107,925,77,56,37.06
5108,925,7,108,14.71
5109,925,70,68,21.7
5110,925,57,49,31.65
5111,925,61,171,6.36
5112,925,65,26,7.61
5113,925,41,163,2.08
5114,926,51,146,11.63
5115,926,33,139,29.13
5116,926,19,73,19.68
5117,926,81,58,18.33
5118,926,10,57,4.44
5119,926,11,32,39.18
5120,927,6,70,28.03
5121,927,89,151,16.93
5122,927,79,22,26.95
5123,927,10,126,34.27
5124,927,63,84,27.9
5125,927,81,67,24.13
5126,927,46,36,23.72
5127,928,46,55,24.13
5128,928,15,136,4.53
5129,928,23,46,36.26
5130,928,50,75,10.37
5131,928,72,126,7.68
5132,928,3,102,34.36
5133,928,20,46,4.96
5134,928,23,106,27.33
5135,929,25,199,29.57
5136,929,89,148,32.75
5137,929,26,84,12.13
5138,929,57,14,12.54
5139,930,75,94,0.96
5140,930,60,15,32.28
5141,930,2,105,24.75
5142,930,49,139,27.53
5143,930,10,166,30.76
5144,930,41,58,31.63
5145,930,58,137,10.67
5146,931,85,63,6.82
5147,931,77,199,13.0
5148,931,30,78,7.81
5149,931,64,131,13.1
5150,931,22,50,36.53
5151,931,73,49,1.19
5152,931,11,112,14.3
5153,931,11,46,32.48
5154,932,21,48,23.9
5155,932,15,28,13.24
5156,932,53,65,2.16
5157,932,76,91,12.97
5158,932,86,189,23.47
5159,932,30,121,10.15
5160,932,86,194,32.59
5161,933,24,20,17.54
5162,933,10,95,26.7
5163,933,80,141,1.57
5164,933,86,151,13.92
5165,933,25,62,29.09
5166,933,29,177,21.76
5167,933,6,21,11.27
5168,933,69,67,28.32
5169,934,20,34,38.02
5170,934,23,29,15.2
5171,934,38,140,26.68
5172,934,15,192,15.21
5173,935,54,147,20.23
5174,935,52,86,35.8
5175,935,14,159,4.83
5176,935,42,77,22.47
5177,935,8,109,12.72
5178,935,40,44,33.57
5179,935,87,10,2.18
5180,936,57,173,21.21
5181,936,32,90,21.07
5182,936,50,173,16.37
5183,936,52,89,31.12
5184,936,16,162,17.7
5185,936,17,65,12.2
5186,937,56,47,7.57
5187,937,25,56,1.18
5188,937,89,26,2.3
5189,937,21,166,10.49
5190,937,28,38,11.62
5191,937,63,140,36.72
5192,937,73,189,34.7
5193,937,12,130,34.58
5194,938,79,162,39.08
5195,938,36,157,27.78
5196,938,13,176,6.85
5197,938,90,60,4.88
5198,938,71,15,2.75
5199,938,56,118,16.69
5200,938,89,200,7.14
5201,939,26,51,21.8
5202,939,25,149,16.14
5203,939,13,10,13.21
5204,939,6,93,32.48
5205,939,35,72,35.51
5206,940,71,186,6.89
5207,940,54,167,7.25
5208,940,73,166,2.97
5209,940,58,111,21.59
5210,940,56,51,32.99
5211,941,23,152,39.72
5212,941,27,138,24.57
5213,941,50,182,31.69
5214,941,27,64,32.68
5215,942,44,172,5.0
5216,942,81,148,36.57
5217,942,52,55,16.21
5218,942,14,73,17.65
5219,942,40,37,0.53
5220,942,10,58,6.62
5221,942,65,50,8.44
5222,943,87,148,34.04
5223,943,29,99,35.96
5224,943,60,198,24.2
5225,944,90,15,16.54
5226,944,62,136,15.73
5227,944,84,21,17.19
5228,944,81,195,15.12
5229,944,75,52,0.75
5230,945,35,73,30.93
5231,945,80,42,18.95
5232,945,57,114,5.11
5233,945,65,187,4.87
5234,945,76,117,23.39
5235,945,69,174,10.25
5236,945,89,86,14.32
5237,945,64,55,29.51
5238,946,51,106,15.06
5239,946,52,146,15.69
5240,946,22,166,34.86
5241,946,74,34,5.97
5242,946,58,62,12.67
5243,946,65,161,22.84
5244,946,21,97,13.38
5245,946,78,79,27.01
5246,947,39,44,23.38
5247,947,78,15,18.08
5248,947,81,131,6.14
5249,947,80,115,17.21
5250,947,39,26,30.7
5251,947,74,168,16.16
5252,947,3,153,0.65
5253,947,77,127,12.63
5254,948,80,156,11.73
5255,948,36,29,38.17
5256,948,25,165,32.18
5257,948,39,38,16.73
5258,948,32,83,33.64
5259,948,67,171,14.06
5260,948,52,197,23.47
5261,948,69,37,39.89
5262,949,34,84,12.98
5263,949,78,52,26.68
5264,949,66,110,35.1
5265,950,21,112,6.01
5266,950,59,20,16.17
5267,950,38,151,24.27
5268,951,69,74,14.66
5269,951,14,66,0.52
5270,951,70,156,22.44
5271,951,86,20,13.53
5272,951,40,180,32.68
5273,952,14,151,14.23
5274,952,31,13,6.4
5275,952,58,104,36.65
5276,952,7,10,8.91
5277,952,87,98,28.95
5278,953,27,14,36.49
5279,953,46,109,12.06
5280,953,72,76,30.81
5281,953,25,122,39.16
5282,953,86,85,17.56
5283,953,73,23,20.35
5284,953,62,194,36.53
5285,953,84,40,21.47
5286,954,15,171,30.13
5287,954,55,105,35.6
5288,954,16,22,9.62
5289,955,77,162,37.56
5290,955,51,133,11.33
5291,955,44,118,22.57
5292,955,52,105,7.01
5293,956,15,92,36.45
5294,956,79,162,17.73
5295,956,62,45,12.96
5296,956,55,55,7.78
5297,957,31,65,37.31
5298,957,83,178,12.15
5299,957,4,76,20.21
5300,957,62,109,12.49
5301,957,37,185,31.53
5302,958,56,93,7.24
5303,958,30,146,9.4
5304,958,1,135,33.3
5305,958,18,83,13.65
5306,958,45,65,4.51
5307,958,90,162,2.73
5308,958,32,110,5.55
5309,959,61,70,36.96
5310,959,82,46,25.52
5311,959,60,136,6.7
5312,959,35,147,25.88
5313,959,32,168,14.19
5314,959,42,192,27.17
5315,959,71,93,7.25
5316,959,75,181,12.56
5317,960,52,39,39.11
5318,960,42,135,15.05
5319,960,11,124,3.13
5320,961,82,22,14.85
5321,961,77,33,10.7
5322,961,59,88,11.14
5323,961,30,103,25.73
5324,961,46,46,12.25
5325,961,68,197,29.86
5326,961,38,38,33.41
5327,962,39,189,32.33
5328,962,74,127,8.38
5329,962,38,164,8.53
5330,962,43,69,19.79
5331,962,69,17,9.28
5332,962,16,145,9.1
5333,962,11,27,27.69
5334,963,24,119,37.49
5335,963,66,131,20.49
5336,963,23,152,3.2
5337,963,23,132,21.96
5338,963,26,12,11.77
5339,963,72,121,7.77
5340,963,88,26,12.88
5341,964,42,179,8.9
5342,964,42,196,9.44
5343,964,66,22,4.51
5344,964,73,37,14.57
5345,964,88,132,7.93
5346,964,36,107,20.11
5347,965,76,111,23.76
5348,965,9,89,9.37
5349,965,51,44,23.71
5350,965,74,75,35.6
5351,966,79,160,23.22
5352,966,4,186,1.96
5353,966,7,146,24.03
5354,967,3,146,36.28
5355,967,88,191,13.95
5356,967,13,190,3.86
5357,967,77,114,26.71
5358,967,38,83,7.22
5359,967,38,109,11.44
5360,967,66,142,12.25
5361,968,48,122,7.24
5362,968,48,135,13.48
5363,968,74,99,30.29
5364,968,17,142,29.8
5365,968,76,23,7.58
5366,968,10,122,29.94
5367,968,60,197,21.78
5368,969,68,148,7.91
5369,969,78,125,36.0
5370,969,60,13,37.09
5371,969,75,145,12.32
5372,969,34,94,32.53
5373,970,64,50,21.16
5374,970,51,143,4.64
5375,970,24,195,9.1
5376,970,4,63,21.36
5377,970,44,121,34.03
5378,970,15,30,23.34
5379,971,44,157,0.95
5380,971,3,198,31.9
5381,971,85,194,23.13
5382,971,22,36,18.09
5383,971,74,22,15.13
5384,972,75,63,9.23
5385,972,48,32,25.31
5386,972,85,90,29.91
5387,972,69,15,30.3
5388,972,60,13,30.87
5389,972,86,91,8.21
5390,973,74,71,31.6
5391,973,11,12,10.32
5392,973,69,42,34.19
5393,974,41,99,5.29
5394,974,55,20,23.17
5395,974,89,145,13.46
5396,974,69,35,34.3
5397,974,16,20,11.69
5398,974,8,44,12.32
5399,974,60,62,16.32
5400,974,44,188,31.91
5401,975,52,45,36.64
5402,975,11,65,27.76
5403,975,66,194,24.18
5404,975,73,72,8.75
5405,975,31,168,2.88
5406,975,1,170,13.69
5407,976,47,172,38.25
5408,976,58,180,10.23
5409,976,84,95,34.5
5410,977,24,101,14.2
5411,977,15,35,15.5
5412,977,32,110,38.28
5413,977,79,20,26.57
5414,977,66,71,19.13
5415,977,24,126,1.61
5416,977,21,149,23.98
5417,978,32,85,7.5
5418,978,11,106,32.39
5419,978,33,27,32.77
5420,978,88,115,3.52
5421,978,14,169,39.97
5422,979,69,172,36.8
5423,979,53,77,2.19
5424,979,48,41,1.98
5425,979,86,153,22.1
5426,979,18,135,39.22
5427,980,54,63,17.18
5428,980,66,36,10.9
5429,980,34,183,11.19
5430,980,15,145,30.32
5431,980,30,161,13.02
5432,980,28,15,23.23
5433,981,64,112,10.78
5434,981,85,165,25.25
5435,981,89,10,23.0
5436,981,23,139,21.69
5437,981,36,167,20.61
5438,981,35,91,30.3
5439,982,69,126,5.86
5440,982,63,41,18.41
5441,982,26,15,25.85
5442,982,55,151,38.41
5443,982,16,37,30.42
5444,983,40,63,23.83
5445,983,67,26,20.54
5446,983,27,150,19.06
5447,983,84,101,38.49
5448,984,52,82,30.56
5449,984,58,13,33.26
5450,984,13,69,28.84
5451,984,78,13,25.1
5452,985,82,117,38.79
5453,985,24,149,5.54
5454,985,18,99,10.95
5455,985,22,20,36.99
5456,985,9,177,33.97
5457,985,30,31,24.64
5458,985,84,101,18.28
5459,986,9,15,2.74
5460,986,89,136,27.73
5461,986,35,35,22.82
5462,986,21,79,15.16
5463,986,31,151,25.91
5464,987,79,89,4.4
5465,987,82,46,6.2
5466,987,36,149,38.11
5467,987,4,160,29.34
5468,987,72,131,6.47
5469,987,50,75,34.69
5470,987,74,114,8.59
5471,987,23,105,3.59
5472,988,24,84,1.05
5473,988,89,175,27.1
5474,988,23,117,4.44
5475,988,69,169,2.54
5476,989,56,35,27.66
5477,989,28,22,19.26
5478,989,20,149,16.27
5479,989,89,177,7.21
5480,989,20,18,1.76
5481,989,43,70,15.94
5482,989,54,194,5.85
5483,990,70,159,1.73
5484,990,44,129,19.29
5485,990,41,17,2.87
5486,990,64,72,5.89
5487,990,73,13,1.53
5488,990,60,65,24.81
5489,991,58,53,6.83
5490,991,14,62,21.85
5491,991,49,154,2.13
5492,991,66,130,35.44
5493,991,84,109,20.08
5494,991,24,40,1.49
5495,991,33,90,34.87
5496,991,36,200,16.6
5497,992,22,150,32.41
5498,992,9,131,33.45
5499,992,59,75,12.6
5500,992,53,23,39.34
5501,992,19,67,30.5
5502,992,38,43,7.75
5503,992,19,33,26.09
5504,993,28,160,11.16
5505,993,11,46,38.2
5506,993,86,196,1.17
5507,993,35,88,29.81
5508,994,49,167,1.39
5509,994,87,56,17.12
5510,994,81,100,12.97
5511,994,29,43,19.08
5512,995,39,194,22.51
5513,995,87,44,11.18
5514,995,45,187,14.68
5515,995,70,99,4.92
5516,995,5,43,4.68
5517,995,74,180,4.86
5518,995,69,158,36.93
5519,996,52,189,11.78
5520,996,78,147,35.45
5521,996,33,132,22.46
5522,996,66,182,17.14
5523,996,28,128,15.49
5524,996,8,12,20.26
5525,996,35,89,18.52
5526,997,85,152,39.07
5527,997,73,38,23.09
5528,997,63,84,24.98
5529,997,73,43,3.89
5530,997,39,21,2.49
5531,997,74,198,29.18
5532,998,78,196,25.2
5533,998,26,93,39.2
5534,998,36,148,11.13
5535,998,56,79,18.24
5536,998,6,139,6.73
5537,998,29,156,38.64
5538,999,24,47,28.72
5539,999,2,53,3.1
5540,999,22,61,29.87
5541,999,63,185,37.58
5542,999,19,13,14.69
5543,999,43,10,35.21
5544,1000,3,150,21.0
5545,1000,32,84,29.88
5546,1000,52,126,9.95
5547,1001,67,143,23.08
5548,1001,73,33,5.29
5549,1001,16,113,32.03
5550,1002,73,199,25.3
5551,1002,31,45,27.58
5552,1002,26,126,29.82
5553,1002,75,182,21.51
5554,1002,74,196,18.66
5555,1002,80,21,15.83
5556,1003,70,31,37.74
5557,1003,71,118,19.46
5558,1003,34,109,10.18
5559,1003,7,15,36.89
5560,1003,76,141,11.45
5561,1004,13,195,33.48
5562,1004,58,31,37.22
5563,1004,67,31,13.07
5564,1005,34,94,20.3
5565,1005,74,89,6.43
5566,1005,3,58,25.62
5567,1005,86,13,3.2
5568,1005,27,92,30.62
5569,1005,36,115,16.74
5570,1005,58,92,15.31
5571,1005,74,165,24.09
5572,1006,56,123,6.36
5573,1006,7,34,2.81
5574,1006,18,78,35.31
5575,1006,3,45,28.4
5576,1006,70,33,27.7
5577,1006,20,45,26.28
5578,1007,20,110,6.06
5579,1007,68,98,20.28
5580,1007,9,137,10.85
5581,1008,30,101,25.67
5582,1008,25,115,12.81
5583,1008,29,98,39.83
5584,1008,3,12,12.14
5585,1008,21,168,4.24
5586,1008,72,45,22.29
5587,1009,54,27,25.32
5588,1009,81,93,14.17
5589,1009,3,83,26.79
5590,1009,51,39,35.39
5591,1009,8,128,24.26
5592,1009,29,24,10.95
5593,1009,53,16,2.62
5594,1009,17,153,10.07
5595,1010,12,195,35.22
5596,1010,23,61,39.35
5597,1010,17,155,29.53
5598,1011,17,17,26.37
5599,1011,34,146,28.76
5600,1011,2,137,29.55
5601,1012,34,89,15.58
5602,1012,6,88,26.38
5603,1012,19,122,17.05
5604,1012,29,172,12.34
5605,1013,31,11,14.96
5606,1013,81,62,38.58
5607,1013,40,135,33.89
5608,1013,34,70,14.31
5609,1013,54,31,19.9
5610,1014,41,35,30.1
5611,1014,17,127,26.89
5612,1014,24,110,18.4
5613,1014,1,140,15.98
5614,1015,90,112,38.13
5615,1015,17,80,39.35
5616,1015,80,123,35.41
5617,1015,53,149,17.96
5618,1015,35,169,12.09
5619,1016,21,158,2.87
5620,1016,27,102,1.09
5621,1016,53,37,32.35
5622,1016,39,138,22.84
5623,1016,39,47,5.46
5624,1016,41,79,32.56
5625,1016,40,23,12.64
5626,1016,54,199,30.28
5627,1017,12,96,31.73
5628,1017,56,74,24.38
5629,1017,46,51,14.6
5630,1017,74,54,1.18
5631,1018,83,32,30.77
5632,1018,13,181,28.56
5633,1018,64,60,22.09
5634,1018,11,145,6.3
5635,1018,32,10,34.36
5636,1019,44,183,23.68
5637,1019,37,138,35.04
5638,1019,65,55,29.1
5639,1019,68,142,11.45
5640,1020,52,76,34.71
5641,1020,3,98,33.95
5642,1020,13,21,7.68
5643,1020,21,104,12.78
5644,1020,85,81,3.75
5645,1020,24,73,34.6
5646,1021,40,166,29.89
5647,1021,68,118,0.67
5648,1021,31,137,6.12
5649,1022,26,51,2.97
5650,1022,90,61,4.65
5651,1022,58,150,33.21
5652,1023,12,80,1.78
5653,1023,2,63,12.26
5654,1023,61,39,10.01
5655,1024,60,176,22.41
5656,1024,6,36,35.44
5657,1024,50,49,30.54
5658,1024,46,185,28.75
5659,1024,7,194,20.54
5660,1024,13,158,26.1
5661,1024,82,129,32.95
5662,1025,81,40,3.54
5663,1025,57,97,9.33
5664,1025,68,52,28.39
5665,1026,68,183,34.76
5666,1026,57,143,29.91
5667,1026,61,45,31.29
5668,1026,77,24,28.74
5669,1026,60,38,37.85
5670,1026,14,119,1.59
5671,1026,89,141,4.89
5672,1027,26,183,24.03
5673,1027,76,172,39.52
5674,1027,33,133,19.87
5675,1027,16,147,8.32
5676,1028,58,117,22.61
5677,1028,14,11,7.69
5678,1028,37,150,1.09
5679,1029,65,18,1.08
5680,1029,84,75,26.93
5681,1029,38,59,32.04
5682,1029,18,64,35.12
5683,1029,24,51,38.83
5684,1029,16,110,23.61
5685,1030,46,126,10.75
5686,1030,86,130,1.29
5687,1030,57,184,27.46
5688,1030,9,121,24.98
5689,1030,16,72,23.33
5690,1030,47,188,30.07
5691,1030,19,32,13.21
5692,1031,19,109,3.37
5693,1031,62,12,9.09
5694,1031,47,21,39.18
5695,1031,84,143,30.79
5696,1031,21,82,34.02
5697,1032,18,83,21.9
5698,1032,38,138,3.11
5699,1032,4,12,12.41
5700,1032,14,199,17.29
5701,1032,10,13,13.0
5702,1032,30,21,6.32
5703,1032,48,28,15.39
5704,1033,38,113,28.66
5705,1033,32,69,26.88
5706,1033,79,94,9.69
5707,1033,71,33,4.19
5708,1033,42,14,32.9
5709,1033,36,137,17.11
5710,1033,20,135,20.47
5711,1033,75,118,34.29
5712,1034,71,96,13.18
5713,1034,15,45,22.07
5714,1034,10,124,36.35
5715,1034,43,35,5.79
5716,1035,13,97,14.81
5717,1035,20,106,34.24
5718,1035,82,21,30.62
5719,1035,77,128,6.85
5720,1035,50,14,6.56
5721,1035,38,121,30.46
5722,1035,48,81,17.2
5723,1036,46,26,17.94
5724,1036,4,127,8.54
5725,1036,65,128,5.34
5726,1037,62,146,39.8
5727,1037,30,133,26.75
5728,1037,8,65,4.36
5729,1037,41,88,39.16
5730,1037,68,14,31.16
5731,1037,57,85,32.94
5732,1037,39,138,33.94
5733,1037,59,181,7.65
5734,1038,34,110,27.57
5735,1038,52,47,35.79
5736,1038,24,152,20.89
5737,1038,39,21,18.22
5738,1038,55,74,5.88
5739,1039,27,46,19.39
5740,1039,9,190,8.66
5741,1039,44,63,29.2
5742,1039,52,131,16.99
5743,1039,18,101,24.35
5744,1039,28,145,17.53
5745,1039,65,131,24.49
5746,1039,53,181,27.92
5747,1040,76,183,9.73
5748,1040,8,187,13.72
5749,1040,48,70,10.76
5750,1040,45,16,27.65
5751,1040,78,47,19.23
5752,1040,74,117,29.82
5753,1041,33,12,12.91
5754,1041,88,177,29.65
5755,1041,53,125,2.78
5756,1041,61,138,24.02
5757,1041,60,137,28.57
5758,1041,45,75,6.77
5759,1042,68,76,6.31
5760,1042,24,132,8.8
5761,1042,52,43,18.49
5762,1042,27,56,2.86
5763,1043,14,37,30.58
5764,1043,60,104,26.22
5765,1043,63,119,24.47
5766,1043,63,37,17.21
5767,1043,8,85,6.73
5768,1043,70,105,5.0
5769,1044,71,69,1.78
5770,1044,23,36,33.5
5771,1044,75,12,8.69
5772,1044,23,57,1.67
5773,1044,24,115,39.8
5774,1044,73,150,1.05
5775,1044,35,57,27.31
5776,1045,55,149,1.5
5777,1045,10,125,18.85
5778,1045,3,65,32.35
5779,1046,6,97,27.57
5780,1046,5,84,23.54
5781,1046,27,57,16.82
5782,1046,59,56,10.53
5783,1046,36,106,23.31
5784,1046,15,122,6.82
5785,1047,31,152,0.71
5786,1047,29,154,1.78
5787,1047,51,93,10.77
5788,1047,21,99,24.82
5789,1047,79,150,13.34
5790,1047,90,164,9.15
5791,1048,90,50,39.66
5792,1048,64,56,21.87
5793,1048,12,50,35.84
5794,1048,16,109,9.28
5795,1048,84,22,12.29
5796,1048,73,119,2.85
5797,1049,51,175,13.58
5798,1049,22,126,34.59
5799,1049,71,174,12.5
5800,1049,27,160,19.83
5801,1049,80,170,23.66
5802,1049,3,125,29.05
5803,1050,1,117,30.05
5804,1050,47,115,33.94
5805,1050,3,53,2.26
5806,1050,2,180,28.74
5807,1050,14,154,38.41
5808,1051,24,29,36.21
5809,1051,39,70,24.98
5810,1051,36,76,21.92
5811,1051,5,159,9.39
5812,1052,27,54,0.76
5813,1052,22,72,14.62
5814,1052,6,49,32.48
5815,1052,84,94,14.09
5816,1053,37,94,31.95
5817,1053,88,18,9.43
5818,1053,52,158,20.42
5819,1053,71,153,11.75
5820,1053,27,169,8.15
5821,1054,32,110,36.81
5822,1054,76,119,5.72
5823,1054,69,16,14.2
5824,1054,69,175,9.6
5825,1054,17,78,30.23
5826,1055,43,163,16.02
5827,1055,79,163,24.78
5828,1055,8,40,6.13
5829,1055,64,112,8.32
5830,1055,62,127,12.71
5831,1055,48,81,6.82
5832,1056,35,174,4.17
5833,1056,27,124,14.0
5834,1056,13,160,5.73
5835,1056,51,124,3.5
5836,1056,30,35,19.52
5837,1056,30,194,16.33
5838,1056,55,80,19.2
5839,1057,52,74,15.63
5840,1057,19,189,1.5
5841,1057,80,118,5.26
5842,1057,30,16,0.68
5843,1057,76,50,26.56
5844,1057,69,78,12.96
5845,1057,18,79,2.91
5846,1057,22,190,4.68
5847,1058,46,12,13.05
5848,1058,35,63,28.93
5849,1058,18,35,23.48
5850,1058,14,86,9.89
5851,1058,7,142,34.13
5852,1059,18,76,18.91
5853,1059,17,105,27.85
5854,1059,33,43,6.56
5855,1059,12,138,22.04
5856,1059,33,170,32.02
5857,1059,42,189,37.3
5858,1059,15,161,7.62
5859,1059,1,87,30.98
5860,1060,64,172,15.6
5861,1060,74,60,38.48
5862,1060,31,53,23.76
5863,1060,72,120,14.49
5864,1060,46,168,37.74
5865,1060,22,97,18.96
5866,1061,36,24,35.4
5867,1061,43,172,20.39
5868,1061,46,198,21.33
5869,1061,25,199,21.89
5870,1061,42,189,17.77
5871,1061,62,44,16.48
5872,1062,51,133,5.45
5873,1062,75,53,14.82
5874,1062,28,173,35.06
5875,1062,48,30,31.54
5876,1062,51,53,22.44
5877,1063,14,146,7.74
5878,1063,85,172,16.53
5879,1063,39,124,7.3
5880,1064,83,13,4.08
5881,1064,22,51,10.2
5882,1064,36,32,11.86
5883,1064,74,54,23.96
5884,1065,22,187,18.01
5885,1065,18,114,16.24
5886,1065,34,97,33.21
5887,1065,7,158,14.77
5888,1065,25,57,3.14
5889,1065,37,175,2.05
5890,1066,11,157,9.17
5891,1066,48,61,21.78
5892,1066,23,44,6.83
5893,1067,29,107,34.16
5894,1067,89,21,17.08
5895,1067,3,145,6.17
5896,1067,63,178,1.97
5897,1067,52,81,16.31
5898,1067,88,117,33.32
5899,1067,8,131,39.04
5900,1068,68,192,37.61
5901,1068,2,13,23.11
5902,1068,30,128,7.35
5903,1068,35,118,4.06
5904,1069,87,38,8.62
5905,1069,26,115,5.03
5906,1069,83,168,10.73
5907,1069,12,121,12.34
5908,1070,45,80,36.05
5909,1070,37,39,36.66
5910,1070,26,127,7.56
5911,1070,61,178,35.84
5912,1070,67,102,19.33
5913,1070,54,18,17.17
5914,1071,38,56,25.14
5915,1071,6,81,35.26
5916,1071,9,131,13.45
5917,1071,44,35,20.71
5918,1071,57,15,39.92
5919,1071,64,168,24.81
5920,1071,25,54,12.34
5921,1072,72,66,18.09
5922,1072,35,78,3.57
5923,1072,64,53,9.15
5924,1072,45,119,31.35
5925,1072,26,138,33.04
5926,1073,2,52,14.68
5927,1073,38,147,15.1
5928,1073,29,106,33.76
5929,1073,18,117,22.6
5930,1073,6,81,27.68
5931,1073,23,60,20.87
5932,1073,35,26,26.29
5933,1074,65,96,25.22
5934,1074,41,133,29.81
5935,1074,35,54,4.11
5936,1074,36,70,13.19
5937,1075,75,66,19.34
5938,1075,10,77,27.04
5939,1075,7,88,19.8
5940,1076,29,126,20.45
5941,1076,67,77,11.39
5942,1076,59,23,16.15
5943,1076,49,31,21.92
5944,1076,58,176,38.54
5945,1077,54,129,5.69
5946,1077,50,69,16.46
5947,1077,9,104,26.54
5948,1077,89,32,21.02
5949,1077,67,165,23.06
5950,1078,90,52,23.29
5951,1078,15,12,31.19
5952,1078,40,95,2.12
5953,1078,59,176,33.73
5954,1078,72,108,1.31
5955,1078,31,103,16.77
5956,1079,30,190,10.3
5957,1079,35,118,23.89
5958,1079,32,64,1.57
5959,1080,28,15,32.79
5960,1080,61,189,31.76
5961,1080,16,150,37.35
5962,1080,24,198,7.74
5963,1080,53,131,36.49
5964,1080,83,81,31.16
5965,1080,79,14,30.96
5966,1080,58,140,26.06
5967,1081,43,183,24.11
5968,1081,6,109,19.09
5969,1081,27,156,16.88
5970,1081,39,184,32.62
5971,1081,90,141,27.9
5972,1081,65,133,39.5
5973,1081,4,199,33.83
5974,1082,82,87,23.05
5975,1082,18,40,27.93
5976,1082,8,77,26.09
5977,1082,72,118,30.72
5978,1082,10,149,34.64
5979,1082,88,195,17.99
5980,1082,53,110,8.63
5981,1082,8,27,16.39
5982,1083,25,158,23.46
5983,1083,66,167,3.66
5984,1083,73,147,37.25
5985,1083,63,40,22.69
5986,1083,54,189,13.25
5987,1083,27,69,18.81
5988,1084,55,88,24.62
5989,1084,22,113,23.7
5990,1084,21,17,8.65
5991,1084,90,161,21.65
5992,1084,86,70,38.91
5993,1084,12,182,30.96
5994,1084,42,87,27.64
5995,1085,37,101,31.12
5996,1085,79,117,18.26
5997,1085,49,163,7.6
5998,1086,1,104,10.71
5999,1086,78,145,6.92
6000,1086,35,69,22.68
6001,1086,66,200,31.14
6002,1087,19,187,27.29
6003,1087,10,129,29.12
6004,1087,15,116,19.12
6005,1087,1,108,25.54
6006,1087,83,79,26.7
6007,1087,87,39,14.08
6008,1087,83,145,23.41
6009,1087,7,36,15.49
6010,1088,66,33,13.48
6011,1088,26,124,31.1
6012,1088,15,131,2.65
6013,1088,77,49,16.78
6014,1088,39,20,18.13
6015,1088,7,62,1.73
6016,1088,81,148,1.74
6017,1088,82,26,18.44
6018,1089,77,116,22.24
6019,1089,84,85,33.4
6020,1089,68,93,30.21
6021,1089,4,179,34.1
6022,1090,85,158,38.65
6023,1090,73,57,25.84
6024,1090,60,171,11.39
6025,1090,10,117,21.82
6026,1090,55,161,27.57
6027,1090,77,108,34.41
6028,1090,22,130,16.54
6029,1091,18,14,9.98
6030,1091,16,126,2.74
6031,1091,23,117,8.19
6032,1091,34,81,11.14
6033,1091,42,162,15.57
6034,1091,84,57,25.86
6035,1091,43,143,27.38
6036,1092,23,12,29.56
6037,1092,38,179,37.25
6038,1092,19,86,6.91
6039,1093,3,159,4.06
6040,1093,20,67,18.61
6041,1093,32,12,7.71
6042,1093,35,155,18.33
6043,1093,8,73,24.6
6044,1093,84,124,0.53
6045,1093,38,72,15.33
6046,1094,46,100,9.28
6047,1094,55,75,20.3
6048,1094,11,189,21.55
6049,1095,87,14,38.85
6050,1095,52,189,11.24
6051,1095,66,149,6.3
6052,1095,46,193,23.01
6053,1095,64,73,20.95
6054,1096,20,60,38.45
6055,1096,30,119,2.02
6056,1096,52,128,24.37
6057,1096,80,145,16.61
6058,1096,75,28,5.61
6059,1096,75,89,22.89
6060,1097,7,75,7.85
6061,1097,68,109,7.79
6062,1097,53,154,24.99
6063,1097,2,108,16.97
6064,1098,25,98,15.39
6065,1098,76,163,26.46
6066,1098,20,160,36.64
6067,1098,78,197,22.15
6068,1099,72,141,18.83
6069,1099,64,125,24.63
6070,1099,48,121,0.99
6071,1099,16,73,10.56
6072,1099,23,22,21.17
6073,1099,33,165,32.62
6074,1100,68,200,7.99
6075,1100,77,31,6.61
6076,1100,17,113,0.89
6077,1100,1,27,11.94
6078,1100,7,177,39.17
6079,1100,90,129,37.23
6080,1100,19,167,29.11
6081,1101,84,179,9.46
6082,1101,5,82,29.38
6083,1101,73,28,9.1
6084,1101,16,14,8.56
6085,1101,74,136,13.2
6086,1101,82,149,19.07
6087,1101,5,161,24.71
6088,1101,56,174,13.43
6089,1102,86,188,5.85
6090,1102,2,94,25.03
6091,1102,84,48,2.7
6092,1102,24,69,13.8
6093,1102,30,17,23.02
6094,1102,63,119,17.41
6095,1102,14,169,37.76
6096,1102,72,168,16.33
6097,1103,48,112,21.59
6098,1103,1,31,19.22
6099,1103,47,72,25.3
6100,1103,1,124,24.82
6101,1103,53,35,37.49
6102,1103,56,156,13.66
6103,1103,62,49,30.43
6104,1103,84,197,25.86
6105,1104,32,88,19.88
6106,1104,16,191,6.95
6107,1104,29,28,26.44
6108,1104,62,179,24.94
6109,1104,52,34,1.0
6110,1105,83,53,3.39
6111,1105,45,25,9.42
6112,1105,12,157,30.59
6113,1105,23,21,6.29
6114,1106,26,142,19.63
6115,1106,27,127,2.09
6116,1106,39,197,7.76
6117,1106,38,89,11.36
6118,1106,58,83,22.22
6119,1106,1,79,19.99
6120,1106,4,123,30.12
6121,1107,41,26,36.96
6122,1107,1,187,33.56
6123,1107,53,92,3.51
6124,1107,78,28,31.56
6125,1108,62,187,9.94
6126,1108,85,52,34.62
6127,1108,76,98,3.6
6128,1109,5,164,32.65
6129,1109,72,100,20.6
6130,1109,45,98,22.01
6131,1109,11,196,29.6
6132,1109,13,92,35.86
6133,1110,80,110,26.93
6134,1110,32,164,26.82
6135,1110,51,22,26.04
6136,1110,61,10,2.5
6137,1110,2,160,10.21
6138,1110,2,193,12.8
6139,1110,40,40,21.81
6140,1110,3,73,24.37
6141,1111,70,16,27.4
6142,1111,76,107,16.05
6143,1111,21,199,29.39
6144,1112,71,112,27.54
6145,1112,36,170,38.9
6146,1112,3,178,18.07
6147,1112,70,13,6.49
6148,1112,42,50,24.52
6149,1112,44,33,38.85
6150,1112,49,82,27.84
6151,1113,31,97,28.97
6152,1113,17,61,2.69
6153,1113,25,164,39.43
6154,1113,39,77,34.08
6155,1113,65,139,36.05
6156,1113,56,134,2.18
6157,1113,78,152,19.58
6158,1113,6,162,7.14
6159,1114,89,171,35.49
6160,1114,37,66,3.62
6161,1114,26,184,34.32
6162,1114,19,109,15.45
6163,1114,13,95,21.72
6164,1114,71,96,22.65
6165,1114,44,51,32.11
6166,1115,77,177,16.43
6167,1115,38,126,32.05
6168,1115,87,50,6.3
6169,1116,1,131,19.36
6170,1116,35,103,28.59
6171,1116,38,132,29.19
6172,1116,8,146,27.32
6173,1116,87,45,36.78
6174,1116,26,30,18.03
6175,1116,9,84,15.92
6176,1116,10,168,23.11
6177,1117,63,109,39.91
6178,1117,17,114,7.6
6179,1117,42,189,30.48
6180,1117,49,10,14.85
6181,1117,2,45,30.09
6182,1117,10,199,21.62
6183,1118,72,124,0.73
6184,1118,50,142,16.35
6185,1118,43,23,16.04
6186,1118,6,111,16.13
6187,1118,56,12,15.15
6188,1118,17,197,21.47
6189,1119,2,169,22.03
6190,1119,16,12,34.45
6191,1119,76,21,23.9
6192,1119,22,25,32.32
6193,1119,31,173,1.64
6194,1120,34,96,6.74
6195,1120,26,127,30.4
6196,1120,73,129,28.0
6197,1120,47,69,34.37
6198,1120,74,176,33.06
6199,1120,51,20,2.46
6200,1120,69,120,2.2
6201,1121,85,92,10.68
6202,1121,35,171,23.83
6203,1121,18,21,13.1
6204,1121,72,164,11.62
6205,1121,37,94,9.39
6206,1122,72,40,28.88
6207,1122,77,109,14.24
6208,1122,45,145,8.85
6209,1122,37,94,16.23
6210,1122,52,50,34.74
6211,1122,77,185,15.15
6212,1122,16,136,24.85
6213,1122,7,90,28.13
6214,1123,14,117,33.69
6215,1123,40,148,17.21
6216,1123,58,12,12.21
6217,1123,82,49,30.43
6218,1123,52,14,5.68
6219,1123,46,26,14.96
6220,1124,26,184,0.67
6221,1124,57,68,27.34
6222,1124,82,33,17.21
6223,1124,13,90,17.22
6224,1124,45,144,17.88
6225,1125,33,87,3.46
6226,1125,32,161,13.39
6227,1125,57,155,10.98
6228,1125,49,77,29.41
6229,1126,41,187,37.59
6230,1126,60,159,2.65
6231,1126,59,41,23.12
6232,1126,11,174,37.33
6233,1126,82,157,21.49
6234,1126,56,200,37.5
6235,1126,52,158,8.98
6236,1126,43,109,35.46
6237,1127,78,136,10.92
6238,1127,86,153,18.67
6239,1127,71,11,15.28
6240,1127,60,22,30.99
6241,1127,32,200,27.92
6242,1128,34,72,34.29
6243,1128,83,35,22.76
6244,1128,21,16,24.34
6245,1128,56,135,10.05
6246,1128,25,46,27.76
6247,1128,78,188,19.42
6248,1128,88,44,8.81
6249,1129,24,153,36.9
6250,1129,42,71,30.64
6251,1129,51,127,15.35
6252,1130,22,122,19.2
6253,1130,31,169,37.36
6254,1130,21,67,28.98
6255,1130,44,176,6.06
6256,1130,18,71,27.6
6257,1131,89,10,3.08
6258,1131,79,58,9.5
6259,1131,23,142,11.52
6260,1131,18,64,38.48
6261,1131,64,178,3.29
6262,1132,2,182,19.59
6263,1132,42,31,13.47
6264,1132,35,186,14.01
6265,1132,50,24,36.64
6266,1132,57,92,17.74
6267,1132,89,165,25.08
6268,1132,26,151,38.4
6269,1133,51,82,39.39
6270,1133,28,182,6.61
6271,1133,56,170,29.13
6272,1133,20,42,19.96
6273,1133,60,129,9.12
6274,1133,10,116,35.52
6275,1133,65,189,38.42
6276,1133,51,112,37.18
6277,1134,27,152,14.78
6278,1134,31,106,32.0
6279,1134,43,167,12.87
6280,1135,81,83,3.85
6281,1135,5,173,19.18
6282,1135,39,196,2.62
6283,1135,64,79,1.23
6284,1136,22,119,18.41
6285,1136,18,105,22.98
6286,1136,1,120,33.3
6287,1136,2,20,10.18
6288,1136,52,58,32.29
6289,1136,85,101,25.55
6290,1136,52,77,37.86
6291,1137,41,162,19.69
6292,1137,76,63,4.63
6293,1137,28,160,28.11
6294,1137,74,183,19.63
6295,1137,74,148,28.47
6296,1138,77,190,20.49
6297,1138,5,160,29.73
6298,1138,41,90,1.06
6299,1138,37,162,28.24
6300,1138,85,63,6.15
6301,1139,28,42,5.71
6302,1139,29,161,10.66
6303,1139,49,35,5.67
6304,1139,21,193,22.15
6305,1139,69,176,3.45
6306,1140,44,68,10.43
6307,1140,1,189,3.39
6308,1140,88,125,17.76
6309,1140,90,51,5.93
6310,1140,25,161,38.9
6311,1140,39,137,12.36
6312,1140,82,51,13.97
6313,1141,63,26,33.97
6314,1141,65,144,6.08
6315,1141,17,62,18.28
6316,1141,83,149,26.13
6317,1141,8,94,26.46
6318,1141,38,27,15.82
6319,1141,7,108,28.05
6320,1141,26,188,29.07
6321,1142,40,129,30.03
6322,1142,74,163,21.69
6323,1142,35,110,1.47
6324,1142,87,93,20.85
6325,1142,88,123,25.13
6326,1142,73,109,8.12
6327,1143,57,49,8.45
6328,1143,16,22,33.66
6329,1143,8,156,35.26
6330,1143,54,31,15.68
6331,1143,17,11,4.41
6332,1143,42,101,36.08
6333,1143,58,185,20.51
6334,1144,67,112,13.24
6335,1144,46,136,14.41
6336,1144,23,75,19.08
6337,1144,36,11,0.77
6338,1144,50,144,18.13
6339,1144,67,116,32.43
6340,1144,17,84,27.49
6341,1144,46,28,16.88
6342,1145,20,54,35.73
6343,1145,39,76,3.21
6344,1145,66,160,24.66
6345,1146,26,145,16.56
6346,1146,69,119,1.17
6347,1146,30,91,32.91
6348,1146,6,196,3.01
6349,1147,6,169,12.28
6350,1147,35,49,36.69
6351,1147,66,174,16.74
6352,1147,23,21,31.99
6353,1148,79,198,21.62
6354,1148,4,165,31.19
6355,1148,36,27,8.9
6356,1148,86,158,0.98
6357,1148,56,173,3.12
6358,1148,78,131,24.06
6359,1148,74,134,5.83
6360,1149,35,38,8.78
6361,1149,50,166,11.18
6362,1149,2,86,13.05
6363,1149,6,128,8.58
6364,1149,49,186,19.94
6365,1149,66,13,23.13
6366,1149,64,173,25.75
6367,1150,3,96,23.59
6368,1150,81,150,2.28
6369,1150,85,120,0.54
6370,1150,79,74,11.18
6371,1150,84,21,32.16
6372,1150,12,100,36.5
6373,1150,77,45,13.62
6374,1150,36,166,33.74
6375,1151,20,20,9.48
6376,1151,73,200,17.88
6377,1151,59,130,11.79
6378,1151,56,127,14.82
6379,1151,47,39,26.42
6380,1152,35,185,21.15
6381,1152,21,61,0.65
6382,1152,67,195,5.6
6383,1152,78,91,31.57
6384,1152,67,111,28.01
6385,1152,36,37,23.04
6386,1152,21,72,26.04
6387,1152,29,53,38.86
6388,1153,71,106,28.8
6389,1153,36,52,18.64
6390,1153,62,84,37.16
6391,1153,27,35,34.05
6392,1153,57,59,28.14
6393,1153,50,113,7.68
6394,1153,76,64,26.46
6395,1153,83,184,3.91
6396,1154,60,148,20.28
6397,1154,38,47,35.51
6398,1154,47,97,22.74
6399,1155,20,70,5.77
6400,1155,19,66,26.32
6401,1155,16,125,25.17
6402,1155,75,16,39.24
6403,1155,22,68,19.13
6404,1155,74,24,1.92
6405,1156,70,170,25.69
6406,1156,8,181,35.6
6407,1156,36,129,39.39
6408,1156,75,92,28.28
6409,1156,10,170,31.75
6410,1156,54,137,12.9
6411,1156,26,161,21.23
6412,1156,70,148,25.16
6413,1157,27,128,20.81
6414,1157,46,159,3.06
6415,1157,64,164,2.79
6416,1157,75,87,15.1
6417,1157,78,192,25.27
6418,1157,22,113,33.16
6419,1157,27,139,10.91
6420,1157,66,123,16.74
6421,1158,88,132,16.24
6422,1158,20,70,23.95
6423,1158,88,37,7.63
6424,1159,12,150,35.2
6425,1159,70,35,6.61
6426,1159,73,175,31.67
6427,1159,67,174,15.79
6428,1159,84,35,20.67
6429,1159,18,16,26.13
6430,1159,63,11,36.66
6431,1159,50,193,30.54
6432,1160,59,160,5.71
6433,1160,62,47,23.78
6434,1160,19,109,22.35
6435,1161,66,179,37.22
6436,1161,56,179,12.5
6437,1161,59,21,10.08
6438,1161,41,21,17.12
6439,1161,42,127,20.69
6440,1161,53,142,31.43
6441,1161,29,58,13.86
6442,1161,89,124,1.02
6443,1162,13,53,33.67
6444,1162,85,65,4.46
6445,1162,43,97,25.47
6446,1162,88,91,17.88
6447,1162,5,101,5.52
6448,1162,12,144,19.4
6449,1162,78,182,35.15
6450,1162,29,142,11.32
6451,1163,48,140,21.73
6452,1163,14,29,12.8
6453,1163,40,133,38.06
6454,1163,84,189,4.54
6455,1163,20,68,39.12
6456,1164,52,147,39.62
6457,1164,15,93,25.3
6458,1164,51,146,24.27
6459,1164,5,159,25.74
6460,1165,7,46,9.67
6461,1165,39,170,11.05
6462,1165,55,141,12.03
6463,1165,53,131,23.19
6464,1165,38,16,36.64
6465,1165,30,118,29.16
6466,1165,55,86,32.67
6467,1166,79,91,19.45
6468,1166,64,139,26.65
6469,1166,16,100,23.5
6470,1166,64,103,18.39
6471,1167,57,69,4.63
6472,1167,51,153,31.07
6473,1167,27,191,1.99
6474,1167,73,32,13.59
6475,1167,48,190,26.64
6476,1167,83,51,39.84
6477,1167,30,68,7.41
6478,1167,12,106,34.25
6479,1168,33,147,10.27
6480,1168,56,109,1.45
6481,1168,60,63,12.35
6482,1168,50,130,28.51
6483,1168,50,55,29.22
6484,1168,45,200,25.47
6485,1168,46,149,11.7
6486,1168,11,170,19.74
6487,1169,57,10,13.8
6488,1169,21,52,3.54
6489,1169,86,34,16.48
6490,1170,30,86,33.59
6491,1170,86,132,15.77
6492,1170,8,190,23.84
6493,1171,37,16,29.57
6494,1171,17,161,32.51
6495,1171,17,147,16.5
6496,1171,86,173,39.88
6497,1171,26,17,32.57
6498,1171,55,172,14.24
6499,1172,24,39,22.53
6500,1172,25,116,15.4
6501,1172,59,41,24.19
6502,1172,49,116,16.85
6503,1172,10,10,6.01
6504,1172,41,110,36.65
6505,1172,36,54,32.55
6506,1172,5,44,31.84
6507,1173,79,160,22.0
6508,1173,10,63,29.15
6509,1173,55,151,9.22
6510,1173,54,134,14.64
6511,1173,3,34,19.24
6512,1174,20,172,12.52
6513,1174,52,40,11.34
6514,1174,4,167,6.99
6515,1174,32,99,2.98
6516,1174,39,111,36.36
6517,1175,49,23,4.85
6518,1175,50,73,19.84
6519,1175,17,107,9.12
6520,1175,73,159,31.4
6521,1176,82,95,14.56
6522,1176,21,173,7.72
6523,1176,88,122,15.34
6524,1176,34,33,12.3
6525,1176,6,16,9.05
6526,1176,71,92,0.6
6527,1176,23,200,32.16
6528,1177,37,184,10.6
6529,1177,71,112,19.5
6530,1177,24,146,36.47
6531,1177,30,156,0.53
6532,1177,61,71,38.29
6533,1178,49,197,29.69
6534,1178,11,105,27.62
6535,1178,38,158,33.26
6536,1178,20,101,4.17
6537,1178,34,188,31.38
6538,1179,76,91,8.94
6539,1179,18,186,0.82
6540,1179,2,159,13.23
6541,1179,32,122,20.07
6542,1179,56,118,4.24
6543,1179,25,23,28.09
6544,1180,13,195,28.02
6545,1180,62,72,3.89
6546,1180,27,159,3.83
6547,1181,56,133,21.63
6548,1181,22,171,4.6
6549,1181,2,134,32.04
6550,1181,10,150,18.52
6551,1182,68,91,17.22
6552,1182,17,94,30.56
6553,1182,7,114,25.87
6554,1182,84,10,6.14
6555,1182,55,158,26.43
6556,1182,32,194,3.35
6557,1182,34,55,28.42
6558,1182,26,13,16.47
6559,1183,24,138,17.55
6560,1183,43,175,27.81
6561,1183,43,188,1.25
6562,1184,37,199,4.28
6563,1184,38,49,1.58
6564,1184,53,132,1.95
6565,1184,41,29,10.62
6566,1185,13,112,17.26
6567,1185,32,62,34.03
6568,1185,67,46,5.58
6569,1186,41,69,34.83
6570,1186,76,43,7.78
6571,1186,23,22,15.21
6572,1187,85,199,24.75
6573,1187,6,29,5.0
6574,1187,27,75,21.6
6575,1188,30,174,7.39
6576,1188,24,142,15.46
6577,1188,15,64,6.75
6578,1188,77,75,13.75
6579,1189,17,65,12.52
6580,1189,65,112,12.29
6581,1189,39,166,17.99
6582,1189,1,54,10.92
6583,1189,66,120,17.46
6584,1190,75,101,10.28
6585,1190,59,172,26.97
6586,1190,81,72,11.43
6587,1190,74,150,25.66
6588,1190,47,55,25.06
6589,1190,30,101,16.49
6590,1190,12,95,27.69
6591,1190,50,113,15.15
6592,1191,63,109,38.44
6593,1191,48,73,34.96
6594,1191,66,25,24.97
6595,1191,54,116,12.36
6596,1191,35,131,31.42
6597,1192,75,188,15.15
6598,1192,37,123,31.21
6599,1192,35,110,17.65
6600,1192,41,180,9.72
6601,1192,27,153,23.43
6602,1192,89,189,37.07
6603,1193,32,49,11.94
6604,1193,50,136,36.99
6605,1193,20,86,4.58
6606,1193,61,30,6.69
6607,1193,59,175,28.06
6608,1193,54,60,29.93
6609,1193,71,67,13.3
6610,1193,28,178,11.82
6611,1194,55,73,26.92
6612,1194,4,115,31.5
6613,1194,51,197,21.77
6614,1194,38,154,19.08
6615,1194,82,70,24.83
6616,1194,70,178,3.55
6617,1194,13,100,34.49
6618,1194,87,138,3.79
6619,1195,26,187,18.75
6620,1195,4,72,1.41
6621,1195,27,131,5.67
6622,1195,8,130,27.8
6623,1195,1,34,11.32
6624,1195,79,118,32.67
6625,1195,71,192,1.25
6626,1195,18,108,29.41
6627,1196,16,83,16.23
6628,1196,26,161,30.84
6629,1196,57,111,7.77
6630,1196,83,81,33.61
6631,1197,90,85,14.11
6632,1197,52,62,36.73
6633,1197,25,163,4.8
6634,1197,18,159,34.49
6635,1197,76,171,36.02
6636,1197,2,65,16.12
6637,1198,11,180,4.84
6638,1198,83,115,28.25
6639,1198,50,193,12.04
6640,1198,59,32,25.01
6641,1198,58,182,1.51
6642,1198,88,150,9.36
6643,1198,43,66,24.2
6644,1198,5,36,38.26
6645,1199,4,39,16.35
6646,1199,32,155,24.26
6647,1199,75,18,30.58
6648,1199,11,59,9.44
6649,1199,35,79,9.01
6650,1199,86,117,33.41
6651,1199,85,62,38.3
6652,1200,6,154,22.05
6653,1200,89,77,4.0
6654,1200,8,28,34.67
6655,1200,64,163,9.05
6656,1200,10,74,36.39
6657,1201,37,158,26.35
6658,1201,76,179,26.48
6659,1201,4,22,34.01
6660,1202,68,153,33.32
6661,1202,54,116,37.07
6662,1202,52,149,39.97
6663,1202,10,168,24.29
6664,1203,26,76,20.33
6665,1203,43,87,22.36
6666,1203,20,25,8.78
6667,1204,90,132,22.84
6668,1204,86,34,19.68
6669,1204,76,35,8.61
6670,1205,42,133,4.41
6671,1205,90,32,31.73
6672,1205,15,62,35.14
6673,1206,18,87,36.3
6674,1206,86,11,6.88
6675,1206,67,152,32.22
6676,1207,17,146,18.65
6677,1207,81,86,13.03
6678,1207,63,188,3.47
6679,1208,66,104,19.89
6680,1208,38,119,7.91
6681,1208,10,71,22.39
6682,1208,11,19,36.76
6683,1208,64,87,24.78
6684,1208,15,178,39.44
6685,1209,32,174,6.49
6686,1209,45,82,35.14
6687,1209,10,191,9.88
6688,1209,43,65,13.59
6689,1210,24,109,3.12
6690,1210,71,74,32.66
6691,1210,44,52,39.93
6692,1210,23,177,20.13
6693,1210,40,29,0.58
6694,1210,82,103,11.68
6695,1210,9,191,18.93
6696,1210,70,162,28.34
6697,1211,55,109,24.38
6698,1211,65,155,39.29
6699,1211,77,66,39.26
6700,1211,4,104,4.69
6701,1211,81,189,29.35
6702,1212,52,63,14.94
6703,1212,65,85,35.52
6704,1212,24,124,25.71
6705,1212,12,126,6.66
6706,1212,52,44,30.54
6707,1212,47,113,14.99
6708,1212,34,107,35.02
6709,1212,61,15,26.7
6710,1213,29,11,39.48
6711,1213,49,140,26.11
6712,1213,54,56,10.8
6713,1214,1,173,39.23
6714,1214,53,114,21.89
6715,1214,8,182,11.24
6716,1215,19,11,19.13
6717,1215,22,59,20.31
6718,1215,15,41,14.37
6719,1215,85,51,6.03
6720,1215,19,151,6.35
6721,1215,23,152,6.62
6722,1215,2,147,11.47
6723,1216,25,101,40.0
6724,1216,76,162,12.24
6725,1216,1,79,4.14
6726,1216,71,78,18.37
6727,1216,15,68,15.23
6728,1216,14,190,5.06
6729,1216,32,98,26.85
6730,1217,19,52,30.76
6731,1217,68,161,5.68
6732,1217,1,121,11.93
6733,1217,82,189,37.47
6734,1217,47,135,22.48
6735,1217,6,163,30.49
6736,1218,70,14,34.13
6737,1218,4,86,4.54
6738,1218,37,192,37.76
6739,1218,32,87,3.55
6740,1219,13,177,10.87
6741,1219,61,152,16.69
6742,1219,59,83,29.44
6743,1219,81,42,22.25
6744,1219,23,31,25.84
6745,1219,87,152,37.09
6746,1219,29,15,15.73
6747,1220,30,128,22.55
6748,1220,15,180,6.26
6749,1220,29,179,25.01
6750,1220,57,74,37.28
6751,1220,31,194,16.4
6752,1220,74,13,13.1
6753,1220,43,151,13.26
6754,1220,45,136,31.48
6755,1221,3,149,30.5
6756,1221,24,157,35.84
6757,1221,1,117,24.31
6758,1221,56,155,25.69
6759,1221,89,86,14.69
6760,1221,20,143,24.51
6761,1221,70,119,1.08
6762,1221,9,196,2.41
6763,1222,30,125,30.37
6764,1222,48,123,35.8
6765,1222,11,112,13.07
6766,1222,57,116,4.18
6767,1223,76,151,2.81
6768,1223,46,66,25.58
6769,1223,66,81,8.18
6770,1223,52,167,24.74
6771,1223,82,166,34.03
6772,1224,64,56,13.26
6773,1224,2,146,11.64
6774,1224,24,71,29.89
6775,1224,33,54,8.9
6776,1224,66,11,30.79
6777,1224,36,30,18.45
6778,1225,43,97,10.24
6779,1225,51,163,4.77
6780,1225,69,96,12.96
6781,1225,37,159,37.16
6782,1225,50,54,33.45
6783,1225,73,106,1.09
6784,1225,36,52,15.07
6785,1225,8,71,39.87
6786,1226,44,182,24.19
6787,1226,46,56,37.27
6788,1226,11,92,25.78
6789,1226,18,144,15.78
6790,1226,6,81,1.3
6791,1226,18,164,17.69
6792,1226,24,186,24.88
6793,1227,63,85,38.08
6794,1227,77,45,33.25
6795,1227,4,87,3.94
6796,1228,46,185,10.01
6797,1228,23,113,15.61
6798,1228,27,131,34.41
6799,1229,46,18,38.86
6800,1229,16,69,23.66
6801,1229,65,21,12.43
6802,1229,46,11,7.81
6803,1230,75,22,4.7
6804,1230,31,174,10.12
6805,1230,48,168,9.41
6806,1230,78,134,3.85
6807,1230,8,10,2.8
6808,1230,3,57,28.49
6809,1230,83,97,17.5
6810,1230,49,47,7.78
6811,1231,64,26,20.81
6812,1231,48,100,38.81
6813,1231,40,10,29.22
6814,1231,75,169,32.57
6815,1231,19,68,0.52
6816,1231,45,196,32.25
6817,1231,28,44,29.84
6818,1231,11,108,26.21
6819,1232,37,94,15.39
6820,1232,57,197,11.87
6821,1232,32,123,1.01
6822,1233,26,183,24.76
6823,1233,14,30,26.97
6824,1233,64,119,38.78
6825,1233,55,97,2.81
6826,1233,23,178,19.1
6827,1234,74,50,22.37
6828,1234,90,175,13.19
6829,1234,71,24,16.57
6830,1235,17,72,3.24
6831,1235,15,110,19.4
6832,1235,71,184,37.13
6833,1235,4,108,25.35
6834,1236,43,72,5.85
6835,1236,26,185,19.71
6836,1236,70,101,23.64
6837,1236,10,45,15.45
6838,1237,66,104,16.86
6839,1237,64,31,3.78
6840,1237,20,165,12.81
6841,1237,3,20,1.64
6842,1237,32,126,33.29
6843,1237,32,155,30.22
6844,1237,73,188,6.37
6845,1237,32,189,28.04
6846,1238,45,163,26.52
6847,1238,65,107,15.51
6848,1238,27,42,38.85
6849,1238,69,192,10.69
6850,1238,63,178,22.37
6851,1238,88,137,16.8
6852,1239,68,45,2.13
6853,1239,13,80,26.86
6854,1239,4,109,32.25
6855,1239,21,189,17.4
6856,1240,29,104,3.01
6857,1240,19,134,7.73
6858,1240,36,90,37.75
6859,1240,29,73,19.82
6860,1240,47,182,15.99
6861,1240,50,167,19.04
6862,1241,66,85,23.75
6863,1241,21,52,11.51
6864,1241,74,83,28.47
6865,1241,16,15,12.62
6866,1241,81,45,12.94
6867,1241,53,158,5.62
6868,1242,69,95,34.42
6869,1242,19,182,2.64
6870,1242,54,42,30.15
6871,1242,54,192,19.94
6872,1242,77,69,29.72
6873,1242,90,15,24.75
6874,1243,88,78,34.73
6875,1243,10,43,23.23
6876,1243,39,121,34.81
6877,1243,85,105,36.09
6878,1243,24,47,31.6
6879,1244,71,186,37.43
6880,1244,90,181,29.33
6881,1244,1,83,36.47
6882,1244,64,195,22.91
6883,1244,18,105,5.09
6884,1244,67,84,28.08
6885,1245,30,176,24.63
6886,1245,18,33,12.06
6887,1245,72,184,33.71
6888,1245,19,72,8.13
6889,1246,90,190,11.15
6890,1246,9,193,36.94
6891,1246,63,112,30.75
6892,1246,57,13,16.12
6893,1246,53,171,9.18
6894,1246,18,143,17.34
6895,1246,1,38,3.16
6896,1247,7,194,27.2
6897,1247,38,138,36.77
6898,1247,17,109,32.78
6899,1248,55,125,27.19
6900,1248,49,15,37.91
6901,1248,66,52,37.57
6902,1248,89,148,24.41
6903,1249,27,107,0.84
6904,1249,43,173,27.25
6905,1249,78,83,35.68
6906,1249,77,44,1.45
6907,1249,48,117,11.56
6908,1249,7,39,34.75
6909,1249,19,76,25.05
6910,1249,12,154,37.26
6911,1250,14,94,12.03
6912,1250,15,131,14.13
6913,1250,68,193,27.79
6914,1251,68,197,20.63
6915,1251,82,196,29.54
6916,1251,37,75,25.7
6917,1251,8,82,2.93
6918,1252,50,140,13.93
6919,1252,88,64,33.43
6920,1252,25,143,25.56
6921,1252,14,80,20.84
6922,1252,28,132,12.76
6923,1252,41,100,20.47
6924,1253,52,142,37.29
6925,1253,49,82,18.17
6926,1253,63,125,22.18
6927,1254,60,178,4.56
6928,1254,78,144,27.91
6929,1254,83,190,8.57
6930,1254,90,36,17.72
6931,1255,55,142,39.12
6932,1255,15,31,22.97
6933,1255,61,108,17.82
6934,1255,75,198,28.66
6935,1255,26,179,8.37
6936,1255,53,26,19.32
6937,1256,43,147,8.69
6938,1256,25,75,14.58
6939,1256,70,27,23.73
6940,1257,20,149,15.1
6941,1257,47,71,39.5
6942,1257,75,177,23.93
6943,1257,66,51,11.65
6944,1257,50,112,26.55
6945,1257,13,129,36.26
6946,1257,90,133,13.74
6947,1257,6,27,27.41
6948,1258,55,150,19.65
6949,1258,27,11,32.68
6950,1258,26,11,6.49
6951,1258,66,97,8.58
6952,1258,60,55,19.42
6953,1258,50,120,23.9
6954,1259,82,104,32.53
6955,1259,8,52,13.14
6956,1259,67,104,37.76
6957,1260,70,129,32.82
6958,1260,1,147,36.69
6959,1260,61,42,35.5
6960,1261,72,193,33.86
6961,1261,62,131,19.03
6962,1261,15,40,35.21
6963,1261,65,84,6.04
6964,1262,65,109,8.34
6965,1262,78,25,0.84
6966,1262,11,47,3.39
6967,1262,19,193,34.37
6968,1262,19,59,12.16
6969,1262,38,135,9.06
6970,1262,87,23,14.28
6971,1262,85,133,34.03
6972,1263,55,40,27.28
6973,1263,75,171,19.25
6974,1263,49,103,28.54
6975,1263,56,99,30.99
6976,1263,52,126,16.57
6977,1263,6,165,24.57
6978,1263,88,106,21.2
6979,1264,3,14,24.79
6980,1264,47,48,6.88
6981,1264,37,45,39.46
6982,1264,49,184,28.65
6983,1264,26,127,25.15
6984,1265,10,76,10.13
6985,1265,80,190,1.02
6986,1265,3,102,27.88
6987,1265,62,181,10.11
6988,1265,7,39,13.72
6989,1265,82,160,5.01
6990,1265,43,19,29.94
6991,1266,20,117,0.85
6992,1266,65,18,5.81
6993,1266,45,153,23.09
6994,1266,27,181,10.84
6995,1266,60,96,24.12
6996,1266,72,62,9.22
6997,1267,27,101,19.93
6998,1267,12,163,7.88
6999,1267,37,156,16.42
7000,1267,73,33,32.82
7001,1267,50,72,38.83
7002,1267,65,115,39.41
7003,1267,50,82,27.31
7004,1267,31,49,1.41
7005,1268,18,178,16.6
7006,1268,47,47,31.26
7007,1268,19,89,16.02
7008,1268,43,77,34.4
7009,1268,76,52,39.55
7010,1268,64,181,5.58
7011,1268,1,20,32.53
7012,1268,89,198,27.17
7013,1269,7,32,12.52
7014,1269,49,14,13.13
7015,1269,76,16,22.6
7016,1269,44,81,8.73
7017,1269,19,136,35.16
7018,1269,52,176,8.52
7019,1269,8,175,27.99
7020,1269,26,70,13.15
7021,1270,77,192,30.62
7022,1270,26,13,4.03
7023,1270,8,24,29.03
7024,1270,76,23,21.29
7025,1270,77,160,9.77
7026,1270,71,123,21.08
7027,1271,6,54,21.31
7028,1271,30,95,28.11
7029,1271,36,26,13.74
7030,1271,77,56,25.19
7031,1271,7,169,29.71
7032,1271,7,77,28.4
7033,1271,82,123,16.98
7034,1272,22,146,36.69
7035,1272,4,141,31.66
7036,1272,11,45,39.41
7037,1272,87,172,17.45
7038,1272,9,99,34.2
7039,1272,74,87,31.3
7040,1273,45,193,9.2
7041,1273,12,19,39.19
7042,1273,88,150,37.9
7043,1274,26,164,18.19
7044,1274,65,84,39.16
7045,1274,13,152,23.59
7046,1274,16,88,6.03
7047,1274,55,165,9.69
7048,1274,53,197,34.61
7049,1275,63,119,19.42
7050,1275,13,140,20.06
7051,1275,51,42,26.5
7052,1275,70,65,16.66
7053,1275,31,120,22.02
7054,1275,86,180,14.62
7055,1276,21,127,37.01
7056,1276,23,161,6.78
7057,1276,55,120,17.68
7058,1276,66,186,20.84
7059,1276,73,189,27.67
7060,1276,58,174,16.18
7061,1276,51,93,7.18
7062,1276,71,174,24.29
7063,1277,38,158,23.56
7064,1277,41,154,21.65
7065,1277,18,92,13.99
7066,1277,62,132,18.86
7067,1277,56,92,38.99
7068,1277,64,107,12.21
7069,1278,48,199,21.52
7070,1278,41,17,37.01
7071,1278,38,41,31.04
7072,1278,14,109,13.52
7073,1278,71,159,7.94
7074,1278,9,45,23.81
7075,1278,46,111,14.36
7076,1279,11,175,5.01
7077,1279,40,144,17.43
7078,1279,8,176,14.76
7079,1279,6,11,28.88
7080,1279,24,77,11.16
7081,1279,82,56,21.15
7082,1280,82,128,39.7
7083,1280,81,69,25.88
7084,1280,19,160,8.25
7085,1280,16,36,29.38
7086,1280,20,97,25.53
7087,1281,81,19,19.99
7088,1281,22,156,30.29
7089,1281,3,112,26.63
7090,1281,77,98,6.39
7091,1281,24,51,9.47
7092,1281,25,114,24.39
7093,1282,22,20,1.04
7094,1282,64,173,8.22
7095,1282,18,76,31.53
7096,1282,50,176,28.57
7097,1282,18,76,28.22
7098,1282,74,125,14.86
7099,1283,90,93,20.05
7100,1283,89,33,32.37
7101,1283,36,88,15.95
7102,1284,64,75,2.46
7103,1284,49,148,36.18
7104,1284,27,102,26.01
7105,1284,33,105,9.15
7106,1284,43,195,3.09
7107,1284,49,177,17.45
7108,1284,71,147,26.68
7109,1284,54,100,37.14
7110,1285,26,85,22.68
7111,1285,30,179,37.62
7112,1285,46,177,22.11
7113,1285,55,171,6.82
7114,1285,54,136,9.03
7115,1285,51,86,20.94
7116,1285,31,49,1.66
7117,1286,61,11,37.01
7118,1286,78,84,10.13
7119,1286,84,114,30.97
7120,1286,79,153,9.13
7121,1286,84,74,12.38
7122,1286,56,162,27.78
7123,1286,69,18,14.56
7124,1287,5,162,7.41
7125,1287,35,112,18.81
7126,1287,2,23,18.59
7127,1287,36,54,36.75
7128,1287,78,60,22.9
7129,1288,63,46,33.86
7130,1288,76,90,11.15
7131,1288,45,180,25.34
7132,1288,88,11,10.05
7133,1288,4,26,17.16
7134,1288,43,153,39.72
7135,1288,15,100,2.02
7136,1288,17,186,28.04
7137,1289,85,57,38.4
7138,1289,13,89,8.78
7139,1289,30,26,6.0
7140,1290,88,182,27.54
7141,1290,29,135,25.01
7142,1290,43,58,3.61
7143,1290,13,38,6.12
7144,1290,85,100,23.26
7145,1290,36,52,16.34
7146,1290,24,127,32.78
7147,1290,20,151,17.65
7148,1291,45,38,27.83
7149,1291,68,103,20.09
7150,1291,68,59,22.38
7151,1291,87,99,14.27
7152,1291,44,30,10.75
7153,1291,56,20,32.03
7154,1291,81,30,23.59
7155,1291,42,34,3.6
7156,1292,88,66,27.7
7157,1292,90,18,36.99
7158,1292,54,44,19.22
7159,1292,70,37,16.92
7160,1292,26,73,17.97
7161,1293,86,91,33.3
7162,1293,48,118,28.91
7163,1293,22,118,10.66
7164,1294,66,75,21.27
7165,1294,66,177,17.96
7166,1294,21,13,23.77
7167,1295,78,120,10.0
7168,1295,31,168,24.11
7169,1295,10,121,29.92
7170,1296,43,194,24.81
7171,1296,76,148,6.14
7172,1296,17,183,28.3
7173,1297,13,54,38.11
7174,1297,28,81,31.37
7175,1297,68,152,21.46
7176,1297,5,88,20.33
7177,1297,12,178,12.02
7178,1297,20,24,6.24
7179,1297,78,72,16.33
7180,1297,47,21,34.43
7181,1298,31,37,10.23
7182,1298,17,130,14.79
7183,1298,48,123,15.45
7184,1298,24,165,24.58
7185,1298,15,193,13.58
7186,1298,76,16,30.07
7187,1298,81,76,8.17
7188,1298,11,143,34.11
7189,1299,56,167,15.21
7190,1299,11,19,27.58
7191,1299,21,180,39.26
7192,1299,62,133,5.19
7193,1300,19,184,23.59
7194,1300,87,129,24.4
7195,1300,50,96,32.45
7196,1300,58,64,34.36
7197,1300,66,38,33.75
7198,1300,19,185,24.77
7199,1301,30,168,6.65
7200,1301,13,161,22.22
7201,1301,51,155,36.05
7202,1301,42,123,9.1
7203,1301,59,121,31.23
7204,1301,15,16,14.68
7205,1302,1,123,25.92
7206,1302,45,162,29.75
7207,1302,11,105,34.6
7208,1302,8,75,11.33
7209,1302,7,12,32.45
7210,1302,23,11,5.67
7211,1303,72,136,22.42
7212,1303,5,64,29.92
7213,1303,40,173,14.18
7214,1303,8,53,23.98
7215,1304,7,70,26.12
7216,1304,7,79,0.84
7217,1304,27,79,16.62
7218,1304,89,127,27.34
7219,1304,39,170,3.22
7220,1304,19,71,31.66
7221,1305,10,72,33.29
7222,1305,86,43,18.13
7223,1305,10,22,34.92
7224,1306,36,106,2.87
7225,1306,70,89,6.81
7226,1306,1,35,9.78
7227,1306,85,150,7.18
7228,1307,26,185,29.38
7229,1307,87,109,21.16
7230,1307,82,115,9.28
7231,1307,2,70,21.73
7232,1307,87,180,27.37
7233,1307,84,189,19.42
7234,1307,32,198,15.52
7235,1308,40,175,19.7
7236,1308,62,57,2.32
7237,1308,3,100,5.61
7238,1308,33,188,28.83
7239,1308,7,131,36.58
7240,1308,59,39,17.63
7241,1308,35,153,14.92
7242,1309,42,36,7.62
7243,1309,59,11,21.4
7244,1309,11,38,35.35
7245,1309,75,30,25.08
7246,1309,83,87,14.79
7247,1309,47,117,24.42
7248,1309,19,167,16.12
7249,1310,24,126,17.4
7250,1310,11,70,17.85
7251,1310,88,39,27.68
7252,1310,87,138,20.27
7253,1310,19,118,10.0
7254,1310,46,112,4.71
7255,1310,52,107,36.98
7256,1311,48,103,20.03
7257,1311,59,35,8.23
7258,1311,68,132,30.02
7259,1312,88,177,37.14
7260,1312,37,180,15.54
7261,1312,9,87,12.24
7262,1312,51,107,7.45
7263,1313,38,184,4.86
7264,1313,59,116,31.28
7265,1313,88,86,7.38
7266,1314,66,68,4.95
7267,1314,51,146,29.62
7268,1314,27,116,10.85
7269,1314,4,74,15.84
7270,1314,49,147,39.09
7271,1315,3,65,15.41
7272,1315,72,69,0.62
7273,1315,36,148,9.19
7274,1315,88,164,36.86
7275,1315,30,112,29.29
7276,1315,89,30,30.74
7277,1316,77,39,26.62
7278,1316,22,133,37.43
7279,1316,50,94,24.13
7280,1316,36,26,2.23
7281,1316,34,22,15.4
7282,1316,88,47,23.37
7283,1316,11,149,18.34
7284,1316,17,141,6.7
7285,1317,3,32,21.69
7286,1317,58,188,23.54
7287,1317,52,176,2.61
7288,1317,62,95,27.25
7289,1318,33,157,19.34
7290,1318,37,158,24.76
7291,1318,80,163,2.75
7292,1318,21,44,4.7
7293,1318,16,38,11.53
7294,1318,53,95,39.52
7295,1318,46,142,29.64
7296,1318,71,168,21.61
7297,1319,10,136,8.84
7298,1319,88,190,12.88
7299,1319,32,34,39.73
7300,1319,26,34,7.14
7301,1319,60,103,33.4
7302,1319,58,55,29.92
7303,1320,40,165,16.72
7304,1320,63,153,20.53
7305,1320,12,156,33.65
7306,1320,28,144,34.19
7307,1320,76,175,23.44
7308,1320,75,23,15.98
7309,1320,22,188,2.37
7310,1321,10,119,39.65
7311,1321,45,58,31.92
7312,1321,90,53,5.04
7313,1321,29,186,8.18
7314,1321,16,71,3.54
7315,1321,79,144,13.51
7316,1322,89,164,33.47
7317,1322,32,131,27.07
7318,1322,77,101,30.11
7319,1322,48,142,31.17
7320,1322,65,67,14.0
7321,1323,77,160,22.15
7322,1323,16,49,19.53
7323,1323,36,197,9.1
7324,1323,81,49,6.25
7325,1323,42,97,4.68
7326,1323,35,27,33.43
7327,1323,90,199,7.78
7328,1323,72,27,25.36
7329,1324,23,37,32.85
7330,1324,24,190,7.92
7331,1324,5,41,28.0
7332,1324,51,69,23.07
7333,1324,34,101,10.7
7334,1324,27,195,31.02
7335,1325,41,109,9.1
7336,1325,7,164,10.07
7337,1325,61,163,16.3
7338,1326,76,119,27.98
7339,1326,40,102,35.34
7340,1326,75,147,18.86
7341,1326,81,81,36.63
7342,1326,5,153,39.42
7343,1326,79,164,34.72
7344,1326,90,37,18.71
7345,1326,82,58,13.48
7346,1327,9,27,35.16
7347,1327,28,169,19.08
7348,1327,55,125,1.64
7349,1327,89,44,5.28
7350,1327,85,67,28.41
7351,1327,2,190,36.84
7352,1327,40,43,26.19
7353,1328,89,167,21.25
7354,1328,30,25,16.77
7355,1328,32,57,29.47
7356,1329,13,149,4.45
7357,1329,40,84,11.1
7358,1329,38,151,34.97
7359,1330,89,81,10.16
7360,1330,48,11,28.06
7361,1330,40,122,16.75
7362,1330,90,33,5.16
7363,1331,54,80,0.82
7364,1331,74,82,4.57
7365,1331,64,99,8.1
7366,1331,70,168,28.41
7367,1331,25,129,2.04
7368,1332,42,33,27.53
7369,1332,80,24,20.59
7370,1332,23,108,34.47
7371,1332,86,28,1.57
7372,1332,26,91,15.64
7373,1333,74,161,39.61
7374,1333,5,172,38.29
7375,1333,31,132,15.6
7376,1333,49,120,23.53
7377,1333,55,163,7.34
7378,1333,22,155,14.21
7379,1333,30,147,15.66
7380,1333,73,74,4.17
7381,1334,87,14,33.51
7382,1334,30,88,5.51
7383,1334,84,171,34.42
7384,1334,38,10,15.45
7385,1334,87,55,20.74
7386,1334,25,79,16.7
7387,1334,26,86,27.14
7388,1335,33,63,19.17
7389,1335,14,198,21.31
7390,1335,56,166,10.55
7391,1335,5,139,17.67
7392,1336,37,73,29.23
7393,1336,23,108,37.78
7394,1336,18,151,13.53
7395,1336,3,125,11.13
7396,1337,45,51,38.98
7397,1337,72,172,36.19
7398,1337,67,169,39.55
7399,1337,78,79,35.23
7400,1337,62,171,34.69
7401,1337,32,155,17.36
7402,1337,78,118,11.69
7403,1338,52,94,2.27
7404,1338,59,41,32.2
7405,1338,67,61,0.68
7406,1338,76,160,13.94
7407,1338,18,150,20.59
7408,1338,59,64,37.42
7409,1339,49,142,38.53
7410,1339,56,125,23.77
7411,1339,79,158,10.7
7412,1339,3,114,28.18
7413,1339,59,189,34.21
7414,1339,83,15,34.95
7415,1339,56,159,2.53
7416,1339,34,169,17.89
7417,1340,68,76,31.95
7418,1340,58,36,13.8
7419,1340,62,101,17.04
7420,1340,42,10,26.28
7421,1341,3,185,4.29
7422,1341,63,179,12.05
7423,1341,73,195,27.48
7424,1341,27,82,27.92
7425,1341,48,166,35.56
7426,1341,56,157,20.93
7427,1342,3,175,13.74
7428,1342,53,114,34.35
7429,1342,74,68,19.64
7430,1342,40,21,5.86
7431,1342,34,55,31.92
7432,1343,69,160,7.13
7433,1343,43,124,5.41
7434,1343,5,43,13.55
7435,1343,88,71,21.79
7436,1343,63,119,29.91
7437,1343,49,87,20.81
7438,1343,10,171,16.75
7439,1343,32,142,26.05
7440,1344,7,181,15.72
7441,1344,42,141,14.36
7442,1344,3,194,33.68
7443,1344,3,30,34.08
7444,1344,19,122,22.2
7445,1344,49,163,13.67
7446,1344,79,176,8.73
7447,1345,19,191,19.84
7448,1345,45,144,15.35
7449,1345,61,22,35.72
7450,1345,50,93,16.89
7451,1345,7,59,30.02
7452,1346,37,64,25.34
7453,1346,34,113,20.59
7454,1346,77,106,30.01
7455,1346,32,69,4.65
7456,1346,10,182,38.54
7457,1346,26,66,15.15
7458,1346,87,117,4.01
7459,1346,7,124,35.37
7460,1347,36,101,18.71
7461,1347,55,54,27.17
7462,1347,18,109,10.18
7463,1347,51,123,21.76
7464,1347,90,20,20.62
7465,1348,34,136,38.66
7466,1348,48,166,11.27
7467,1348,37,176,9.96
7468,1348,37,138,28.66
7469,1348,18,160,14.49
7470,1348,25,124,30.12
7471,1349,61,109,18.9
7472,1349,72,131,11.62
7473,1349,34,48,1.39
7474,1349,62,117,18.96
7475,1350,26,86,3.99
7476,1350,41,130,30.78
7477,1350,84,63,2.85
7478,1350,76,24,31.66
7479,1350,83,193,2.34
7480,1351,48,111,14.6
7481,1351,65,48,10.07
7482,1351,38,194,10.9
7483,1351,32,144,39.34
7484,1351,43,177,26.46
7485,1351,47,72,14.01
7486,1352,17,115,17.48
7487,1352,5,171,27.5
7488,1352,86,13,34.54
7489,1352,5,76,18.92
7490,1352,74,198,3.61
7491,1352,8,198,10.2
7492,1352,40,159,39.59
7493,1352,86,102,33.07
7494,1353,76,198,16.26
7495,1353,41,30,3.93
7496,1353,14,184,35.53
7497,1353,65,65,30.08
7498,1353,58,80,16.37
7499,1353,10,89,29.34
7500,1353,61,124,17.29
7501,1354,63,181,0.5
7502,1354,60,197,23.55
7503,1354,52,181,26.21
7504,1354,50,150,35.47
7505,1354,79,14,29.74
7506,1354,18,104,16.46
7507,1354,77,160,15.31
7508,1355,22,189,9.69
7509,1355,30,10,29.33
7510,1355,74,190,7.84
7511,1355,55,83,34.29
7512,1355,41,81,33.61
7513,1356,23,49,3.15
7514,1356,8,100,3.16
7515,1356,12,146,15.85
7516,1356,5,88,19.64
7517,1356,58,72,8.92
7518,1356,76,33,10.51
7519,1357,59,86,34.66
7520,1357,17,10,7.93
7521,1357,78,77,11.64
7522,1357,3,182,7.08
7523,1357,29,139,19.49
7524,1358,69,184,28.14
7525,1358,53,115,12.75
7526,1358,64,132,12.45
7527,1359,10,139,27.14
7528,1359,2,46,14.54
7529,1359,48,60,11.07
7530,1359,54,91,21.61
7531,1359,11,99,8.8
7532,1360,47,173,7.13
7533,1360,16,135,22.24
7534,1360,42,97,35.13
7535,1360,80,24,32.45
7536,1360,67,87,28.38
7537,1360,87,29,36.71
7538,1360,71,106,13.55
7539,1361,59,98,30.44
7540,1361,23,65,21.75
7541,1361,13,160,9.2
7542,1361,69,156,4.12
7543,1361,6,197,2.69
7544,1361,26,146,3.07
7545,1362,34,42,28.29
7546,1362,23,89,36.63
7547,1362,14,186,24.53
7548,1362,48,157,18.8
7549,1363,14,54,3.0
7550,1363,41,49,19.15
7551,1363,25,85,4.08
7552,1363,12,85,29.09
7553,1363,12,60,10.35
7554,1363,43,174,14.58
7555,1363,26,23,38.11
7556,1364,8,88,12.22
7557,1364,58,122,21.55
7558,1364,86,192,4.44
7559,1364,7,167,39.99
7560,1365,41,91,18.54
7561,1365,56,70,30.1
7562,1365,40,93,39.52
7563,1365,39,40,31.43
7564,1365,24,162,23.84
7565,1365,19,114,37.58
7566,1365,77,78,13.98
7567,1365,8,116,12.62
7568,1366,54,36,36.75
7569,1366,49,174,15.53
7570,1366,79,33,1.18
7571,1367,86,74,5.79
7572,1367,16,113,21.65
7573,1367,54,138,37.04
7574,1367,20,185,3.81
7575,1368,84,107,33.51
7576,1368,73,107,38.21
7577,1368,4,145,8.15
7578,1368,35,137,23.13
7579,1369,45,155,9.6
7580,1369,85,172,25.52
7581,1369,82,100,19.94
7582,1370,26,50,6.26
7583,1370,6,175,26.61
7584,1370,35,153,13.91
7585,1371,25,152,18.79
7586,1371,16,47,24.6
7587,1371,12,85,13.72
7588,1371,6,94,27.24
7589,1371,66,174,1.41
7590,1372,3,107,2.23
7591,1372,71,17,7.35
7592,1372,24,77,1.01
7593,1372,46,86,35.51
7594,1372,34,125,38.21
7595,1372,52,187,39.2
7596,1373,11,172,20.36
7597,1373,75,139,13.55
7598,1373,51,186,10.75
7599,1373,5,34,36.07
7600,1373,43,170,33.72
7601,1374,66,153,19.94
7602,1374,66,140,17.99
7603,1374,49,98,17.31
7604,1374,79,169,33.27
7605,1375,7,116,26.06
7606,1375,18,161,1.41
7607,1375,12,35,32.07
7608,1375,25,152,15.6
7609,1375,36,133,33.31
7610,1375,36,180,30.25
7611,1375,11,157,24.81
7612,1375,28,140,1.16
7613,1376,76,92,29.33
7614,1376,72,53,38.05
7615,1376,73,84,12.67
7616,1376,76,192,30.26
7617,1376,34,127,32.45
7618,1376,7,102,9.72
7619,1376,57,42,22.65
7620,1377,53,131,8.99
7621,1377,8,154,13.59
7622,1377,29,42,26.47
7623,1377,51,136,0.81
7624,1377,72,75,34.65
7625,1377,67,113,32.68
7626,1377,68,115,33.47
7627,1377,43,107,27.71
7628,1378,85,179,21.62
7629,1378,24,50,21.26
7630,1378,22,193,21.69
7631,1378,1,38,21.31
7632,1378,20,72,15.25
7633,1379,44,119,21.64
7634,1379,39,184,37.71
7635,1379,55,134,36.31
7636,1379,82,136,20.34
7637,1379,79,112,11.5
7638,1379,71,66,19.45
7639,1379,35,197,11.59
7640,1380,19,30,9.63
7641,1380,82,61,3.71
7642,1380,62,92,35.94
7643,1380,88,191,13.53
7644,1380,81,50,36.99
7645,1381,59,80,3.94
7646,1381,88,26,28.38
7647,1381,38,144,15.74
7648,1381,21,119,18.03
7649,1381,16,176,5.15
7650,1381,79,168,19.97
7651,1381,33,95,9.35
7652,1382,10,101,31.26
7653,1382,56,89,35.53
7654,1382,79,113,17.9
7655,1382,77,119,9.88
7656,1382,2,22,22.85
7657,1383,8,38,16.14
7658,1383,25,19,3.89
7659,1383,42,157,19.28
7660,1383,82,49,7.32
7661,1384,36,148,31.78
7662,1384,28,88,31.01
7663,1384,77,52,19.44
7664,1384,53,151,2.43
7665,1384,81,143,30.77
7666,1384,56,177,27.92
7667,1384,11,172,35.03
7668,1385,26,86,22.37
7669,1385,10,95,34.88
7670,1385,57,71,15.3
7671,1385,68,112,16.31
7672,1386,34,79,16.96
7673,1386,3,98,10.18
7674,1386,20,110,2.12
7675,1386,56,134,34.3
7676,1386,52,172,28.17
7677,1387,43,62,16.11
7678,1387,90,86,25.15
7679,1387,9,37,24.17
7680,1387,20,191,21.46
7681,1387,45,114,18.06
7682,1387,81,184,6.57
7683,1387,65,103,29.65
7684,1387,22,31,35.24
7685,1388,32,15,27.11
7686,1388,59,97,35.05
7687,1388,71,45,4.03
7688,1388,21,108,7.7
7689,1388,34,65,37.72
7690,1388,48,111,19.37
7691,1388,66,78,11.9
7692,1389,79,15,33.33
7693,1389,44,31,26.82
7694,1389,73,188,23.0
7695,1389,13,165,20.44
7696,1389,59,133,15.3
7697,1389,9,49,23.12
7698,1389,89,80,12.31
7699,1390,27,182,4.46
7700,1390,36,168,21.89
7701,1390,67,182,30.52
7702,1390,67,174,13.79
7703,1390,74,131,11.25
7704,1391,41,159,35.97
7705,1391,62,14,14.78
7706,1391,39,195,24.7
7707,1391,84,191,8.8
7708,1391,40,66,39.37
7709,1391,56,147,19.09
7710,1392,73,54,38.05
7711,1392,1,159,10.99
7712,1392,79,23,19.73
7713,1392,89,71,12.29
7714,1392,15,98,8.82
7715,1392,76,128,18.93
7716,1393,16,95,25.92
7717,1393,60,126,34.42
7718,1393,37,167,38.46
7719,1394,34,187,21.69
7720,1394,18,54,14.42
7721,1394,47,129,38.5
7722,1394,44,112,10.56
7723,1394,29,97,11.18
7724,1394,82,134,12.71
7725,1394,51,146,13.49
7726,1394,84,105,18.97
7727,1395,31,47,21.69
7728,1395,48,99,22.33
7729,1395,87,159,31.54
7730,1395,45,134,30.0
7731,1396,65,35,26.32
7732,1396,52,21,6.64
7733,1396,68,77,25.31
7734,1396,16,59,16.72
7735,1396,31,64,29.8
7736,1397,3,129,4.52
7737,1397,52,161,39.89
7738,1397,57,172,28.79
7739,1397,33,196,39.17
7740,1397,86,161,19.82
7741,1398,45,192,13.11
7742,1398,44,20,20.97
7743,1398,28,137,37.58
7744,1398,48,192,30.78
7745,1398,5,41,18.73
7746,1398,25,165,33.07
7747,1398,13,14,3.57
7748,1399,6,36,17.81
7749,1399,5,108,18.67
7750,1399,83,79,23.2
7751,1399,63,149,17.58
7752,1399,77,55,37.79
7753,1399,41,90,27.36
7754,1399,51,190,6.67
7755,1399,47,158,32.51
7756,1400,52,183,10.37
7757,1400,26,119,19.73
7758,1400,31,104,35.23
7759,1400,46,190,21.32
7760,1400,53,21,19.82
7761,1400,59,42,5.75
7762,1401,28,69,32.13
7763,1401,14,59,24.68
7764,1401,10,79,7.99
7765,1402,64,172,12.74
7766,1402,79,68,17.57
7767,1402,87,67,12.89
7768,1402,73,115,17.94
7769,1403,3,60,28.29
7770,1403,86,12,26.74
7771,1403,59,182,28.98
7772,1403,47,170,17.76
7773,1403,47,153,32.64
7774,1403,50,16,20.79
7775,1403,44,56,37.97
7776,1404,34,191,31.25
7777,1404,9,46,35.51
7778,1404,67,109,17.45
7779,1404,75,36,3.99
7780,1404,17,182,5.57
7781,1404,26,52,3.48
7782,1404,81,178,7.07
7783,1405,14,159,19.82
7784,1405,83,149,22.92
7785,1405,19,95,32.5
7786,1406,34,171,25.35
7787,1406,49,105,28.15
7788,1406,24,105,27.61
7789,1406,41,81,11.81
7790,1406,10,38,21.07
7791,1406,89,146,26.8
7792,1407,58,58,20.69
7793,1407,3,185,13.86
7794,1407,8,62,22.33
7795,1407,83,174,21.83
7796,1407,89,161,9.05
7797,1407,55,141,12.39
7798,1408,11,76,15.59
7799,1408,18,52,1.6
7800,1408,10,76,26.64
7801,1408,32,60,10.1
7802,1408,35,25,36.03
7803,1408,15,57,18.0
7804,1409,26,10,20.57
7805,1409,51,84,19.01
7806,1409,62,21,29.43
7807,1410,14,149,9.87
7808,1410,60,106,6.2
7809,1410,78,105,0.6
7810,1410,54,177,19.57
7811,1410,9,172,16.93
7812,1410,13,137,6.32
7813,1411,51,153,2.45
7814,1411,39,36,20.29
7815,1411,74,66,2.27
7816,1411,86,51,15.79
7817,1411,39,177,13.48
7818,1411,52,75,24.78
7819,1411,60,86,4.81
7820,1412,42,193,36.3
7821,1412,30,165,27.43
7822,1412,50,74,31.95
7823,1413,2,68,12.29
7824,1413,44,179,39.92
7825,1413,77,125,27.47
7826,1413,16,151,3.23
7827,1413,48,153,23.17
7828,1413,25,111,39.74
7829,1413,19,158,15.95
7830,1413,2,128,11.45
7831,1414,77,73,25.69
7832,1414,51,196,5.97
7833,1414,44,53,16.36
7834,1415,55,156,29.53
7835,1415,4,150,28.46
7836,1415,59,103,31.81
7837,1416,30,60,31.02
7838,1416,48,149,9.62
7839,1416,65,86,8.09
7840,1416,80,173,3.77
7841,1416,53,102,18.22
7842,1416,42,31,19.46
7843,1416,44,74,15.41
7844,1417,4,51,29.51
7845,1417,39,22,36.34
7846,1417,12,48,36.48
7847,1418,43,104,20.77
7848,1418,82,159,28.41
7849,1418,73,158,0.97
7850,1418,29,96,32.42
7851,1418,78,126,4.45
7852,1418,64,30,34.35
7853,1418,90,16,8.09
7854,1419,8,156,12.49
7855,1419,17,74,36.45
7856,1419,90,107,0.69
7857,1419,12,110,10.51
7858,1419,30,172,25.43
7859,1419,76,92,8.75
7860,1420,72,126,30.68
7861,1420,52,127,18.86
7862,1420,86,121,34.38
7863,1421,40,93,37.7
7864,1421,84,192,37.28
7865,1421,59,183,25.58
7866,1421,30,30,25.74
7867,1422,30,67,7.49
7868,1422,75,117,30.06
7869,1422,58,95,36.54
7870,1423,15,10,12.44
7871,1423,36,146,34.42
7872,1423,76,87,28.19
7873,1423,57,195,32.18
7874,1423,15,148,4.16
7875,1424,38,51,19.6
7876,1424,59,162,31.29
7877,1424,75,102,32.8
7878,1424,39,132,16.84
7879,1424,16,36,4.75
7880,1425,40,125,14.8
7881,1425,87,200,14.37
7882,1425,44,128,6.42
7883,1425,73,126,6.49
7884,1425,50,184,23.28
7885,1425,38,139,13.85
7886,1426,2,165,20.55
7887,1426,88,107,21.37
7888,1426,45,199,16.97
7889,1426,56,107,29.08
7890,1426,77,56,36.93
7891,1426,84,193,34.58
7892,1426,9,65,21.02
7893,1427,80,123,35.38
7894,1427,59,122,24.05
7895,1427,60,20,30.4
7896,1428,49,67,20.13
7897,1428,76,57,35.23
7898,1428,57,27,26.97
7899,1428,11,24,37.88
7900,1429,71,162,17.07
7901,1429,24,179,31.82
7902,1429,53,148,38.69
7903,1429,84,52,11.85
7904,1430,31,23,31.62
7905,1430,28,167,23.78
7906,1430,30,74,11.56
7907,1430,3,112,32.67
7908,1430,4,106,22.86
7909,1430,34,191,9.45
7910,1430,1,112,24.67
7911,1430,84,43,8.03
7912,1431,18,163,12.57
7913,1431,18,139,14.07
7914,1431,62,193,33.47
7915,1431,5,107,34.53
7916,1431,34,74,21.48
7917,1432,62,97,10.19
7918,1432,15,158,25.45
7919,1432,67,12,10.61
7920,1432,47,99,38.54
7921,1432,19,145,32.19
7922,1432,42,73,38.99
7923,1432,53,87,38.84
7924,1433,72,118,22.25
7925,1433,82,124,22.0
7926,1433,4,183,7.63
7927,1433,30,194,23.81
7928,1433,17,53,5.33
7929,1433,10,133,1.85
7930,1434,52,116,36.94
7931,1434,76,157,26.64
7932,1434,70,130,22.85
7933,1434,62,50,36.83
7934,1434,67,137,8.52
7935,1434,90,29,10.44
7936,1434,21,89,22.91
7937,1435,86,157,16.0
7938,1435,39,39,17.37
7939,1435,31,59,30.53
7940,1435,70,152,20.51
7941,1435,61,11,1.27
7942,1435,11,189,2.13
7943,1436,88,30,6.43
7944,1436,3,47,27.4
7945,1436,84,10,3.75
7946,1436,63,102,12.25
7947,1436,35,27,16.23
7948,1437,90,27,2.69
7949,1437,35,113,16.89
7950,1437,60,91,26.18
7951,1437,3,35,14.54
7952,1437,52,184,27.38
7953,1437,58,74,11.39
7954,1437,7,68,34.77
7955,1437,51,24,19.51
7956,1438,2,156,38.72
7957,1438,65,136,6.1
7958,1438,31,186,22.44
7959,1438,51,146,28.44
7960,1439,34,95,18.09
7961,1439,77,49,9.55
7962,1439,52,134,3.48
7963,1440,13,168,25.55
7964,1440,1,34,14.92
7965,1440,14,154,17.58
7966,1440,78,133,26.94
7967,1440,4,168,5.6
7968,1440,10,156,5.66
7969,1440,16,153,6.61
7970,1440,46,42,9.91
7971,1441,35,157,26.07
7972,1441,26,132,23.63
7973,1441,65,51,23.94
7974,1442,48,92,32.52
7975,1442,10,119,33.77
7976,1442,78,175,18.02
7977,1442,37,163,7.01
7978,1442,3,129,13.7
7979,1442,59,87,27.99
7980,1442,15,89,36.63
7981,1442,39,153,32.52
7982,1443,50,43,14.16
7983,1443,11,142,37.06
7984,1443,31,187,3.27
7985,1443,39,177,23.22
7986,1444,83,121,28.48
7987,1444,60,132,7.29
7988,1444,34,86,8.06
7989,1444,40,60,25.37
7990,1445,60,142,20.07
7991,1445,78,106,14.8
7992,1445,15,96,36.21
7993,1445,40,67,35.83
7994,1445,87,175,2.2
7995,1445,21,167,36.67
7996,1445,7,67,11.17
7997,1446,38,42,12.07
7998,1446,75,117,38.46
7999,1446,81,17,28.98
8000,1446,73,83,0.87
8001,1446,9,117,28.11
8002,1446,62,68,19.38
8003,1446,17,83,35.22
8004,1446,52,107,27.93
8005,1447,77,49,36.95
8006,1447,29,115,31.38
8007,1447,30,23,24.02
8008,1447,11,193,38.32
8009,1447,81,25,36.54
8010,1448,14,191,4.99
8011,1448,59,57,32.87
8012,1448,51,89,36.5
8013,1448,34,135,38.42
8014,1449,82,26,21.11
8015,1449,17,166,31.99
8016,1449,28,94,24.63
8017,1450,21,157,21.78
8018,1450,32,175,30.6
8019,1450,79,116,27.53
8020,1450,89,133,31.61
8021,1451,3,53,7.06
8022,1451,21,199,12.4
8023,1451,31,113,13.32
8024,1451,6,194,8.51
8025,1451,78,154,1.13
8026,1451,5,190,38.87
8027,1451,8,120,12.37
8028,1452,40,87,6.25
8029,1452,65,135,10.35
8030,1452,42,91,10.76
8031,1452,7,192,36.88
8032,1452,23,174,10.32
8033,1452,52,168,19.96
8034,1452,19,195,28.36
8035,1452,8,198,17.6
8036,1453,29,169,8.26
8037,1453,30,185,23.2
8038,1453,76,14,11.45
8039,1453,28,199,31.23
8040,1453,76,56,31.75
8041,1453,89,98,7.39
8042,1453,61,152,27.91
8043,1454,66,35,35.73
8044,1454,32,15,37.4
8045,1454,30,80,13.95
8046,1454,81,183,8.72
8047,1455,13,55,6.52
8048,1455,61,74,1.35
8049,1455,73,147,15.29
8050,1455,59,50,2.67
8051,1455,30,98,2.27
8052,1456,32,43,13.4
8053,1456,4,134,28.49
8054,1456,47,101,13.31
8055,1456,64,23,32.26
8056,1457,20,48,35.87
8057,1457,88,182,12.32
8058,1457,44,110,12.57
8059,1457,11,161,25.02
8060,1457,48,105,34.31
8061,1458,5,134,30.94
8062,1458,10,160,4.1
8063,1458,32,197,38.96
8064,1458,45,15,14.3
8065,1458,29,196,27.7
8066,1458,79,75,37.3
8067,1458,9,167,28.66
8068,1459,64,90,14.64
8069,1459,16,110,17.57
8070,1459,30,54,38.37
8071,1459,81,176,5.69
8072,1459,36,114,10.22
8073,1459,56,40,29.93
8074,1459,18,29,27.02
8075,1459,69,178,14.91
8076,1460,2,10,18.6
8077,1460,10,90,2.14
8078,1460,20,24,12.92
8079,1460,72,178,15.72
8080,1461,58,127,35.15
8081,1461,40,58,27.59
8082,1461,89,118,1.45
8083,1461,65,20,29.93
8084,1461,76,19,4.82
8085,1461,11,82,30.73
8086,1461,54,197,4.29
8087,1462,20,134,33.33
8088,1462,68,138,22.51
8089,1462,69,162,8.68
8090,1462,36,110,26.43
8091,1462,50,72,22.42
8092,1462,15,114,38.69
8093,1462,61,191,21.66
8094,1463,46,117,37.27
8095,1463,6,99,25.29
8096,1463,85,161,15.58
8097,1463,52,152,21.68
8098,1463,21,107,19.41
8099,1463,68,18,0.98
8100,1463,20,192,19.79
8101,1463,1,195,25.71
8102,1464,20,171,8.13
8103,1464,27,100,17.09
8104,1464,3,129,20.87
8105,1464,4,146,9.27
8106,1464,52,164,18.02
8107,1464,67,163,23.57
8108,1465,33,98,39.09
8109,1465,78,150,8.57
8110,1465,60,30,10.78
8111,1465,62,77,22.79
8112,1465,56,107,21.31
8113,1465,54,125,15.22
8114,1465,72,96,30.63
8115,1465,13,31,17.29
8116,1466,86,165,31.93
8117,1466,52,63,39.88
8118,1466,32,32,20.4
8119,1466,81,177,17.84
8120,1466,76,47,1.14
8121,1467,45,119,13.59
8122,1467,28,71,30.94
8123,1467,62,133,31.89
8124,1467,3,183,8.4
8125,1467,49,136,27.66
8126,1467,62,37,23.88
8127,1467,21,116,4.76
8128,1468,20,13,34.16
8129,1468,19,77,26.76
8130,1468,18,105,38.23
8131,1468,38,96,13.19
8132,1468,85,24,39.87
8133,1468,38,161,39.71
8134,1468,65,200,28.94
8135,1468,86,154,23.65
8136,1469,64,112,25.43
8137,1469,31,143,20.65
8138,1469,18,89,15.41
8139,1469,51,64,1.02
8140,1469,37,73,21.28
8141,1469,86,25,1.59
8142,1469,75,30,12.0
8143,1470,29,14,19.92
8144,1470,36,37,17.79
8145,1470,73,154,38.49
8146,1470,53,90,39.62
8147,1470,53,109,6.53
8148,1470,80,137,27.88
8149,1470,46,35,21.11
8150,1471,20,125,31.23
8151,1471,81,113,2.7
8152,1471,22,42,10.37
8153,1471,17,67,35.92
8154,1471,37,19,15.21
8155,1472,47,30,26.54
8156,1472,67,154,29.59
8157,1472,34,36,36.96
8158,1472,81,52,31.0
8159,1473,9,115,16.4
8160,1473,6,191,21.92
8161,1473,15,56,9.09
8162,1473,17,134,21.32
8163,1473,38,80,19.69
8164,1474,54,31,13.39
8165,1474,61,110,24.65
8166,1474,71,82,12.46
8167,1474,20,13,6.22
8168,1475,69,149,33.54
8169,1475,25,195,3.28
8170,1475,60,70,18.75
8171,1475,39,103,2.14
8172,1475,10,38,36.58
8173,1476,87,107,25.44
8174,1476,16,77,31.63
8175,1476,78,73,26.95
8176,1476,53,11,15.64
8177,1476,4,77,18.44
8178,1476,12,138,22.93
8179,1477,79,42,29.48
8180,1477,49,178,27.22
8181,1477,19,87,29.19
8182,1477,53,153,22.31
8183,1477,28,84,3.0
8184,1477,6,66,10.84
8185,1477,36,33,8.32
8186,1478,72,172,4.59
8187,1478,2,97,36.9
8188,1478,90,190,9.64
8189,1479,76,181,0.59
8190,1479,40,125,2.02
8191,1479,47,116,0.55
8192,1479,36,22,32.36
8193,1479,50,126,4.45
8194,1479,85,138,18.62
8195,1480,14,77,32.47
8196,1480,46,109,11.23
8197,1480,61,42,37.88
8198,1480,20,127,13.46
8199,1481,59,195,11.08
8200,1481,29,64,34.39
8201,1481,58,77,10.7
8202,1482,1,164,37.73
8203,1482,32,165,4.71
8204,1482,30,110,30.04
8205,1482,79,83,4.01
8206,1482,81,113,38.56
8207,1482,10,11,33.42
8208,1483,58,99,9.73
8209,1483,9,189,26.01
8210,1483,6,99,19.81
8211,1483,51,71,3.96
8212,1483,5,30,1.56
8213,1483,69,164,16.54
8214,1484,22,92,9.42
8215,1484,5,109,37.28
8216,1484,3,25,11.6
8217,1485,77,86,35.13
8218,1485,49,172,25.63
8219,1485,67,161,11.23
8220,1485,33,142,3.24
8221,1485,2,176,10.24
8222,1485,14,16,39.53
8223,1486,10,123,19.71
8224,1486,29,177,19.48
8225,1486,74,89,24.02
8226,1487,68,36,4.87
8227,1487,10,123,4.71
8228,1487,55,23,39.71
8229,1487,36,167,1.43
8230,1487,12,78,11.82
8231,1487,12,101,13.7
8232,1488,30,69,9.72
8233,1488,85,142,12.47
8234,1488,73,196,16.58
8235,1488,90,97,15.27
8236,1488,21,68,22.92
8237,1489,30,102,10.13
8238,1489,1,24,12.79
8239,1489,89,159,23.55
8240,1489,50,170,16.47
8241,1490,15,199,24.73
8242,1490,83,126,9.8
8243,1490,59,65,38.48
8244,1490,39,119,27.93
8245,1490,20,79,20.51
8246,1490,20,60,31.81
8247,1490,72,99,33.91
8248,1490,49,94,38.81
8249,1491,85,109,22.36
8250,1491,85,33,10.8
8251,1491,11,71,11.3
8252,1491,26,41,35.83
8253,1491,62,165,15.93
8254,1491,5,120,0.73
8255,1492,30,91,18.77
8256,1492,17,40,35.29
8257,1492,16,109,5.88
8258,1492,4,110,28.05
8259,1492,76,152,24.69
8260,1492,48,77,16.03
8261,1493,77,124,1.12
8262,1493,38,179,39.1
8263,1493,83,93,14.74
8264,1493,1,69,24.17
8265,1493,31,74,26.63
8266,1493,61,188,33.68
8267,1493,13,195,21.87
8268,1493,51,111,38.17
8269,1494,17,164,33.43
8270,1494,84,24,13.51
8271,1494,80,54,15.88
8272,1494,7,11,2.39
8273,1494,11,38,26.86
8274,1495,10,116,3.28
8275,1495,75,127,8.1
8276,1495,34,74,38.73
8277,1495,80,170,20.81
8278,1495,18,32,34.29
8279,1495,1,22,27.07
8280,1496,25,145,34.22
8281,1496,86,106,33.37
8282,1496,80,23,30.68
8283,1496,88,191,32.89
8284,1496,52,132,5.55
8285,1496,87,65,3.41
8286,1496,34,180,10.86
8287,1496,16,136,27.21
8288,1497,53,102,38.79
8289,1497,54,27,24.43
8290,1497,17,28,31.0
8291,1497,68,150,5.88
8292,1497,18,15,16.72
8293,1497,11,144,29.23
8294,1497,51,83,5.3
8295,1497,50,26,25.7
8296,1498,25,115,10.84
8297,1498,15,186,25.3
8298,1498,78,71,17.23
8299,1498,25,91,36.57
8300,1499,60,121,11.32
8301,1499,32,47,9.4
8302,1499,74,180,3.17
8303,1499,74,197,9.51
8304,1499,23,97,6.03
8305,1499,69,48,35.48
8306,1500,23,107,35.58
8307,1500,31,128,23.54
8308,1500,78,169,22.92
8309,1501,24,167,16.87
8310,1501,33,76,12.4
8311,1501,67,81,30.52
8312,1501,32,171,17.45
8313,1501,70,121,20.54
8314,1502,29,21,17.33
8315,1502,4,164,28.45
8316,1502,4,92,22.7
8317,1502,62,31,33.72
8318,1503,87,178,31.38
8319,1503,8,173,36.44
8320,1503,90,52,31.31
8321,1503,68,132,37.2
8322,1503,7,53,36.93
8323,1503,74,35,27.68
8324,1503,3,192,29.32
8325,1504,15,115,7.55
8326,1504,51,111,29.13
8327,1504,28,47,8.02
8328,1504,66,86,3.36
8329,1505,85,168,23.78
8330,1505,63,129,30.9
8331,1505,59,156,8.22
8332,1505,46,135,34.18
8333,1505,41,98,3.16
8334,1506,88,31,3.4
8335,1506,62,182,9.05
8336,1506,51,126,0.97
8337,1506,68,118,6.36
8338,1506,46,110,38.33
8339,1507,14,51,14.91
8340,1507,72,84,29.35
8341,1507,21,62,8.72
8342,1508,51,73,1.77
8343,1508,66,189,6.27
8344,1508,22,170,10.48
8345,1508,82,153,6.0
8346,1508,60,67,38.48
8347,1509,61,184,28.79
8348,1509,68,61,3.79
8349,1509,82,122,9.57
8350,1510,45,48,7.76
8351,1510,61,44,0.76
8352,1510,79,124,33.88
8353,1510,71,85,5.94
8354,1510,61,74,33.27
8355,1510,9,121,27.43
8356,1510,21,135,24.72
8357,1511,51,93,3.12
8358,1511,80,197,29.36
8359,1511,46,94,4.11
8360,1511,3,14,38.3
8361,1511,11,18,20.77
8362,1511,80,87,27.7
8363,1511,33,191,5.59
8364,1511,55,54,8.72
8365,1512,2,125,5.82
8366,1512,31,92,2.01
8367,1512,84,145,9.62
8368,1512,25,181,11.23
8369,1512,19,173,11.35
8370,1512,59,94,32.37
8371,1513,19,153,1.69
8372,1513,78,38,34.91
8373,1513,51,66,5.4
8374,1513,55,166,15.73
8375,1513,72,130,29.21
8376,1513,40,12,10.32
8377,1513,1,75,15.27
8378,1514,13,121,15.94
8379,1514,75,128,0.67
8380,1514,88,149,11.85
8381,1514,43,151,1.59
8382,1514,43,196,26.41
8383,1514,63,114,12.32
8384,1515,1,160,5.62
8385,1515,13,40,14.67
8386,1515,41,14,26.34
8387,1515,53,167,23.14
8388,1515,54,35,29.37
8389,1515,25,41,13.53
8390,1515,21,191,13.59
8391,1516,21,44,26.6
8392,1516,71,22,13.31
8393,1516,71,59,39.37
8394,1516,83,123,25.62
8395,1516,31,99,36.89
8396,1516,8,189,34.11
8397,1516,40,137,39.8
8398,1516,23,97,29.97
8399,1517,14,32,5.07
8400,1517,43,50,32.77
8401,1517,41,139,27.59
8402,1518,70,151,21.76
8403,1518,52,20,9.23
8404,1518,57,80,21.5
8405,1518,3,70,1.28
8406,1518,46,146,35.69
8407,1518,65,11,28.41
8408,1518,76,130,5.15
8409,1518,70,120,3.16
8410,1519,78,66,15.04
8411,1519,90,94,38.41
8412,1519,38,179,29.37
8413,1519,77,56,2.29
8414,1520,42,123,20.09
8415,1520,78,32,4.73
8416,1520,25,124,39.58
8417,1520,71,67,1.22
8418,1520,40,94,18.98
8419,1520,19,123,35.02
8420,1521,50,10,22.2
8421,1521,46,145,23.03
8422,1521,5,37,35.19
8423,1522,26,107,28.52
8424,1522,77,106,2.9
8425,1522,66,60,11.26
8426,1522,56,184,30.06
8427,1523,74,142,23.68
8428,1523,30,11,27.63
8429,1523,64,81,15.92
8430,1523,14,199,5.11
8431,1523,32,197,33.57
8432,1523,78,173,19.43
8433,1523,77,42,18.93
8434,1523,82,94,27.99
8435,1524,67,183,19.69
8436,1524,70,142,27.23
8437,1524,19,141,14.94
8438,1524,83,153,34.5
8439,1525,14,149,31.03
8440,1525,34,70,38.78
8441,1525,60,111,28.02
8442,1525,7,192,36.42
8443,1525,73,12,25.98
8444,1525,61,70,20.11
8445,1525,37,167,23.5
8446,1525,79,196,26.31
8447,1526,60,185,36.08
8448,1526,85,74,34.85
8449,1526,40,80,4.86
8450,1526,6,125,16.42
8451,1526,22,200,17.33
8452,1527,84,69,12.26
8453,1527,58,100,39.74
8454,1527,14,186,15.94
8455,1527,34,73,13.96
8456,1527,84,141,8.77
8457,1528,82,191,34.56
8458,1528,7,128,32.59
8459,1528,74,119,14.87
8460,1528,41,125,20.54
8461,1528,29,182,20.13
8462,1528,54,180,39.46
8463,1528,71,28,15.45
8464,1528,68,89,39.84
8465,1529,89,63,2.74
8466,1529,57,176,26.96
8467,1529,88,129,18.89
8468,1529,50,34,35.27
8469,1529,88,173,34.47
8470,1529,41,178,1.51
8471,1530,28,109,23.56
8472,1530,20,58,8.3
8473,1530,65,92,11.66
8474,1530,31,58,16.65
8475,1530,76,164,13.93
8476,1530,71,95,27.44
8477,1530,6,196,7.9
8478,1531,51,90,8.22
8479,1531,59,70,12.89
8480,1531,86,191,13.58
8481,1531,16,82,25.11
8482,1531,20,77,23.97
8483,1531,7,58,6.02
8484,1531,17,72,11.08
8485,1531,63,29,12.03
8486,1532,32,191,14.6
8487,1532,48,98,27.95
8488,1532,6,48,1.95
8489,1532,53,39,19.08
8490,1532,10,59,17.01
8491,1532,40,77,37.51
8492,1532,47,154,11.33
8493,1533,21,37,22.26
8494,1533,32,179,24.08
8495,1533,82,47,19.37
8496,1534,4,122,29.53
8497,1534,14,49,7.17
8498,1534,20,148,26.14
8499,1534,84,191,25.48
8500,1534,47,108,12.19
8501,1535,86,11,37.5
8502,1535,48,104,13.29
8503,1535,44,158,13.65
8504,1535,17,114,8.88
8505,1536,64,134,30.84
8506,1536,78,182,12.81
8507,1536,28,69,26.02
8508,1536,63,114,34.38
8509,1536,25,157,29.07
8510,1536,8,77,27.3
8511,1537,23,187,29.8
8512,1537,32,112,22.84
8513,1537,85,46,37.95
8514,1537,55,154,1.19
8515,1537,88,57,6.41
8516,1537,73,123,15.29
8517,1537,44,183,1.42
8518,1538,83,128,1.44
8519,1538,9,97,27.29
8520,1538,23,19,2.7
8521,1538,75,63,10.49
8522,1538,79,18,18.56
8523,1538,77,131,35.81
8524,1539,10,151,26.14
8525,1539,88,70,30.32
8526,1539,30,160,29.52
8527,1539,10,199,24.05
8528,1539,74,106,31.44
8529,1539,79,47,4.94
8530,1539,44,67,1.48
8531,1539,11,50,7.35
8532,1540,17,47,20.68
8533,1540,84,128,18.06
8534,1540,36,56,18.43
8535,1540,7,90,11.8
8536,1540,72,92,19.89
8537,1540,70,147,35.62
8538,1540,22,150,37.37
8539,1541,21,187,26.58
8540,1541,89,200,1.52
8541,1541,11,52,17.14
8542,1541,74,151,2.59
8543,1542,54,103,20.38
8544,1542,42,45,29.76
8545,1542,35,135,16.63
8546,1542,73,116,32.83
8547,1542,3,175,17.35
8548,1542,34,122,6.65
8549,1542,81,75,36.71
8550,1542,44,55,14.79
8551,1543,33,130,20.05
8552,1543,69,76,1.06
8553,1543,1,188,28.11
8554,1543,35,116,13.06
8555,1543,60,127,31.13
8556,1543,7,121,3.91
8557,1543,79,141,20.25
8558,1543,59,49,22.06
8559,1544,77,44,20.75
8560,1544,19,112,27.64
8561,1544,10,191,25.93
8562,1545,4,10,13.99
8563,1545,64,29,26.0
8564,1545,55,18,13.72
8565,1545,51,148,20.85
8566,1545,26,29,27.75
8567,1545,83,112,15.43
8568,1546,9,46,18.92
8569,1546,68,58,35.95
8570,1546,23,77,5.77
8571,1546,88,102,9.91
8572,1546,48,182,27.58
8573,1546,11,112,31.78
8574,1546,11,157,24.36
8575,1546,79,152,27.4
8576,1547,1,189,5.18
8577,1547,1,187,20.82
8578,1547,88,112,19.69
8579,1547,14,103,7.24
8580,1547,62,129,26.13
8581,1547,8,130,33.17
8582,1548,55,150,23.37
8583,1548,57,162,15.48
8584,1548,90,48,26.1
8585,1548,38,115,3.79
8586,1549,5,156,37.04
8587,1549,7,183,19.02
8588,1549,14,137,22.43
8589,1550,48,22,6.37
8590,1550,86,83,22.83
8591,1550,21,185,30.62
8592,1551,11,13,39.6
8593,1551,23,168,36.1
8594,1551,61,103,36.23
8595,1552,59,182,27.87
8596,1552,85,95,25.78
8597,1552,77,118,13.19
8598,1552,58,89,10.55
8599,1552,22,98,6.48
8600,1552,85,183,27.38
8601,1552,34,181,26.11
8602,1552,8,82,3.79
8603,1553,28,122,12.02
8604,1553,88,103,4.17
8605,1553,25,71,18.61
8606,1553,79,68,34.8
8607,1553,55,111,29.79
8608,1553,88,165,18.17
8609,1553,69,39,29.87
8610,1553,49,11,33.58
8611,1554,59,87,24.15
8612,1554,6,102,21.08
8613,1554,79,195,15.94
8614,1555,76,166,1.88
8615,1555,8,64,38.26
8616,1555,44,138,16.33
8617,1555,37,198,2.28
8618,1555,46,123,10.59
8619,1556,24,76,15.27
8620,1556,32,91,6.24
8621,1556,57,198,23.85
8622,1556,13,39,4.08
8623,1557,89,28,38.51
8624,1557,33,115,27.26
8625,1557,66,166,22.38
8626,1557,42,162,9.28
8627,1557,22,29,10.09
8628,1558,86,63,2.57
8629,1558,85,126,29.07
8630,1558,26,176,11.36
8631,1558,69,12,35.16
8632,1558,6,49,6.34
8633,1558,54,77,6.62
8634,1558,79,136,26.68
8635,1559,38,149,33.14
8636,1559,74,142,34.85
8637,1559,62,150,34.65
8638,1559,79,46,38.75
8639,1559,37,130,38.88
8640,1560,40,108,0.69
8641,1560,23,159,10.29
8642,1560,59,36,19.53
8643,1560,71,74,27.45
8644,1560,24,30,10.86
8645,1560,11,127,7.73
8646,1561,45,46,25.05
8647,1561,24,118,18.12
8648,1561,55,168,36.82
8649,1561,67,176,24.94
8650,1561,76,148,21.23
8651,1562,43,141,10.69
8652,1562,58,85,38.68
8653,1562,31,81,0.67
8654,1562,79,44,29.02
8655,1562,75,187,39.36
8656,1563,43,164,17.68
8657,1563,90,126,13.65
8658,1563,9,188,23.47
8659,1563,33,106,35.88
8660,1563,67,164,1.58
8661,1563,20,81,33.74
8662,1563,68,83,31.61
8663,1563,62,164,10.07
8664,1564,47,114,22.4
8665,1564,52,44,28.36
8666,1564,90,71,34.78
8667,1565,85,117,13.74
8668,1565,33,142,1.7
8669,1565,41,69,4.53
8670,1566,82,86,10.03
8671,1566,7,64,33.56
8672,1566,87,55,32.43
8673,1566,84,193,30.14
8674,1566,63,27,21.71
8675,1566,82,176,6.9
8676,1567,25,26,32.09
8677,1567,14,43,25.21
8678,1567,27,149,28.09
8679,1567,63,149,33.97
8680,1567,72,134,21.81
8681,1567,7,111,16.94
8682,1568,80,140,13.59
8683,1568,52,106,9.65
8684,1568,56,93,28.49
8685,1568,38,30,21.15
8686,1568,4,52,25.32
8687,1569,44,45,3.5
8688,1569,22,179,21.17
8689,1569,70,107,17.6
8690,1569,6,90,33.45
8691,1570,78,144,30.57
8692,1570,23,147,20.31
8693,1570,21,187,33.71
8694,1570,37,124,35.4
8695,1570,43,49,2.26
8696,1570,11,181,9.2
8697,1570,87,52,32.67
8698,1571,22,63,29.96
8699,1571,3,63,34.76
8700,1571,49,143,17.74
8701,1572,62,149,15.87
8702,1572,55,148,28.25
8703,1572,44,57,19.11
8704,1572,68,128,29.68
8705,1572,4,194,10.11
8706,1572,1,139,39.76
8707,1572,62,124,22.66
8708,1572,35,122,38.81
8709,1573,69,68,33.04
8710,1573,35,173,25.52
8711,1573,82,190,15.05
8712,1573,32,97,35.68
8713,1573,23,59,38.18
8714,1573,17,125,20.24
8715,1573,5,24,10.56
8716,1573,28,96,21.46
8717,1574,17,128,9.21
8718,1574,82,181,33.08
8719,1574,22,150,14.1
8720,1575,21,75,2.15
8721,1575,20,94,14.02
8722,1575,38,115,21.09
8723,1575,90,185,9.31
8724,1575,75,125,35.75
8725,1576,14,36,16.91
8726,1576,72,147,34.23
8727,1576,9,102,31.65
8728,1576,54,173,31.48
8729,1576,37,112,34.84
8730,1577,44,107,24.54
8731,1577,39,81,20.84
8732,1577,34,181,17.53
8733,1577,30,63,7.9
8734,1577,23,169,34.0
8735,1577,89,51,11.7
8736,1578,60,186,17.79
8737,1578,2,178,34.04
8738,1578,21,71,27.26
8739,1578,34,90,23.52
8740,1578,76,183,33.75
8741,1578,21,117,11.35
8742,1578,63,115,1.45
8743,1579,8,31,5.59
8744,1579,7,67,34.45
8745,1579,32,157,20.71
8746,1579,89,40,10.03
8747,1580,19,149,9.34
8748,1580,46,118,22.21
8749,1580,7,92,35.7
8750,1580,71,29,2.01
8751,1580,87,14,37.89
8752,1580,47,65,8.66
8753,1581,52,127,1.34
8754,1581,82,177,18.27
8755,1581,22,140,30.79
8756,1581,10,91,37.08
8757,1581,47,165,17.54
8758,1582,75,180,35.97
8759,1582,46,136,13.95
8760,1582,44,166,23.02
8761,1582,48,16,35.7
8762,1582,42,176,9.98
8763,1582,81,109,5.79
8764,1582,81,31,18.0
8765,1582,39,141,14.9
8766,1583,29,169,14.13
8767,1583,21,186,12.86
8768,1583,85,103,6.16
8769,1583,8,126,35.82
8770,1583,68,175,39.07
8771,1583,21,29,16.08
8772,1583,41,34,35.01
8773,1584,39,105,19.91
8774,1584,38,91,6.38
8775,1584,27,20,31.68
8776,1585,34,128,8.5
8777,1585,66,197,31.1
8778,1585,19,86,38.07
8779,1585,25,196,14.81
8780,1585,31,54,29.08
8781,1585,12,53,29.64
8782,1585,37,83,0.88
8783,1586,30,84,25.94
8784,1586,3,157,10.4
8785,1586,23,193,4.0
8786,1586,71,19,14.79
8787,1586,85,52,14.47
8788,1586,74,91,23.53
8789,1587,62,165,36.57
8790,1587,12,44,32.12
8791,1587,84,70,36.22
8792,1587,42,87,16.56
8793,1587,12,151,36.05
8794,1588,39,199,38.55
8795,1588,30,77,32.14
8796,1588,47,131,3.21
8797,1588,28,163,30.8
8798,1589,55,149,16.93
8799,1589,24,136,9.95
8800,1589,17,39,30.84
8801,1589,20,16,31.04
8802,1589,80,32,35.37
8803,1589,27,138,3.8
8804,1590,76,88,22.64
8805,1590,21,168,21.26
8806,1590,78,22,22.46
8807,1590,83,145,28.6
8808,1590,75,107,27.26
8809,1591,25,39,33.07
8810,1591,14,183,23.24
8811,1591,76,19,20.77
8812,1591,9,181,9.07
8813,1592,57,48,9.72
8814,1592,56,170,16.25
8815,1592,7,86,38.97
8816,1593,2,177,9.1
8817,1593,71,154,4.14
8818,1593,15,139,31.83
8819,1594,4,38,9.95
8820,1594,27,50,1.41
8821,1594,32,79,38.13
8822,1594,34,161,15.03
8823,1594,4,136,3.53
8824,1595,8,193,20.09
8825,1595,45,190,6.56
8826,1595,84,127,6.5
8827,1595,10,106,30.36
8828,1595,27,40,16.08
8829,1596,65,196,3.53
8830,1596,84,181,29.9
8831,1596,8,90,30.94
8832,1596,89,122,39.07
8833,1596,4,58,30.51
8834,1596,74,166,15.48
8835,1596,27,25,17.27
8836,1596,60,15,1.04
8837,1597,77,111,16.19
8838,1597,78,72,34.52
8839,1597,18,73,9.12
8840,1597,60,25,1.66
8841,1597,14,200,27.41
8842,1597,67,12,31.36
8843,1598,84,22,22.6
8844,1598,26,73,7.71
8845,1598,39,65,33.85
8846,1598,52,96,35.64
8847,1598,63,85,11.77
8848,1599,25,169,35.07
8849,1599,22,72,18.99
8850,1599,77,197,0.71
8851,1599,74,136,7.87
8852,1599,68,93,36.58
8853,1599,89,46,27.59
8854,1599,71,96,29.84
8855,1600,80,39,35.82
8856,1600,54,16,38.57
8857,1600,40,142,34.55
8858,1600,31,119,20.08
8859,1601,63,60,16.16
8860,1601,73,172,8.1
8861,1601,31,146,1.17
8862,1601,34,187,9.8
8863,1601,33,122,14.88
8864,1601,40,115,17.13
8865,1601,36,142,17.51
8866,1602,51,69,19.9
8867,1602,12,43,2.02
8868,1602,30,37,18.57
8869,1603,57,133,16.29
8870,1603,16,76,14.65
8871,1603,39,11,20.76
8872,1603,15,78,10.5
8873,1603,11,104,17.86
8874,1603,70,38,28.42
8875,1603,28,189,15.48
8876,1604,49,40,4.53
8877,1604,50,17,34.46
8878,1604,49,29,4.03
8879,1604,78,52,16.29
8880,1604,3,95,14.0
8881,1604,81,79,15.47
8882,1604,45,76,7.43
8883,1605,65,75,37.03
8884,1605,30,137,18.36
8885,1605,35,16,8.34
8886,1605,87,79,25.46
8887,1605,41,81,39.68
8888,1605,73,100,27.15
8889,1606,1,32,4.16
8890,1606,53,174,39.19
8891,1606,20,137,31.13
8892,1606,29,143,15.37
8893,1607,17,186,4.41
8894,1607,57,200,34.96
8895,1607,27,109,32.01
8896,1607,30,146,15.02
8897,1607,8,158,13.33
8898,1607,87,171,18.31
8899,1607,75,59,10.72
8900,1607,78,156,3.86
8901,1608,25,115,32.24
8902,1608,34,14,10.0
8903,1608,68,170,10.45
8904,1609,5,13,27.8
8905,1609,23,134,37.15
8906,1609,43,192,26.6
8907,1609,43,191,5.4
8908,1609,24,162,38.21
8909,1609,33,82,24.72
8910,1610,18,31,39.25
8911,1610,90,131,33.78
8912,1610,90,100,33.87
8913,1610,17,131,14.04
8914,1610,65,11,38.71
8915,1611,58,62,11.2
8916,1611,60,158,26.66
8917,1611,37,188,30.17
8918,1611,75,57,9.75
8919,1611,87,40,32.74
8920,1611,28,151,9.5
8921,1611,21,118,11.5
8922,1611,66,165,19.71
8923,1612,12,123,1.0
8924,1612,72,36,5.46
8925,1612,80,82,25.63
8926,1613,31,20,34.33
8927,1613,73,87,22.6
8928,1613,12,188,36.88
8929,1614,45,48,31.59
8930,1614,70,61,25.78
8931,1614,62,53,27.14
8932,1614,61,192,14.69
8933,1614,52,178,19.93
8934,1615,18,116,35.47
8935,1615,49,80,25.67
8936,1615,61,34,33.2
8937,1616,9,144,34.68
8938,1616,60,19,27.17
8939,1616,67,162,11.47
8940,1616,1,134,29.24
8941,1616,16,39,39.56
8942,1616,16,29,12.38
8943,1616,52,75,10.56
8944,1616,84,30,38.73
8945,1617,8,157,18.57
8946,1617,39,54,29.39
8947,1617,39,135,8.91
8948,1617,86,142,36.73
8949,1618,64,194,26.93
8950,1618,38,153,27.15
8951,1618,64,127,0.69
8952,1618,61,153,22.64
8953,1619,32,54,13.71
8954,1619,13,50,3.92
8955,1619,84,196,30.95
8956,1619,4,150,38.77
8957,1619,22,113,19.58
8958,1620,52,115,29.26
8959,1620,19,148,17.5
8960,1620,27,150,39.71
8961,1620,74,175,39.9
8962,1620,59,26,16.69
8963,1620,52,181,21.42
8964,1620,14,193,0.55
8965,1620,2,58,27.47
8966,1621,6,72,19.75
8967,1621,8,145,25.44
8968,1621,54,192,28.35
8969,1621,56,158,9.38
8970,1621,5,137,32.12
8971,1621,5,156,38.57
8972,1622,35,162,6.6
8973,1622,89,187,17.69
8974,1622,39,148,17.89
8975,1622,53,185,7.45
8976,1622,53,98,2.84
8977,1622,61,83,27.09
8978,1622,35,97,16.1
8979,1623,51,102,27.24
8980,1623,12,163,20.64
8981,1623,65,36,18.15
8982,1623,76,79,20.19
8983,1623,74,99,0.64
8984,1623,6,59,12.64
8985,1624,24,121,39.01
8986,1624,51,166,39.67
8987,1624,29,24,9.06
8988,1625,22,105,38.12
8989,1625,29,71,0.9
8990,1625,5,128,30.26
8991,1625,34,20,29.43
8992,1625,30,95,3.92
8993,1626,20,79,18.87
8994,1626,62,104,5.33
8995,1626,44,191,22.54
8996,1626,62,172,23.2
8997,1626,4,25,28.94
8998,1626,46,63,16.28
8999,1626,53,163,37.26
9000,1626,25,44,19.96
9001,1627,20,146,37.78
9002,1627,90,112,6.79
9003,1627,67,69,18.88
9004,1627,29,137,27.13
9005,1628,5,69,32.49
9006,1628,61,197,28.11
9007,1628,7,11,21.96
9008,1629,27,74,37.46
9009,1629,5,62,29.85
9010,1629,2,78,8.3
9011,1629,30,60,27.47
9012,1629,81,170,21.73
9013,1629,66,63,21.57
9014,1629,47,112,25.57
9015,1629,11,42,14.72
9016,1630,60,66,17.88
9017,1630,76,144,32.14
9018,1630,83,170,15.18
9019,1630,88,183,4.99
9020,1630,54,156,26.52
9021,1631,48,190,14.58
9022,1631,39,196,33.36
9023,1631,19,34,15.02
9024,1631,86,188,21.81
9025,1631,29,128,25.02
9026,1632,42,62,28.67
9027,1632,81,125,8.33
9028,1632,78,119,21.13
9029,1633,17,144,39.69
9030,1633,28,172,32.21
9031,1633,5,66,24.33
9032,1633,79,165,19.02
9033,1633,87,182,20.96
9034,1634,89,105,1.4
9035,1634,22,34,23.96
9036,1634,48,158,33.06
9037,1635,88,185,29.24
9038,1635,17,94,0.96
9039,1635,56,121,35.14
9040,1636,83,127,9.31
9041,1636,39,136,16.99
9042,1636,12,86,33.24
9043,1636,74,183,21.51
9044,1636,32,46,22.6
9045,1636,46,195,24.82
9046,1637,24,89,6.29
9047,1637,61,107,7.17
9048,1637,14,93,14.42
9049,1637,52,71,36.35
9050,1637,57,85,8.63
9051,1638,44,162,11.92
9052,1638,26,152,22.73
9053,1638,42,200,11.8
9054,1638,47,121,31.26
9055,1638,84,104,8.34
9056,1638,61,24,20.79
9057,1638,28,18,2.62
9058,1639,60,62,15.52
9059,1639,49,66,27.47
9060,1639,22,99,29.57
9061,1639,85,128,8.59
9062,1639,24,53,37.91
9063,1639,27,82,36.77
9064,1639,58,78,22.79
9065,1639,77,26,17.33
9066,1640,16,18,24.33
9067,1640,39,150,21.02
9068,1640,51,194,38.82
9069,1640,3,123,8.71
9070,1640,20,115,12.73
9071,1640,58,152,35.52
9072,1640,81,186,8.31
9073,1641,47,171,37.61
9074,1641,12,133,39.67
9075,1641,8,167,27.0
9076,1641,77,60,20.08
9077,1641,54,84,36.65
9078,1641,85,179,14.95
9079,1641,72,37,1.07
9080,1642,35,117,17.7
9081,1642,74,86,10.57
9082,1642,64,64,27.7
9083,1642,30,148,17.9
9084,1643,42,43,20.3
9085,1643,74,17,26.54
9086,1643,50,121,14.12
9087,1643,12,151,8.06
9088,1643,70,87,29.74
9089,1643,57,33,23.94
9090,1643,70,138,9.84
9091,1643,57,80,10.2
9092,1644,52,140,13.1
9093,1644,28,138,2.1
9094,1644,21,92,2.78
9095,1644,31,21,20.7
9096,1644,74,175,23.87
9097,1644,87,109,11.58
9098,1644,78,173,7.03
9099,1645,33,145,16.53
9100,1645,43,55,39.87
9101,1645,24,36,27.6
9102,1645,50,18,32.99
9103,1645,65,125,3.01
9104,1646,43,89,17.07
9105,1646,38,107,17.37
9106,1646,39,160,32.19
9107,1646,28,132,16.39
9108,1647,75,41,26.45
9109,1647,11,119,3.7
9110,1647,23,39,32.59
9111,1647,6,70,29.22
9112,1647,88,113,28.1
9113,1647,45,151,31.65
9114,1648,73,173,2.25
9115,1648,39,41,12.9
9116,1648,78,66,8.99
9117,1648,48,43,33.88
9118,1648,54,192,28.75
9119,1648,52,10,4.47
9120,1648,29,141,12.89
9121,1648,1,16,7.11
9122,1649,67,12,4.68
9123,1649,4,27,7.78
9124,1649,38,100,34.32
9125,1649,13,148,4.16
9126,1650,84,33,24.11
9127,1650,78,155,30.94
9128,1650,15,58,36.58
9129,1650,81,195,15.26
9130,1650,46,96,5.27
9131,1650,13,181,32.61
9132,1651,57,30,20.32
9133,1651,85,136,3.53
9134,1651,1,147,0.95
9135,1651,40,166,37.94
9136,1651,77,62,28.43
9137,1651,72,193,38.19
9138,1651,47,14,19.87
9139,1652,20,161,9.19
9140,1652,18,29,30.62
9141,1652,36,157,14.44
9142,1653,86,23,37.77
9143,1653,28,132,34.97
9144,1653,10,130,20.09
9145,1654,20,193,18.23
9146,1654,70,11,15.85
9147,1654,14,27,27.77
9148,1654,24,116,31.67
9149,1654,17,194,1.8
9150,1654,30,25,39.79
9151,1655,55,91,19.87
9152,1655,12,53,4.85
9153,1655,71,120,2.4
9154,1656,86,196,5.7
9155,1656,86,191,25.98
9156,1656,30,183,24.78
9157,1657,8,56,13.32
9158,1657,75,200,20.56
9159,1657,64,158,28.97
9160,1657,18,25,17.45
9161,1658,85,97,24.2
9162,1658,72,178,27.66
9163,1658,90,164,39.86
9164,1658,14,15,35.32
9165,1658,50,172,4.76
9166,1659,46,17,14.08
9167,1659,12,26,6.07
9168,1659,7,65,31.81
9169,1659,1,142,5.34
9170,1659,36,36,37.69
9171,1660,33,114,33.67
9172,1660,70,189,3.48
9173,1660,79,137,36.33
9174,1660,33,19,32.28
9175,1660,71,70,11.29
9176,1661,73,100,1.68
9177,1661,52,12,23.83
9178,1661,43,138,1.87
9179,1661,17,187,37.81
9180,1661,34,97,16.24
9181,1662,80,173,22.08
9182,1662,45,156,26.33
9183,1662,63,76,6.1
9184,1662,36,30,12.55
9185,1662,86,168,26.49
9186,1662,38,168,14.68
9187,1662,84,123,36.35
9188,1662,23,90,33.99
9189,1663,50,164,3.88
9190,1663,77,98,8.21
9191,1663,13,110,37.56
9192,1663,37,136,5.99
9193,1663,81,112,5.38
9194,1663,38,182,28.63
9195,1664,88,109,5.61
9196,1664,58,109,3.85
9197,1664,50,109,5.92
9198,1664,70,112,17.7
9199,1665,35,112,35.11
9200,1665,77,171,39.92
9201,1665,87,115,19.58
9202,1665,6,41,16.14
9203,1666,63,185,12.17
9204,1666,21,26,35.93
9205,1666,64,43,8.65
9206,1666,19,92,6.34
9207,1666,23,61,13.94
9208,1666,44,200,15.92
9209,1666,5,10,21.08
9210,1666,67,168,12.7
9211,1667,24,37,14.8
9212,1667,8,96,31.02
9213,1667,2,170,14.72
9214,1667,30,94,8.37
9215,1667,12,58,28.9
9216,1667,66,79,15.17
9217,1668,80,68,11.88
9218,1668,20,72,6.4
9219,1668,16,11,24.38
9220,1668,19,158,11.2
9221,1668,34,200,9.44
9222,1668,14,80,36.4
9223,1668,83,29,11.6
9224,1669,29,77,27.94
9225,1669,26,184,33.79
9226,1669,60,133,23.87
9227,1669,70,48,27.72
9228,1669,39,21,30.37
9229,1669,13,39,17.37
9230,1669,68,47,9.51
9231,1670,65,37,26.3
9232,1670,6,184,22.89
9233,1670,20,89,6.92
9234,1671,79,121,32.53
9235,1671,87,95,14.78
9236,1671,61,125,38.91
9237,1671,45,42,16.97
9238,1671,90,86,20.34
9239,1671,69,46,8.22
9240,1671,64,170,6.39
9241,1672,82,92,8.5
9242,1672,15,27,36.01
9243,1672,68,183,22.51
9244,1672,24,151,1.5
9245,1673,47,68,22.38
9246,1673,68,57,20.68
9247,1673,61,50,0.78
9248,1673,34,122,16.17
9249,1673,56,107,36.65
9250,1674,70,136,12.32
9251,1674,90,138,18.15
9252,1674,86,43,2.7
9253,1674,61,90,8.7
9254,1674,88,65,28.81
9255,1674,50,152,14.72
9256,1674,25,36,15.17
9257,1675,85,177,1.86
9258,1675,38,192,35.99
9259,1675,11,75,31.72
9260,1676,16,13,32.31
9261,1676,11,81,36.92
9262,1676,46,46,23.84
9263,1676,77,107,37.29
9264,1676,46,191,18.72
9265,1676,35,62,8.93
9266,1676,77,166,34.08
9267,1676,13,41,27.5
9268,1677,36,158,37.35
9269,1677,22,169,17.57
9270,1677,79,129,1.63
9271,1677,4,21,29.98
9272,1678,77,163,20.11
9273,1678,70,189,14.56
9274,1678,71,193,16.83
9275,1678,9,197,21.46
9276,1678,65,33,33.6
9277,1679,17,39,14.97
9278,1679,76,49,20.22
9279,1679,33,65,18.53
9280,1680,37,159,34.77
9281,1680,27,64,5.14
9282,1680,22,57,9.55
9283,1680,78,92,10.93
9284,1680,6,122,1.04
9285,1680,58,62,27.59
9286,1681,51,152,18.8
9287,1681,59,130,29.06
9288,1681,64,75,0.75
9289,1681,3,66,16.41
9290,1682,2,10,27.05
9291,1682,58,106,38.51
9292,1682,18,51,34.26
9293,1682,71,49,5.25
9294,1682,24,185,25.98
9295,1682,17,40,23.45
9296,1683,69,52,19.49
9297,1683,34,122,5.78
9298,1683,34,191,31.72
9299,1683,77,62,8.3
9300,1683,2,86,29.02
9301,1683,47,174,23.66
9302,1684,5,112,16.34
9303,1684,51,18,35.55
9304,1684,70,100,39.55
9305,1684,13,56,8.49
9306,1684,84,77,8.62
9307,1684,44,143,32.55
9308,1684,36,158,35.19
9309,1684,72,33,4.94
9310,1685,45,35,6.58
9311,1685,34,56,5.17
9312,1685,50,70,18.97
9313,1685,88,32,19.22
9314,1685,3,88,22.58
9315,1685,29,106,10.47
9316,1686,53,196,13.85
9317,1686,45,102,29.66
9318,1686,71,170,28.54
9319,1686,74,76,7.09
9320,1686,80,73,20.24
9321,1686,26,36,8.74
9322,1686,53,59,36.43
9323,1686,51,96,23.26
9324,1687,55,143,19.95
9325,1687,63,103,22.93
9326,1687,47,153,17.29
9327,1687,27,89,4.03
9328,1687,33,162,3.38
9329,1687,45,66,31.09
9330,1688,56,135,34.27
9331,1688,25,61,24.51
9332,1688,2,183,32.55
9333,1688,52,39,14.85
9334,1689,11,67,24.59
9335,1689,43,88,21.26
9336,1689,1,88,11.68
9337,1690,80,50,30.45
9338,1690,34,159,24.35
9339,1690,12,10,34.63
9340,1690,68,110,4.34
9341,1690,50,74,33.11
9342,1690,78,14,12.82
9343,1691,62,67,21.45
9344,1691,4,107,18.44
9345,1691,74,107,18.74
9346,1691,30,109,18.36
9347,1691,5,159,27.19
9348,1692,59,56,17.58
9349,1692,29,182,7.35
9350,1692,47,140,32.04
9351,1692,73,154,17.83
9352,1693,80,130,4.59
9353,1693,83,103,14.8
9354,1693,88,123,24.91
9355,1693,21,135,18.94
9356,1693,16,39,27.41
9357,1694,87,137,8.62
9358,1694,24,196,33.55
9359,1694,53,11,32.78
9360,1694,76,118,20.57
9361,1694,53,140,22.3
9362,1694,69,174,27.62
9363,1695,68,97,27.11
9364,1695,61,61,37.7
9365,1695,65,106,39.46
9366,1696,90,59,39.72
9367,1696,53,80,11.23
9368,1696,64,23,7.14
9369,1696,26,48,19.86
9370,1697,77,110,32.43
9371,1697,34,198,13.72
9372,1697,57,177,29.79
9373,1697,50,168,10.74
9374,1697,75,172,10.97
9375,1698,46,170,32.46
9376,1698,31,80,34.22
9377,1698,33,91,26.09
9378,1698,82,43,10.5
9379,1698,47,71,17.99
9380,1699,35,183,33.35
9381,1699,68,166,16.24
9382,1699,30,174,25.14
9383,1699,43,16,9.86
9384,1699,45,81,22.38
9385,1699,5,133,21.24
9386,1699,48,68,21.52
9387,1700,52,158,7.95
9388,1700,78,40,10.28
9389,1700,77,107,12.47
9390,1700,68,20,28.02
9391,1700,36,17,19.25
9392,1701,12,100,0.55
9393,1701,50,65,7.48
9394,1701,33,17,12.91
9395,1701,6,198,35.24
9396,1701,53,102,20.9
9397,1702,26,84,37.02
9398,1702,60,81,26.08
9399,1702,35,187,39.35
9400,1702,51,120,29.95
9401,1703,26,156,24.96
9402,1703,34,38,13.76
9403,1703,19,23,28.49
9404,1703,74,82,32.82
9405,1703,9,23,35.15
9406,1703,3,55,25.32
9407,1704,15,184,35.02
9408,1704,42,39,15.97
9409,1704,67,77,23.88
9410,1704,60,131,22.85
9411,1704,61,61,20.98
9412,1704,31,15,17.37
9413,1704,34,74,8.99
9414,1705,61,145,23.81
9415,1705,44,15,37.86
9416,1705,45,181,30.42
9417,1705,83,185,7.75
9418,1705,5,57,30.54
9419,1706,61,95,17.59
9420,1706,61,25,19.49
9421,1706,82,189,21.9
9422,1706,16,50,24.19
9423,1706,31,194,16.27
9424,1706,13,65,23.01
9425,1706,17,58,19.93
9426,1707,87,36,28.15
9427,1707,27,73,20.18
9428,1707,65,124,0.85
9429,1707,89,139,31.25
9430,1707,2,135,23.36
9431,1708,47,40,35.51
9432,1708,55,78,2.11
9433,1708,5,126,21.34
9434,1708,69,184,26.0
9435,1708,57,145,29.36
9436,1708,66,60,32.32
9437,1708,30,75,20.94
9438,1708,45,128,8.92
9439,1709,87,11,34.79
9440,1709,34,168,5.61
9441,1709,24,141,2.78
9442,1709,2,58,5.15
9443,1709,58,151,34.83
9444,1709,65,72,31.78
9445,1709,50,75,10.21
9446,1709,11,119,19.95
9447,1710,34,78,35.61
9448,1710,71,153,26.53
9449,1710,41,200,23.71
9450,1710,4,61,39.84
9451,1710,81,18,18.72
9452,1711,44,49,17.22
9453,1711,80,23,5.41
9454,1711,47,50,8.67
9455,1711,84,19,36.01
9456,1711,78,163,26.51
9457,1711,52,107,8.24
9458,1711,3,163,32.99
9459,1711,22,72,14.65
9460,1712,32,17,17.89
9461,1712,83,161,5.13
9462,1712,46,80,32.3
9463,1713,60,63,37.01
9464,1713,4,40,6.27
9465,1713,81,165,14.61
9466,1713,12,152,39.07
9467,1713,42,11,1.37
9468,1713,17,61,3.6
9469,1713,69,45,28.14
9470,1713,89,108,37.36
9471,1714,68,41,31.38
9472,1714,5,155,9.88
9473,1714,8,98,12.24
9474,1714,37,191,18.21
9475,1714,67,101,18.02
9476,1715,76,144,37.68
9477,1715,20,79,33.33
9478,1715,43,173,27.36
9479,1715,31,144,33.28
9480,1716,21,134,6.24
9481,1716,87,58,30.71
9482,1716,18,121,37.31
9483,1716,17,160,14.52
9484,1716,13,139,14.06
9485,1716,47,103,26.04
9486,1716,88,117,31.07
9487,1717,44,161,2.12
9488,1717,7,141,5.4
9489,1717,55,196,29.21
9490,1717,80,94,33.88
9491,1717,34,199,20.32
9492,1718,38,141,22.4
9493,1718,75,199,5.05
9494,1718,42,198,1.7
9495,1719,53,192,11.97
9496,1719,31,95,1.56
9497,1719,53,162,37.25
9498,1719,45,100,24.25
9499,1719,27,104,34.51
9500,1720,65,192,5.8
9501,1720,20,124,17.83
9502,1720,43,86,18.16
9503,1721,35,105,23.19
9504,1721,24,104,11.71
9505,1721,16,42,9.06
9506,1721,58,47,34.14
9507,1721,76,73,19.56
9508,1721,61,167,2.02
9509,1722,47,163,39.34
9510,1722,71,89,22.98
9511,1722,54,128,35.91
9512,1722,14,121,17.34
9513,1722,26,183,22.76
9514,1723,20,94,14.88
9515,1723,29,97,36.11
9516,1723,22,125,17.52
9517,1724,39,41,31.4
9518,1724,20,135,6.33
9519,1724,62,111,14.74
9520,1724,9,82,32.77
9521,1724,15,187,25.29
9522,1724,36,36,20.11
9523,1725,47,96,22.45
9524,1725,38,100,14.55
9525,1725,44,103,36.98
9526,1725,24,41,17.25
9527,1725,72,179,8.98
9528,1726,54,116,20.6
9529,1726,72,166,14.57
9530,1726,1,87,39.55
9531,1726,75,33,1.68
9532,1726,54,193,2.51
9533,1726,26,30,19.21
9534,1726,48,94,27.38
9535,1726,72,92,30.76
9536,1727,30,67,15.94
9537,1727,50,21,31.25
9538,1727,79,184,38.64
9539,1727,9,181,27.36
9540,1727,5,144,23.24
9541,1727,67,139,22.08
9542,1727,83,183,1.47
9543,1728,71,60,24.09
9544,1728,12,37,15.09
9545,1728,27,54,2.23
9546,1728,52,82,2.42
9547,1728,79,191,8.0
9548,1729,56,72,20.24
9549,1729,6,57,36.43
9550,1729,86,181,35.63
9551,1729,70,153,25.63
9552,1729,67,53,37.77
9553,1729,9,153,21.53
9554,1729,28,145,12.24
9555,1730,58,120,16.47
9556,1730,35,44,29.7
9557,1730,70,69,12.31
9558,1730,90,33,7.83
9559,1730,24,200,30.75
9560,1730,56,84,19.49
9561,1731,36,17,10.68
9562,1731,83,153,8.17
9563,1731,88,52,30.58
9564,1731,77,121,16.56
9565,1731,57,162,31.5
9566,1732,89,150,19.24
9567,1732,39,79,24.57
9568,1732,22,89,15.83
9569,1732,58,179,3.99
9570,1732,33,108,32.71
9571,1732,28,155,24.86
9572,1732,43,73,4.13
9573,1732,42,94,32.42
9574,1733,79,81,0.9
9575,1733,20,170,15.46
9576,1733,75,12,33.95
9577,1733,73,106,11.1
9578,1734,86,142,3.02
9579,1734,16,179,39.46
9580,1734,24,45,23.27
9581,1734,19,72,26.77
9582,1734,84,171,39.0
9583,1734,83,44,11.02
9584,1735,7,67,18.97
9585,1735,30,134,28.43
9586,1735,35,23,39.26
9587,1735,87,192,3.04
9588,1736,67,93,20.08
9589,1736,32,23,37.17
9590,1736,43,93,23.57
9591,1736,88,93,27.19
9592,1736,58,179,16.28
9593,1737,50,153,27.24
9594,1737,7,100,13.82
9595,1737,17,111,25.67
9596,1737,62,176,17.26
9597,1737,82,75,37.66
9598,1737,34,64,38.74
9599,1737,29,52,18.94
9600,1738,56,100,8.12
9601,1738,33,74,7.51
9602,1738,8,84,6.46
9603,1738,88,140,17.54
9604,1738,33,126,28.76
9605,1739,42,31,25.45
9606,1739,12,156,38.85
9607,1739,45,181,37.79
9608,1739,3,97,16.65
9609,1740,71,91,2.46
9610,1740,12,170,10.89
9611,1740,25,57,33.4
9612,1740,73,138,34.79
9613,1740,61,118,16.72
9614,1741,76,187,28.81
9615,1741,36,42,8.68
9616,1741,71,34,0.56
9617,1741,6,200,32.12
9618,1741,79,29,29.6
9619,1741,63,21,2.01
9620,1741,20,42,24.32
9621,1741,68,78,14.31
9622,1742,80,163,1.33
9623,1742,17,131,1.25
9624,1742,24,99,24.85
9625,1742,55,34,38.32
9626,1742,38,65,13.0
9627,1743,40,11,25.29
9628,1743,62,197,35.93
9629,1743,47,41,9.22
9630,1744,20,45,4.8
9631,1744,71,160,18.5
9632,1744,44,61,33.01
9633,1744,15,82,39.93
9634,1744,31,49,2.23
9635,1744,32,31,24.58
9636,1744,57,82,10.33
9637,1745,53,99,16.23
9638,1745,6,54,9.26
9639,1745,52,32,36.22
9640,1745,46,96,20.65
9641,1745,54,47,10.4
9642,1745,42,94,13.87
9643,1746,87,71,16.5
9644,1746,61,24,6.19
9645,1746,41,38,0.8
9646,1747,63,20,17.34
9647,1747,1,91,18.76
9648,1747,10,28,38.87
9649,1747,11,188,21.14
9650,1747,50,126,34.85
9651,1747,77,61,32.5
9652,1747,31,103,32.08
9653,1748,30,14,25.37
9654,1748,48,79,21.42
9655,1748,75,189,13.13
9656,1748,11,117,13.57
9657,1748,8,123,23.48
9658,1748,25,47,34.5
9659,1748,68,68,1.77
9660,1748,35,55,16.14
9661,1749,81,185,13.57
9662,1749,15,156,1.47
9663,1749,5,87,3.22
9664,1749,84,26,13.26
9665,1749,40,149,20.42
9666,1750,29,58,11.74
9667,1750,47,195,10.29
9668,1750,54,61,30.68
9669,1750,1,90,19.54
9670,1750,48,189,12.45
9671,1750,60,189,34.89
9672,1750,1,157,32.88
9673,1751,30,125,37.2
9674,1751,5,173,26.05
9675,1751,13,128,0.92
9676,1751,35,122,2.93
9677,1751,24,97,28.3
9678,1752,81,154,29.92
9679,1752,12,124,25.86
9680,1752,70,105,15.54
9681,1752,14,126,15.45
9682,1753,78,34,20.0
9683,1753,31,186,31.08
9684,1753,31,17,30.66
9685,1753,9,24,27.58
9686,1753,47,160,3.82
9687,1754,84,28,19.78
9688,1754,28,106,11.86
9689,1754,64,17,21.01
9690,1754,33,195,12.35
9691,1755,20,199,13.69
9692,1755,26,104,18.95
9693,1755,85,137,34.17
9694,1755,49,104,0.76
9695,1755,34,110,7.61
9696,1756,19,177,37.7
9697,1756,24,125,4.87
9698,1756,85,50,16.72
9699,1756,17,171,26.48
9700,1756,9,41,22.66
9701,1756,66,15,29.71
9702,1757,1,160,26.15
9703,1757,76,81,33.85
9704,1757,1,152,3.16
9705,1757,60,22,2.44
9706,1757,26,44,20.23
9707,1757,52,180,7.14
9708,1758,60,135,34.12
9709,1758,7,31,11.46
9710,1758,76,128,5.8
9711,1758,50,139,5.61
9712,1758,13,36,22.75
9713,1758,55,175,26.41
9714,1759,56,17,38.58
9715,1759,58,61,25.61
9716,1759,77,102,15.92
9717,1759,73,185,4.93
9718,1759,76,52,6.4
9719,1760,48,112,9.99
9720,1760,73,199,26.68
9721,1760,37,197,21.46
9722,1760,86,166,7.4
9723,1761,14,118,18.95
9724,1761,35,194,21.24
9725,1761,82,131,7.97
9726,1761,70,40,22.26
9727,1761,15,135,29.21
9728,1762,64,125,24.48
9729,1762,48,167,37.18
9730,1762,86,183,37.83
9731,1762,84,150,12.62
9732,1762,69,70,15.23
9733,1763,23,99,6.21
9734,1763,5,30,24.66
9735,1763,8,188,15.51
9736,1764,49,135,4.92
9737,1764,12,155,17.1
9738,1764,75,157,7.97
9739,1764,48,71,27.29
9740,1765,72,132,22.49
9741,1765,6,92,25.84
9742,1765,68,43,20.87
9743,1765,62,105,9.67
9744,1766,55,186,7.28
9745,1766,18,163,27.18
9746,1766,71,135,10.52
9747,1766,65,41,4.99
9748,1767,86,160,8.28
9749,1767,48,41,18.36
9750,1767,74,52,32.13
9751,1767,18,158,9.23
9752,1767,57,175,18.67
9753,1767,56,95,36.27
9754,1767,2,72,22.92
9755,1768,83,175,2.69
9756,1768,42,133,27.86
9757,1768,64,195,19.56
9758,1768,73,30,18.62
9759,1768,27,28,36.63
9760,1769,41,62,14.31
9761,1769,65,188,3.52
9762,1769,89,94,20.05
9763,1769,5,160,6.06
9764,1769,59,50,2.48
9765,1769,35,141,1.87
9766,1769,25,107,23.87
9767,1769,48,125,25.92
9768,1770,26,157,4.47
9769,1770,69,106,35.65
9770,1770,59,11,32.36
9771,1770,69,90,13.32
9772,1771,75,174,36.68
9773,1771,35,37,2.89
9774,1771,9,14,12.34
9775,1771,63,161,19.22
9776,1772,75,48,5.03
9777,1772,1,37,34.11
9778,1772,10,139,22.06
9779,1772,82,167,16.92
9780,1772,80,174,4.99
9781,1773,58,92,8.8
9782,1773,40,138,35.57
9783,1773,10,35,4.02
9784,1773,64,19,34.28
9785,1773,39,127,15.09
9786,1774,37,185,6.87
9787,1774,24,87,33.37
9788,1774,43,92,11.71
9789,1774,21,10,36.53
9790,1774,16,69,14.0
9791,1774,33,109,25.11
9792,1775,37,11,19.86
9793,1775,11,123,10.22
9794,1775,38,68,11.41
9795,1775,50,25,36.77
9796,1775,80,97,33.41
9797,1775,34,130,27.56
9798,1775,85,22,16.98
9799,1776,7,123,23.33
9800,1776,46,37,15.95
9801,1776,44,44,3.45
9802,1777,22,52,12.0
9803,1777,14,134,13.85
9804,1777,9,108,20.83
9805,1778,86,31,21.39
9806,1778,43,79,5.31
9807,1778,28,182,8.28
9808,1778,51,102,29.37
9809,1778,2,45,20.96
9810,1779,56,188,30.48
9811,1779,41,151,5.1
9812,1779,83,166,4.41
9813,1779,48,196,19.2
9814,1779,22,154,2.85
9815,1780,23,53,3.88
9816,1780,75,39,25.9
9817,1780,14,176,11.68
9818,1780,74,159,36.46
9819,1780,35,138,4.96
9820,1780,15,82,0.77
9821,1780,11,65,32.71
9822,1781,75,58,23.43
9823,1781,37,53,16.78
9824,1781,20,11,36.28
9825,1781,21,191,1.71
9826,1781,58,87,35.66
9827,1781,20,23,24.96
9828,1781,65,175,12.46
9829,1782,67,110,16.43
9830,1782,80,86,21.98
9831,1782,89,148,6.3
9832,1782,24,163,5.42
9833,1782,85,108,18.55
9834,1782,86,93,38.0
9835,1782,14,116,12.83
9836,1783,25,48,28.91
9837,1783,72,177,1.5
9838,1783,13,35,8.03
9839,1783,67,90,35.37
9840,1783,28,36,14.69
9841,1784,38,56,21.95
9842,1784,2,196,5.45
9843,1784,33,111,7.38
9844,1784,51,132,33.43
9845,1785,18,90,10.25
9846,1785,33,50,10.05
9847,1785,55,122,32.09
9848,1786,40,44,24.95
9849,1786,26,176,39.72
9850,1786,85,179,23.81
9851,1787,51,130,12.44
9852,1787,70,189,35.12
9853,1787,64,134,34.6
9854,1787,10,20,18.23
9855,1787,44,55,31.84
9856,1787,89,23,1.31
9857,1787,28,188,1.91
9858,1787,48,28,1.24
9859,1788,37,128,32.27
9860,1788,18,98,11.42
9861,1788,56,98,11.93
9862,1788,9,121,29.93
9863,1789,23,134,39.92
9864,1789,56,195,38.16
9865,1789,30,158,22.26
9866,1789,90,57,9.17
9867,1789,85,36,32.3
9868,1789,22,140,23.27
9869,1789,49,175,8.07
9870,1790,84,119,20.88
9871,1790,62,198,36.79
9872,1790,36,56,26.2
9873,1790,30,100,36.2
9874,1790,59,176,9.62
9875,1790,67,167,24.28
9876,1790,75,70,3.3
9877,1791,75,161,7.89
9878,1791,11,176,8.05
9879,1791,32,89,28.43
9880,1791,8,98,0.77
9881,1791,61,177,0.63
9882,1791,62,105,0.74
9883,1791,72,151,36.79
9884,1791,39,154,11.66
9885,1792,45,126,15.43
9886,1792,54,190,38.35
9887,1792,17,28,9.89
9888,1792,2,93,36.52
9889,1793,36,199,14.68
9890,1793,22,51,36.06
9891,1793,75,95,13.8
9892,1793,26,58,28.47
9893,1793,42,166,3.16
9894,1793,38,34,23.48
9895,1793,27,178,27.71
9896,1794,77,115,20.17
9897,1794,44,37,27.06
9898,1794,55,68,16.38
9899,1795,4,74,3.06
9900,1795,31,137,35.37
9901,1795,19,46,9.87
9902,1795,18,117,34.71
9903,1795,63,138,31.58
9904,1796,26,183,7.31
9905,1796,82,149,4.93
9906,1796,67,30,17.93
9907,1796,68,169,26.33
9908,1796,73,68,14.46
9909,1796,40,182,18.0
9910,1796,88,91,35.15
9911,1796,16,28,36.17
9912,1797,55,72,30.42
9913,1797,64,65,3.28
9914,1797,40,165,33.73
9915,1797,27,71,39.63
9916,1797,14,14,39.85
9917,1797,65,113,6.9
9918,1797,31,23,32.75
9919,1798,4,16,9.78
9920,1798,69,34,20.62
9921,1798,3,72,28.35
9922,1798,39,150,38.1
9923,1798,12,183,1.98
9924,1798,6,43,3.18
9925,1798,20,87,3.49
9926,1798,33,16,21.99
9927,1799,34,118,2.98
9928,1799,82,150,19.09
9929,1799,58,174,31.81
9930,1799,25,57,30.5
9931,1799,37,155,24.46
9932,1799,62,12,8.78
9933,1799,17,15,11.56
9934,1800,28,195,8.59
9935,1800,40,43,4.63
9936,1800,53,102,3.12
9937,1800,6,15,12.12
9938,1800,51,10,3.09
9939,1801,31,96,14.97
9940,1801,59,156,12.49
9941,1801,7,194,19.16
9942,1802,30,162,38.42
9943,1802,55,187,18.84
9944,1802,85,31,19.82
9945,1802,10,191,21.15
9946,1802,77,153,37.67
9947,1802,71,137,28.75
9948,1802,59,135,17.23
9949,1802,57,104,34.66
9950,1803,85,29,5.59
9951,1803,28,165,21.71
9952,1803,69,156,9.32
9953,1803,59,174,25.62
9954,1803,21,20,11.47
9955,1803,61,67,2.03
9956,1804,44,199,20.3
9957,1804,66,31,25.99
9958,1804,59,195,9.32
9959,1804,15,147,22.44
9960,1804,88,17,20.2
9961,1805,87,20,10.3
9962,1805,82,37,14.24
9963,1805,63,91,20.64
9964,1805,80,59,36.33
9965,1805,14,148,25.68
9966,1806,18,18,14.79
9967,1806,36,88,24.24
9968,1806,31,159,7.72
9969,1806,11,182,22.76
9970,1806,33,17,37.75
9971,1806,30,142,12.9
9972,1806,54,126,0.83
9973,1806,7,199,19.0
9974,1807,59,153,26.44
9975,1807,24,24,27.63
9976,1807,45,101,27.46
9977,1807,45,194,13.79
9978,1808,37,19,18.28
9979,1808,67,191,23.94
9980,1808,53,126,18.99
9981,1808,65,144,21.75
9982,1808,76,52,25.95
9983,1809,5,126,31.3
9984,1809,87,180,0.86
9985,1809,36,15,30.88
9986,1810,16,54,12.15
9987,1810,14,186,18.02
9988,1810,86,135,21.73
9989,1811,3,187,39.43
9990,1811,71,119,16.65
9991,1811,11,143,17.03
9992,1812,38,86,33.04
9993,1812,64,25,27.98
9994,1812,73,150,16.87
9995,1812,11,39,32.31
9996,1813,2,69,10.07
9997,1813,42,128,31.17
9998,1813,89,83,26.55
9999,1813,29,17,18.81
10000,1813,18,88,33.68
10001,1813,85,118,31.02
10002,1814,33,163,32.55
10003,1814,87,25,30.31
10004,1814,82,24,10.8
10005,1814,30,141,39.31
10006,1814,60,123,25.16
10007,1814,65,161,23.15
10008,1814,34,113,33.74
10009,1814,21,82,18.95
10010,1815,14,184,8.07
10011,1815,12,140,17.33
10012,1815,37,72,5.87
10013,1816,89,107,32.72
10014,1816,13,140,31.59
10015,1816,22,128,15.0
10016,1816,11,131,2.75
10017,1816,32,79,10.06
10018,1817,20,100,35.59
10019,1817,88,130,12.19
10020,1817,89,94,8.79
10021,1817,18,90,4.11
10022,1817,84,181,6.62
10023,1817,16,28,32.95
10024,1817,34,37,25.66
10025,1817,15,161,33.52
10026,1818,49,12,19.81
10027,1818,32,198,16.38
10028,1818,75,62,2.58
10029,1819,10,182,12.72
10030,1819,21,175,34.65
10031,1819,57,177,39.46
10032,1819,32,103,32.74
10033,1820,55,40,5.39
10034,1820,53,37,38.55
10035,1820,41,181,30.7
10036,1820,74,193,24.64
10037,1820,35,198,6.1
10038,1821,41,63,17.82
10039,1821,41,147,38.86
10040,1821,52,145,5.53
10041,1821,83,169,15.07
10042,1821,69,37,11.15
10043,1822,24,59,5.78
10044,1822,45,152,15.13
10045,1822,30,99,20.69
10046,1823,22,140,20.96
10047,1823,44,17,37.08
10048,1823,64,90,2.3
10049,1823,64,193,26.79
10050,1823,12,159,27.6
10051,1823,81,125,32.43
10052,1823,47,76,31.64
10053,1823,38,43,14.65
10054,1824,63,133,10.5
10055,1824,36,154,15.93
10056,1824,76,72,1.84
10057,1824,55,82,32.37
10058,1824,7,121,0.84
10059,1824,73,146,35.01
10060,1825,56,42,38.43
10061,1825,86,127,14.88
10062,1825,47,63,20.13
10063,1825,76,68,31.51
10064,1825,72,100,36.18
10065,1825,38,177,32.28
10066,1825,3,159,4.48
10067,1826,60,50,34.46
10068,1826,33,100,29.38
10069,1826,78,121,2.22
10070,1827,81,200,10.49
10071,1827,4,122,22.76
10072,1827,51,44,14.74
10073,1827,14,190,19.34
10074,1828,28,43,15.18
10075,1828,84,69,30.11
10076,1828,89,159,12.24
10077,1829,35,49,18.67
10078,1829,74,101,6.63
10079,1829,32,119,4.09
10080,1829,64,161,36.46
10081,1829,73,116,29.17
10082,1830,90,100,28.59
10083,1830,46,126,29.46
10084,1830,15,54,18.22
10085,1830,25,195,4.81
10086,1830,37,184,29.25
10087,1830,85,46,17.86
10088,1830,14,145,9.53
10089,1831,21,64,24.19
10090,1831,27,110,34.57
10091,1831,17,131,15.8
10092,1832,4,180,11.43
10093,1832,6,81,29.27
10094,1832,50,96,26.72
10095,1832,13,30,6.95
10096,1832,49,69,20.43
10097,1832,16,14,14.33
10098,1832,18,191,34.84
10099,1832,17,146,28.88
10100,1833,38,183,25.64
10101,1833,76,101,7.2
10102,1833,68,193,37.92
10103,1833,57,117,19.87
10104,1833,35,56,8.65
10105,1833,27,91,28.12
10106,1833,28,68,32.89
10107,1833,59,59,29.39
10108,1834,28,165,17.02
10109,1834,75,57,3.65
10110,1834,45,40,2.12
10111,1834,18,107,0.56
10112,1834,57,52,3.17
10113,1834,25,170,25.25
10114,1834,90,143,15.72
10115,1835,28,137,3.2
10116,1835,46,131,10.32
10117,1835,4,101,7.67
10118,1835,72,155,22.6
10119,1835,9,152,18.4
10120,1836,61,169,8.78
10121,1836,30,129,18.25
10122,1836,30,36,39.31
10123,1837,11,199,12.8
10124,1837,44,23,35.8
10125,1837,21,185,27.77
10126,1837,86,105,24.46
10127,1837,90,16,21.26
10128,1838,78,25,19.15
10129,1838,23,17,22.65
10130,1838,81,132,3.87
10131,1839,75,81,14.21
10132,1839,32,162,39.84
10133,1839,90,92,23.02
10134,1839,5,43,9.77
10135,1839,10,93,32.52
10136,1839,80,142,29.0
10137,1839,45,39,18.68
10138,1840,22,60,1.04
10139,1840,71,144,21.77
10140,1840,56,10,35.5
10141,1840,37,27,18.86
10142,1841,29,16,2.36
10143,1841,66,170,22.08
10144,1841,64,176,14.31
10145,1842,70,96,38.0
10146,1842,1,160,13.88
10147,1842,13,87,13.74
10148,1842,38,168,33.24
10149,1842,57,55,36.1
10150,1842,51,115,25.07
10151,1842,87,110,5.55
10152,1842,23,138,17.46
10153,1843,89,44,2.05
10154,1843,29,176,22.36
10155,1843,85,92,36.58
10156,1843,88,186,10.74
10157,1843,52,47,4.69
10158,1844,78,61,34.4
10159,1844,37,37,17.32
10160,1844,49,124,10.63
10161,1844,5,123,22.46
10162,1844,87,153,27.04
10163,1845,90,102,21.55
10164,1845,58,79,25.01
10165,1845,12,23,16.11
10166,1845,56,127,25.82
10167,1845,55,84,38.01
10168,1845,65,124,25.18
10169,1845,84,158,18.28
10170,1845,79,91,9.06
10171,1846,36,157,8.9
10172,1846,15,120,29.75
10173,1846,46,183,26.96
10174,1846,67,47,37.09
10175,1847,2,79,17.9
10176,1847,38,20,19.56
10177,1847,76,61,15.86
10178,1847,9,140,33.6
10179,1847,48,110,31.56
10180,1847,23,120,36.05
10181,1847,76,45,30.4
10182,1848,27,97,31.16
10183,1848,16,46,14.89
10184,1848,62,57,39.57
10185,1848,20,73,0.69
10186,1848,71,97,18.58
10187,1848,65,157,14.28
10188,1849,19,190,12.54
10189,1849,44,109,15.54
10190,1849,1,158,21.82
10191,1849,1,95,36.72
10192,1850,78,21,28.06
10193,1850,27,17,8.49
10194,1850,35,28,32.94
10195,1850,32,173,16.52
10196,1850,84,58,5.44
10197,1850,66,92,17.63
10198,1850,69,78,24.85
10199,1850,87,164,39.92
10200,1851,64,21,17.33
10201,1851,4,137,11.26
10202,1851,49,35,33.35
10203,1852,7,81,29.46
10204,1852,11,196,34.77
10205,1852,63,89,35.72
10206,1853,57,31,26.58
10207,1853,82,107,9.92
10208,1853,90,127,17.75
10209,1853,11,101,35.74
10210,1853,63,87,33.38
10211,1853,42,75,38.9
10212,1853,65,121,17.45
10213,1854,64,88,3.15
10214,1854,22,135,20.48
10215,1854,30,170,3.01
10216,1854,14,195,29.49
10217,1854,65,138,19.07
10218,1854,54,63,28.5
10219,1854,88,156,7.29
10220,1855,29,157,34.85
10221,1855,68,50,5.35
10222,1855,73,16,1.06
10223,1855,90,41,8.86
10224,1855,18,179,27.99
10225,1855,38,193,11.29
10226,1855,66,76,36.96
10227,1855,45,117,18.41
10228,1856,35,38,29.5
10229,1856,60,176,27.98
10230,1856,50,11,12.22
10231,1856,54,150,23.77
10232,1856,30,157,3.84
10233,1856,13,112,27.58
10234,1856,40,104,17.89
10235,1856,52,135,36.86
10236,1857,61,194,17.6
10237,1857,52,74,19.49
10238,1857,51,21,22.7
10239,1857,17,12,20.26
10240,1857,44,174,6.02
10241,1858,24,28,19.89
10242,1858,8,83,23.14
10243,1858,69,142,20.06
10244,1858,18,161,22.55
10245,1858,63,46,18.99
10246,1859,22,11,17.53
10247,1859,88,189,22.38
10248,1859,89,20,16.86
10249,1859,78,53,24.0
10250,1860,68,120,31.51
10251,1860,36,18,2.94
10252,1860,62,45,12.56
10253,1860,56,61,23.57
10254,1860,32,51,32.1
10255,1860,12,75,10.26
10256,1860,25,32,21.99
10257,1860,25,155,32.92
10258,1861,14,38,32.14
10259,1861,66,77,26.91
10260,1861,52,100,10.44
10261,1862,64,91,15.18
10262,1862,90,84,14.54
10263,1862,73,110,4.62
10264,1862,10,80,8.12
10265,1862,78,127,37.49
10266,1862,45,126,28.45
10267,1862,67,64,13.04
10268,1863,65,126,28.65
10269,1863,12,178,10.04
10270,1863,45,111,38.23
10271,1863,80,120,38.95
10272,1863,32,178,39.49
10273,1863,70,192,32.32
10274,1863,46,191,35.47
10275,1863,69,121,26.74
10276,1864,42,184,15.79
10277,1864,6,187,5.35
10278,1864,79,159,39.73
10279,1864,56,43,10.92
10280,1865,61,117,28.3
10281,1865,22,161,8.24
10282,1865,88,147,11.72
10283,1865,56,144,34.47
10284,1865,15,134,38.66
10285,1865,59,58,17.65
10286,1865,73,196,33.62
10287,1865,7,33,32.6
10288,1866,78,24,27.35
10289,1866,80,90,34.31
10290,1866,87,42,33.55
10291,1867,13,42,5.41
10292,1867,47,173,3.47
10293,1867,6,172,11.32
10294,1867,46,197,31.96
10295,1868,35,116,27.7
10296,1868,20,19,4.21
10297,1868,44,118,16.62
10298,1868,81,70,24.26
10299,1868,87,100,1.94
10300,1868,20,83,7.95
10301,1868,17,108,5.56
10302,1868,31,182,21.77
10303,1869,83,136,12.9
10304,1869,77,144,33.61
10305,1869,9,182,11.31
10306,1870,68,86,7.99
10307,1870,45,22,19.77
10308,1870,48,13,30.52
10309,1870,77,64,29.63
10310,1870,32,57,20.86
10311,1871,18,77,11.16
10312,1871,39,61,3.9
10313,1871,80,13,18.99
10314,1872,87,94,28.25
10315,1872,31,43,30.38
10316,1872,63,131,25.37
10317,1872,29,135,17.73
10318,1873,9,122,5.53
10319,1873,46,131,37.91
10320,1873,44,92,12.74
10321,1873,14,83,18.99
10322,1873,13,56,36.41
10323,1873,53,119,4.68
10324,1874,17,165,11.02
10325,1874,60,191,2.51
10326,1874,18,27,14.16
10327,1874,83,35,8.7
10328,1874,33,66,25.65
10329,1874,73,22,17.75
10330,1874,61,168,34.26
10331,1875,24,83,32.59
10332,1875,61,58,9.0
10333,1875,73,27,33.34
10334,1875,78,164,34.65
10335,1875,29,125,36.8
10336,1875,89,163,4.83
10337,1875,57,98,24.18
10338,1876,60,180,36.84
10339,1876,37,56,3.83
10340,1876,12,117,37.65
10341,1876,24,55,1.83
10342,1876,51,177,29.0
10343,1877,1,193,11.41
10344,1877,33,58,16.06
10345,1877,28,110,11.05
10346,1878,73,117,23.74
10347,1878,33,47,6.67
10348,1878,1,171,2.73
10349,1878,81,48,7.02
10350,1878,57,111,28.85
10351,1878,31,91,6.71
10352,1878,66,22,33.96
10353,1878,65,124,36.91
10354,1879,8,164,36.68
10355,1879,25,148,30.15
10356,1879,28,20,1.06
10357,1880,55,64,25.55
10358,1880,18,97,20.82
10359,1880,55,175,38.31
10360,1880,58,94,11.71
10361,1880,48,151,16.82
10362,1880,62,52,22.33
10363,1880,40,128,26.34
10364,1880,31,84,11.33
10365,1881,24,192,11.84
10366,1881,49,100,26.12
10367,1881,86,115,34.3
10368,1881,68,82,37.56
10369,1882,53,198,8.43
10370,1882,16,129,12.85
10371,1882,27,90,38.93
10372,1882,9,141,14.97
10373,1882,64,111,22.97
10374,1882,50,101,28.29
10375,1882,73,102,36.57
10376,1882,53,93,31.67
10377,1883,29,124,29.89
10378,1883,20,56,22.99
10379,1883,51,198,11.25
10380,1883,33,173,6.02
10381,1883,2,154,6.81
10382,1883,17,93,4.16
10383,1883,34,96,14.45
10384,1883,76,172,15.05
10385,1884,63,111,16.82
10386,1884,35,27,11.75
10387,1884,55,88,8.95
10388,1884,24,168,33.93
10389,1885,63,49,7.57
10390,1885,72,46,5.31
10391,1885,80,61,14.79
10392,1885,20,89,35.75
10393,1886,78,173,15.09
10394,1886,12,193,39.58
10395,1886,86,88,22.93
10396,1886,18,152,10.78
10397,1887,83,180,23.87
10398,1887,43,60,24.34
10399,1887,70,129,21.77
10400,1887,28,178,39.95
10401,1887,38,137,16.41
10402,1887,88,169,1.45
10403,1887,57,139,6.66
10404,1887,39,112,17.52
10405,1888,72,66,17.54
10406,1888,88,11,27.36
10407,1888,73,172,12.72
10408,1888,67,114,20.47
10409,1888,88,200,14.56
10410,1888,3,145,13.42
10411,1888,75,56,13.7
10412,1888,82,119,7.02
10413,1889,49,154,30.16
10414,1889,19,63,32.38
10415,1889,19,93,18.19
10416,1889,21,134,10.18
10417,1889,39,193,33.2
10418,1889,53,148,32.89
10419,1890,8,196,27.44
10420,1890,60,55,8.1
10421,1890,87,184,10.02
10422,1890,82,74,35.07
10423,1890,56,116,16.21
10424,1890,6,100,4.46
10425,1891,70,22,39.22
10426,1891,66,111,7.17
10427,1891,71,108,30.43
10428,1892,79,53,11.24
10429,1892,33,164,35.82
10430,1892,33,14,30.28
10431,1892,88,176,27.2
10432,1892,80,102,3.79
10433,1892,55,169,28.44
10434,1893,86,86,11.29
10435,1893,72,148,9.5
10436,1893,84,70,34.82
10437,1893,70,73,22.01
10438,1894,61,117,23.63
10439,1894,18,175,33.39
10440,1894,27,136,38.64
10441,1894,78,73,25.45
10442,1894,79,151,32.38
10443,1895,4,29,15.73
10444,1895,13,138,30.69
10445,1895,24,17,0.73
10446,1895,20,71,23.41
10447,1896,25,72,32.64
10448,1896,51,173,30.51
10449,1896,28,183,3.13
10450,1897,22,134,2.3
10451,1897,32,41,22.2
10452,1897,55,133,7.9
10453,1898,3,72,4.36
10454,1898,59,134,25.61
10455,1898,52,157,28.05
10456,1898,2,11,28.12
10457,1898,89,36,26.42
10458,1898,82,30,38.07
10459,1898,49,97,33.79
10460,1899,40,145,9.92
10461,1899,28,140,36.43
10462,1899,62,39,15.22
10463,1899,10,90,11.74
10464,1899,64,87,17.7
10465,1900,8,193,27.75
10466,1900,58,12,5.77
10467,1900,19,146,38.71
10468,1900,5,75,2.6
10469,1900,80,70,26.44
10470,1900,67,12,34.51
10471,1900,70,196,8.48
10472,1900,81,192,22.93
10473,1901,15,107,26.81
10474,1901,2,16,15.3
10475,1901,77,191,8.98
10476,1901,34,188,3.51
10477,1902,58,108,6.83
10478,1902,19,177,34.82
10479,1902,21,32,9.2
10480,1902,13,121,18.96
10481,1903,68,200,9.0
10482,1903,50,136,27.35
10483,1903,13,31,16.34
10484,1903,65,38,4.96
10485,1904,69,115,29.61
10486,1904,77,11,7.59
10487,1904,13,95,7.96
10488,1904,51,75,30.28
10489,1904,56,123,9.74
10490,1904,3,53,7.26
10491,1904,79,156,12.31
10492,1904,62,185,32.37
10493,1905,87,13,14.76
10494,1905,26,29,24.53
10495,1905,36,29,2.9
10496,1905,44,17,18.17
10497,1905,41,10,21.34
10498,1906,38,115,37.2
10499,1906,58,25,9.69
10500,1906,64,139,10.39
10501,1906,58,166,19.94
10502,1906,1,153,26.37
10503,1906,30,16,26.19
10504,1906,51,79,26.57
10505,1907,42,93,28.86
10506,1907,1,31,20.15
10507,1907,21,123,7.1
10508,1907,83,162,39.29
10509,1908,24,154,1.52
10510,1908,89,150,36.36
10511,1908,17,12,14.76
10512,1908,12,50,3.0
10513,1908,25,75,1.59
10514,1908,26,108,21.6
10515,1908,10,168,24.06
10516,1909,6,112,12.93
10517,1909,9,182,19.03
10518,1909,35,131,32.18
10519,1909,12,127,2.44
10520,1909,51,79,21.86
10521,1910,72,113,38.11
10522,1910,81,178,4.04
10523,1910,33,24,18.19
10524,1910,85,164,1.5
10525,1910,82,86,21.95
10526,1910,11,73,21.93
10527,1910,85,143,5.26
10528,1911,36,95,28.1
10529,1911,64,187,16.38
10530,1911,57,116,36.13
10531,1912,35,154,16.26
10532,1912,4,34,19.62
10533,1912,73,49,31.71
10534,1912,58,118,12.6
10535,1913,6,43,35.43
10536,1913,86,62,22.43
10537,1913,33,190,39.41
10538,1913,30,88,18.36
10539,1913,21,122,18.69
10540,1913,18,92,34.55
10541,1914,76,174,27.74
10542,1914,69,78,21.2
10543,1914,72,131,31.46
10544,1914,47,191,20.33
10545,1914,23,127,38.31
10546,1914,80,165,35.12
10547,1914,25,65,25.33
10548,1914,44,189,19.17
10549,1915,79,72,23.23
10550,1915,52,180,17.24
10551,1915,78,145,12.68
10552,1916,35,44,27.25
10553,1916,32,159,22.51
10554,1916,41,195,30.47
10555,1916,87,98,5.67
10556,1916,31,164,3.56
10557,1917,22,49,19.2
10558,1917,43,67,33.3
10559,1917,40,10,37.59
10560,1917,81,50,2.73
10561,1917,14,115,17.25
10562,1917,32,79,31.29
10563,1918,48,111,27.74
10564,1918,33,186,39.41
10565,1918,23,116,8.87
10566,1919,54,56,35.53
10567,1919,25,103,18.65
10568,1919,37,80,11.02
10569,1919,47,193,5.13
10570,1919,84,88,8.53
10571,1919,38,47,3.82
10572,1919,14,129,13.91
10573,1920,43,132,25.84
10574,1920,22,30,25.46
10575,1920,69,193,12.32
10576,1920,81,86,15.45
10577,1920,65,38,36.02
10578,1920,10,51,25.15
10579,1920,16,114,11.29
10580,1921,85,109,11.89
10581,1921,76,162,35.2
10582,1921,57,54,10.5
10583,1921,27,92,8.97
10584,1921,80,168,21.37
10585,1922,31,10,2.92
10586,1922,41,40,10.81
10587,1922,84,29,31.98
10588,1922,29,81,19.46
10589,1922,73,55,36.74
10590,1923,72,53,10.77
10591,1923,26,29,1.52
10592,1923,65,33,6.04
10593,1923,52,86,36.21
10594,1923,31,200,19.4
10595,1923,82,184,33.12
10596,1924,7,172,3.3
10597,1924,35,171,16.92
10598,1924,55,117,29.59
10599,1924,76,109,5.01
10600,1925,58,89,24.48
10601,1925,19,26,21.0
10602,1925,63,163,38.25
10603,1925,81,19,15.74
10604,1926,57,31,14.32
10605,1926,2,36,4.75
10606,1926,22,91,0.59
10607,1926,25,30,16.9
10608,1926,1,75,30.58
10609,1927,72,168,21.87
10610,1927,66,68,25.74
10611,1927,15,54,2.87
10612,1927,51,30,10.94
10613,1928,48,19,34.09
10614,1928,80,111,30.63
10615,1928,80,164,32.67
10616,1928,58,139,35.07
10617,1929,9,83,3.85
10618,1929,35,44,10.67
10619,1929,2,174,19.29
10620,1929,63,53,10.24
10621,1929,69,118,3.18
10622,1929,46,158,15.04
10623,1929,67,190,37.1
10624,1929,42,199,24.16
10625,1930,85,130,28.05
10626,1930,28,135,28.24
10627,1930,78,138,7.23
10628,1930,30,17,13.93
10629,1930,64,132,23.2
10630,1931,50,123,17.66
10631,1931,61,89,28.94
10632,1931,13,20,15.07
10633,1931,28,164,11.27
10634,1932,36,68,23.01
10635,1932,31,97,38.94
10636,1932,56,199,1.5
10637,1933,81,114,24.95
10638,1933,50,118,28.81
10639,1933,80,117,8.85
10640,1933,40,183,18.99
10641,1933,51,14,36.32
10642,1933,42,30,31.99
10643,1933,12,24,4.0
10644,1934,85,45,15.5
10645,1934,84,83,36.64
10646,1934,68,15,35.12
10647,1934,17,81,14.14
10648,1935,78,172,9.75
10649,1935,52,105,10.0
10650,1935,21,80,25.82
10651,1935,61,126,30.67
10652,1935,76,94,2.0
10653,1936,47,92,18.62
10654,1936,29,134,35.08
10655,1936,33,153,32.59
10656,1936,46,196,36.86
10657,1936,20,94,3.5
10658,1936,22,94,37.56
10659,1936,71,84,17.06
10660,1936,76,173,2.53
10661,1937,21,132,23.77
10662,1937,82,54,25.04
10663,1937,73,185,30.55
10664,1937,55,93,35.16
10665,1938,33,183,35.0
10666,1938,73,167,2.58
10667,1938,8,67,26.76
10668,1938,44,78,2.0
10669,1938,1,25,22.63
10670,1938,12,97,23.03
10671,1939,54,154,29.72
10672,1939,61,91,9.24
10673,1939,89,149,13.96
10674,1939,26,182,37.69
10675,1940,21,167,11.73
10676,1940,10,89,5.67
10677,1940,56,52,1.36
10678,1940,8,140,14.49
10679,1940,3,111,31.73
10680,1941,9,144,24.15
10681,1941,68,136,7.96
10682,1941,19,143,7.59
10683,1942,25,178,9.13
10684,1942,65,20,11.83
10685,1942,79,26,19.5
10686,1942,50,22,39.7
10687,1942,26,198,32.23
10688,1942,30,25,20.43
10689,1942,48,84,11.61
10690,1943,54,177,32.27
10691,1943,56,23,26.77
10692,1943,87,14,25.4
10693,1943,26,32,9.29
10694,1944,21,185,36.39
10695,1944,5,158,9.99
10696,1944,54,134,29.13
10697,1944,53,137,37.61
10698,1944,60,126,9.99
10699,1944,54,97,30.73
10700,1944,59,106,12.79
10701,1944,45,86,13.57
10702,1945,15,167,13.57
10703,1945,90,74,8.48
10704,1945,15,37,36.12
10705,1945,18,107,25.16
10706,1945,74,90,15.17
10707,1945,31,22,21.73
10708,1945,18,59,27.8
10709,1946,47,183,29.94
10710,1946,9,89,38.97
10711,1946,67,90,13.79
10712,1946,4,128,1.4
10713,1947,18,118,1.06
10714,1947,57,82,28.83
10715,1947,41,171,39.96
10716,1947,39,88,32.69
10717,1947,62,121,6.71
10718,1947,54,83,22.72
10719,1948,18,126,28.04
10720,1948,75,126,10.35
10721,1948,23,159,11.63
10722,1948,56,155,13.42
10723,1948,62,53,14.12
10724,1948,86,18,6.73
10725,1948,47,139,24.99
10726,1948,59,128,30.85
10727,1949,34,145,39.46
10728,1949,72,164,35.81
10729,1949,76,181,35.67
10730,1949,76,86,33.29
10731,1949,46,31,15.67
10732,1949,43,169,23.5
10733,1949,90,159,11.41
10734,1950,56,74,30.81
10735,1950,19,70,33.07
10736,1950,1,17,10.68
10737,1950,48,53,12.47
10738,1950,20,198,21.29
10739,1951,33,136,35.68
10740,1951,9,138,23.72
10741,1951,63,163,27.66
10742,1951,6,41,35.78
10743,1951,39,106,18.33
10744,1952,63,46,30.47
10745,1952,44,21,29.84
10746,1952,65,188,1.6
10747,1952,89,89,26.81
10748,1952,60,133,36.06
10749,1952,5,172,20.06
10750,1953,87,73,4.68
10751,1953,13,66,26.71
10752,1953,2,134,23.7
10753,1954,35,99,19.52
10754,1954,23,134,14.14
10755,1954,83,55,28.84
10756,1954,86,61,34.83
10757,1954,72,112,19.85
10758,1954,65,96,36.86
10759,1955,51,143,37.45
10760,1955,9,98,14.66
10761,1955,60,38,27.86
10762,1955,47,116,27.26
10763,1955,11,117,16.88
10764,1955,75,87,39.22
10765,1956,31,109,10.41
10766,1956,82,13,13.99
10767,1956,48,90,5.22
10768,1956,53,39,34.61
10769,1956,10,66,8.68
10770,1956,43,116,39.37
10771,1956,24,43,10.8
10772,1956,48,29,20.68
10773,1957,76,42,3.72
10774,1957,19,174,28.51
10775,1957,73,125,33.9
10776,1958,63,151,12.51
10777,1958,62,156,30.27
10778,1958,65,170,24.46
10779,1958,53,199,8.33
10780,1958,74,118,37.22
10781,1958,8,98,6.9
10782,1958,81,23,10.76
10783,1959,45,154,29.41
10784,1959,55,74,5.76
10785,1959,1,40,5.8
10786,1959,37,113,23.66
10787,1960,27,37,30.25
10788,1960,12,156,33.11
10789,1960,55,72,18.93
10790,1960,88,176,1.17
10791,1960,68,102,26.86
10792,1960,29,109,0.68
10793,1961,53,58,14.26
10794,1961,61,62,25.83
10795,1961,46,135,18.46
10796,1962,78,143,12.72
10797,1962,9,10,32.07
10798,1962,2,191,1.9
10799,1962,21,130,8.53
10800,1963,68,54,28.52
10801,1963,39,187,39.48
10802,1963,27,93,5.53
10803,1963,30,97,33.64
10804,1963,11,39,22.49
10805,1964,1,185,33.8
10806,1964,87,190,28.94
10807,1964,43,139,26.81
10808,1964,53,45,26.62
10809,1964,72,95,8.39
10810,1964,84,180,35.05
10811,1964,14,34,26.41
10812,1965,63,164,1.69
10813,1965,27,173,15.96
10814,1965,50,110,9.53
10815,1965,84,194,37.57
10816,1965,39,132,7.42
10817,1965,10,176,10.23
10818,1966,66,81,13.78
10819,1966,25,61,39.1
10820,1966,63,166,2.45
10821,1966,23,180,26.73
10822,1966,36,17,33.39
10823,1966,63,102,9.14
10824,1966,82,186,8.32
10825,1967,33,199,14.05
10826,1967,89,124,38.14
10827,1967,43,116,18.34
10828,1967,13,159,25.44
10829,1968,48,113,20.3
10830,1968,72,25,18.52
10831,1968,9,42,28.19
10832,1969,80,84,31.92
10833,1969,78,28,20.27
10834,1969,21,195,24.18
10835,1969,65,70,20.55
10836,1969,22,11,36.32
10837,1970,76,129,17.95
10838,1970,53,78,23.19
10839,1970,32,112,29.17
10840,1970,53,100,17.9
10841,1970,45,45,20.57
10842,1971,73,177,13.45
10843,1971,35,191,37.19
10844,1971,86,16,35.63
10845,1972,34,158,31.26
10846,1972,25,181,34.17
10847,1972,33,199,34.41
10848,1972,59,132,33.43
10849,1972,53,111,3.53
10850,1972,31,148,21.67
10851,1972,56,97,25.2
10852,1973,75,33,28.05
10853,1973,77,98,28.95
10854,1973,57,141,7.91
10855,1973,27,154,28.03
10856,1973,47,161,30.39
10857,1973,50,13,36.99
10858,1973,75,82,3.93
10859,1973,82,127,1.71
10860,1974,30,114,1.86
10861,1974,68,136,21.63
10862,1974,57,44,0.53
10863,1974,18,17,36.14
10864,1974,29,172,28.62
10865,1974,71,150,4.46
10866,1974,9,50,0.95
10867,1974,74,168,17.36
10868,1975,21,14,8.37
10869,1975,57,67,12.16
10870,1975,33,138,9.34
10871,1975,49,102,17.11
10872,1975,1,127,25.8
10873,1975,75,171,28.01
10874,1976,37,59,23.76
10875,1976,63,132,1.84
10876,1976,34,110,32.84
10877,1976,26,163,10.14
10878,1976,51,74,29.17
10879,1976,1,161,37.88
10880,1977,84,146,20.06
10881,1977,31,193,26.61
10882,1977,46,142,38.74
10883,1977,55,146,5.42
10884,1977,21,94,8.89
10885,1977,13,44,38.72
10886,1977,23,118,33.65
10887,1978,64,140,35.84
10888,1978,88,18,22.76
10889,1978,67,23,12.58
10890,1978,12,85,15.75
10891,1978,41,165,31.6
10892,1979,75,181,2.7
10893,1979,5,125,8.78
10894,1979,65,91,10.68
10895,1980,40,196,20.1
10896,1980,32,112,30.25
10897,1980,30,156,25.63
10898,1980,5,151,24.37
10899,1980,14,63,4.74
10900,1980,68,91,37.88
10901,1980,49,137,3.17
10902,1980,29,46,4.81
10903,1981,85,148,25.68
10904,1981,84,191,7.42
10905,1981,81,27,4.59
10906,1981,75,177,2.15
10907,1982,2,157,12.11
10908,1982,85,157,11.67
10909,1982,24,90,22.81
10910,1982,80,169,29.66
10911,1982,76,19,29.28
10912,1982,30,45,10.25
10913,1982,70,191,18.18
10914,1982,54,129,15.87
10915,1983,68,157,37.55
10916,1983,10,61,31.35
10917,1983,40,14,26.08
10918,1983,73,166,32.82
10919,1984,60,83,11.96
10920,1984,90,177,8.18
10921,1984,68,35,20.67
10922,1984,53,71,6.86
10923,1984,73,180,8.58
10924,1984,80,185,32.85
10925,1984,2,56,15.7
10926,1985,1,130,5.34
10927,1985,40,153,3.65
10928,1985,42,40,9.29
10929,1985,14,29,32.6
10930,1986,57,124,16.54
10931,1986,58,136,3.32
10932,1986,18,190,31.4
10933,1986,86,153,22.33
10934,1986,18,18,35.05
10935,1987,57,91,32.25
10936,1987,35,18,14.62
10937,1987,80,57,9.91
10938,1987,2,63,17.0
10939,1987,49,122,19.81
10940,1987,62,38,23.99
10941,1987,83,53,11.02
10942,1988,42,97,30.15
10943,1988,60,26,7.98
10944,1988,52,82,23.26
10945,1988,54,132,37.95
10946,1988,90,103,4.24
10947,1988,40,90,9.54
10948,1989,57,194,12.37
10949,1989,39,183,32.53
10950,1989,67,146,6.28
10951,1989,42,45,28.95
10952,1989,84,164,23.15
10953,1990,47,36,30.59
10954,1990,14,38,12.93
10955,1990,56,131,35.78
10956,1990,30,149,34.65
10957,1990,10,91,18.67
10958,1990,37,198,17.11
10959,1990,5,176,15.05
10960,1991,78,149,8.49
10961,1991,27,27,34.45
10962,1991,29,76,17.64
10963,1992,66,119,2.54
10964,1992,81,86,29.99
10965,1992,45,106,8.51
10966,1992,31,62,31.21
10967,1992,74,48,10.15
10968,1993,36,92,18.36
10969,1993,44,29,13.01
10970,1993,44,194,19.09
10971,1993,68,173,5.77
10972,1994,26,52,38.48
10973,1994,87,199,35.02
10974,1994,19,128,4.0
10975,1994,15,180,21.25
10976,1994,86,109,31.03
10977,1994,89,140,36.42
10978,1994,49,158,37.45
10979,1994,33,133,17.01
10980,1995,61,16,8.76
10981,1995,72,98,26.23
10982,1995,36,130,22.63
10983,1995,57,187,7.82
10984,1995,68,34,23.05
10985,1995,25,41,31.96
10986,1995,20,55,29.09
10987,1995,36,33,30.99
10988,1996,66,188,0.54
10989,1996,51,57,14.27
10990,1996,88,158,10.4
10991,1996,13,138,14.74
10992,1997,70,166,6.99
10993,1997,69,145,35.57
10994,1997,31,31,10.82
10995,1998,52,67,1.61
10996,1998,21,139,6.45
10997,1998,61,58,13.39
10998,1998,39,166,0.86
10999,1998,58,158,32.63
11000,1999,13,119,33.22
11001,1999,65,159,28.69
11002,1999,84,45,4.15
11003,1999,19,199,31.85
11004,1999,8,144,17.0
11005,1999,70,114,36.34
11006,2000,27,86,17.81
11007,2000,7,185,27.36
11008,2000,69,54,8.83
11009,2000,74,53,34.12
11010,2000,70,122,7.5
11011,2000,77,176,25.77
11012,2000,51,129,37.35
11013,2000,86,64,16.02
11014,2001,3,151,12.09
11015,2001,6,36,19.03
11016,2001,51,48,20.81
11017,2001,2,70,37.81
11018,2002,37,180,20.23
11019,2002,74,30,25.45
11020,2002,56,71,10.54
11021,2002,84,191,9.29
11022,2002,88,18,9.54
11023,2002,13,25,28.68
11024,2002,89,35,15.83
11025,2003,23,46,21.2
11026,2003,47,91,12.59
11027,2003,38,10,21.57
11028,2003,43,126,24.81
11029,2003,49,48,6.93
11030,2003,74,100,3.5
11031,2004,40,144,17.37
11032,2004,5,107,29.38
11033,2004,54,21,29.72
11034,2004,8,56,34.72
11035,2004,1,85,17.04
11036,2004,3,173,4.6
11037,2004,34,166,26.57
11038,2005,49,44,36.11
11039,2005,36,28,38.59
11040,2005,54,109,25.25
11041,2005,70,149,11.87
11042,2005,61,66,34.01
11043,2005,19,29,17.51
11044,2005,8,55,36.49
11045,2005,36,49,35.93
11046,2006,35,200,10.54
11047,2006,2,127,3.51
11048,2006,9,174,37.04
11049,2006,88,128,30.36
11050,2006,79,142,15.31
11051,2007,82,17,33.7
11052,2007,56,123,4.22
11053,2007,70,96,9.74
11054,2007,29,178,8.37
11055,2007,16,137,30.68
11056,2008,33,198,32.51
11057,2008,22,154,36.8
11058,2008,71,187,7.05
11059,2008,75,55,6.69
11060,2008,24,139,38.35
11061,2009,24,22,20.61
11062,2009,88,100,5.98
11063,2009,57,110,22.13
11064,2009,16,50,16.97
11065,2009,56,52,13.7
11066,2009,6,93,30.49
11067,2009,62,198,9.5
11068,2009,18,81,30.12
11069,2010,38,71,2.64
11070,2010,89,53,14.93
11071,2010,22,134,10.4
11072,2010,51,48,31.64
11073,2010,31,153,9.6
11074,2010,37,85,2.37
11075,2010,87,69,19.53
11076,2011,77,159,23.88
11077,2011,20,197,22.7
11078,2011,46,198,21.22
11079,2011,25,67,39.42
11080,2012,37,152,16.75
11081,2012,32,42,23.84
11082,2012,6,141,13.11
11083,2013,86,140,34.27
11084,2013,85,37,13.72
11085,2013,4,90,5.16
11086,2013,17,64,18.93
11087,2013,22,36,2.84
11088,2014,33,130,23.11
11089,2014,30,155,4.74
11090,2014,10,130,5.43
11091,2014,33,192,0.89
11092,2014,26,191,10.62
11093,2015,36,145,16.15
11094,2015,87,134,30.3
11095,2015,62,85,31.34
11096,2015,77,106,16.49
11097,2015,1,123,5.84
11098,2015,51,106,29.32
11099,2015,38,130,10.9
11100,2015,19,11,22.55
11101,2016,67,162,8.82
11102,2016,82,49,14.55
11103,2016,17,146,27.3
11104,2016,75,170,11.64
11105,2016,40,65,23.44
11106,2016,47,39,16.39
11107,2017,57,105,5.73
11108,2017,56,117,22.65
11109,2017,72,23,9.07
11110,2017,13,119,8.25
11111,2017,61,143,3.25
11112,2017,41,48,10.83
11113,2018,32,134,15.73
11114,2018,35,50,24.59
11115,2018,66,68,30.36
11116,2018,29,12,8.76
11117,2018,80,101,9.99
11118,2019,67,177,21.72
11119,2019,45,58,7.64
11120,2019,72,129,35.25
11121,2020,11,75,24.97
11122,2020,78,135,33.51
11123,2020,39,126,39.14
11124,2021,87,177,18.26
11125,2021,60,19,11.38
11126,2021,76,167,2.07
11127,2021,54,127,21.59
11128,2022,44,157,19.43
11129,2022,58,69,24.58
11130,2022,13,18,26.7
11131,2022,88,74,1.34
11132,2022,61,62,36.39
11133,2022,52,148,36.21
11134,2023,3,85,32.51
11135,2023,87,137,38.67
11136,2023,41,119,25.18
11137,2023,36,64,1.75
11138,2023,21,36,35.96
11139,2023,65,179,31.82
11140,2023,59,179,18.43
11141,2024,76,35,15.79
11142,2024,65,128,7.65
11143,2024,53,73,12.67
11144,2024,9,40,1.77
11145,2024,69,94,17.87
11146,2024,72,192,17.07
11147,2024,15,47,15.71
11148,2025,9,151,38.77
11149,2025,76,40,7.07
11150,2025,63,153,25.14
11151,2025,69,140,15.0
11152,2025,84,52,10.7
11153,2025,87,159,3.03
11154,2025,52,16,25.71
11155,2026,72,95,35.09
11156,2026,25,129,28.67
11157,2026,8,190,31.89
11158,2026,28,126,36.02
11159,2026,27,41,21.42
11160,2026,48,154,16.44
11161,2026,64,15,19.98
11162,2026,16,121,30.18
11163,2027,40,10,0.69
11164,2027,35,19,31.48
11165,2027,48,115,2.28
11166,2027,31,41,2.51
11167,2027,55,89,38.78
11168,2028,75,115,21.2
11169,2028,21,55,29.45
11170,2028,65,179,35.99
11171,2028,40,49,18.41
11172,2029,76,192,19.67
11173,2029,77,48,35.9
11174,2029,48,39,31.98
11175,2029,83,162,19.48
11176,2029,25,115,16.61
11177,2030,47,140,36.1
11178,2030,60,153,28.24
11179,2030,86,196,10.11
11180,2030,86,133,36.44
11181,2030,8,189,13.24
11182,2030,76,200,27.99
11183,2030,46,175,28.7
11184,2030,8,120,27.88
11185,2031,42,59,28.73
11186,2031,1,172,4.72
11187,2031,38,67,28.18
11188,2031,33,25,38.54
11189,2031,21,99,15.39
11190,2031,8,21,12.09
11191,2031,26,35,16.66
11192,2032,46,47,19.47
11193,2032,1,122,4.86
11194,2032,20,124,23.24
11195,2032,89,129,4.55
11196,2032,56,64,29.78
11197,2032,42,12,16.71
11198,2033,73,194,24.5
11199,2033,4,186,12.12
11200,2033,66,150,25.35
11201,2033,63,194,16.58
11202,2034,5,46,29.66
11203,2034,40,73,38.05
11204,2034,51,173,39.37
11205,2034,30,157,3.14
11206,2034,66,89,39.83
11207,2034,35,133,5.48
11208,2035,60,141,6.72
11209,2035,84,21,27.44
11210,2035,56,168,1.35
11211,2035,89,37,13.15
11212,2035,90,99,1.8
11213,2035,24,110,36.46
11214,2036,80,130,9.44
11215,2036,18,49,31.82
11216,2036,87,24,32.71
11217,2036,56,108,17.84
11218,2036,52,92,11.82
11219,2036,1,93,9.76
11220,2036,82,55,11.47
11221,2036,81,176,5.0
11222,2037,43,67,28.2
11223,2037,65,200,17.66
11224,2037,10,129,22.23
11225,2037,2,103,22.38
11226,2038,43,125,9.36
11227,2038,15,67,15.44
11228,2038,57,152,30.41
11229,2039,43,105,5.77
11230,2039,15,90,5.21
11231,2039,57,12,39.72
11232,2039,45,180,14.93
11233,2039,64,12,14.88
11234,2040,72,112,21.5
11235,2040,35,84,4.16
11236,2040,25,97,37.17
11237,2041,23,91,22.67
11238,2041,77,48,35.03
11239,2041,32,90,17.52
11240,2041,5,108,26.1
11241,2041,43,180,14.16
11242,2041,47,32,19.56
11243,2041,76,124,27.94
11244,2041,47,29,34.71
11245,2042,76,95,9.11
11246,2042,23,126,32.2
11247,2042,35,74,32.39
11248,2042,43,145,26.03
11249,2042,86,26,25.16
11250,2043,26,78,16.97
11251,2043,12,111,11.45
11252,2043,49,29,13.13
11253,2044,20,46,5.54
11254,2044,87,76,36.17
11255,2044,58,20,29.79
11256,2044,66,34,39.22
11257,2045,89,37,7.13
11258,2045,57,28,24.81
11259,2045,69,79,2.22
11260,2045,72,163,35.25
11261,2045,85,74,10.23
11262,2045,39,151,26.81
11263,2045,83,196,32.84
11264,2046,66,38,19.76
11265,2046,77,73,0.83
11266,2046,2,143,34.14
11267,2046,42,141,21.9
11268,2046,76,165,34.97
11269,2046,43,177,36.41
11270,2047,3,59,9.06
11271,2047,4,97,39.76
11272,2047,71,199,4.94
11273,2047,7,96,15.38
11274,2047,29,97,38.31
11275,2048,76,19,25.57
11276,2048,14,70,39.99
11277,2048,13,115,28.22
11278,2048,73,87,17.01
11279,2048,18,172,3.47
11280,2048,38,120,38.53
11281,2048,55,76,6.2
11282,2049,68,58,16.16
11283,2049,21,23,18.55
11284,2049,35,169,20.62
11285,2049,72,77,23.6
11286,2049,89,195,13.18
11287,2049,10,54,15.86
11288,2049,75,48,0.52
11289,2050,56,104,16.98
11290,2050,88,100,20.07
11291,2050,16,117,15.93
11292,2050,63,141,25.45
11293,2050,28,15,11.77
11294,2050,74,169,14.14
11295,2050,8,87,9.79
11296,2050,65,155,27.18
11297,2051,35,100,2.06
11298,2051,50,46,35.09
11299,2051,73,92,8.01
11300,2051,17,42,33.96
11301,2051,3,130,39.85
11302,2051,35,196,39.17
11303,2052,33,34,36.72
11304,2052,53,35,35.76
11305,2052,86,155,14.88
11306,2052,47,135,10.43
11307,2052,70,111,5.18
11308,2052,2,186,13.26
11309,2053,5,142,9.16
11310,2053,35,172,32.72
11311,2053,36,46,27.18
11312,2053,61,141,21.45
11313,2053,73,149,37.15
11314,2054,56,166,15.63
11315,2054,49,166,8.25
11316,2054,48,180,36.66
11317,2055,56,186,6.95
11318,2055,31,116,21.79
11319,2055,11,54,19.07
11320,2055,30,75,5.35
11321,2055,27,166,29.71
11322,2055,45,96,25.57
11323,2056,18,141,1.2
11324,2056,59,137,3.69
11325,2056,4,117,5.63
11326,2056,38,102,34.77
11327,2057,74,83,11.06
11328,2057,29,103,26.84
11329,2057,36,34,39.76
11330,2057,83,82,28.01
11331,2057,80,28,1.71
11332,2057,28,57,38.02
11333,2057,90,41,33.17
11334,2057,56,179,30.06
11335,2058,55,173,19.71
11336,2058,33,130,19.54
11337,2058,82,44,30.17
11338,2058,13,30,26.64
11339,2058,8,85,0.56
11340,2058,30,140,10.39
11341,2059,3,31,25.88
11342,2059,58,130,28.61
11343,2059,80,98,25.95
11344,2059,25,82,6.13
11345,2059,42,64,23.86
11346,2059,79,43,5.79
11347,2060,58,56,18.51
11348,2060,33,102,18.11
11349,2060,44,22,7.01
11350,2060,14,178,32.28
11351,2060,68,98,7.87
11352,2060,13,82,21.29
11353,2061,49,58,21.48
11354,2061,75,111,28.6
11355,2061,69,135,21.91
11356,2061,65,86,7.47
11357,2061,3,180,11.77
11358,2061,43,186,25.22
11359,2061,76,153,10.24
11360,2061,85,138,31.77
11361,2062,50,157,28.21
11362,2062,32,184,23.79
11363,2062,68,97,10.03
11364,2063,53,30,34.16
11365,2063,86,190,25.99
11366,2063,76,84,16.75
11367,2063,57,175,18.36
11368,2063,86,27,21.03
11369,2064,54,30,34.99
11370,2064,74,93,24.93
11371,2064,38,173,13.46
11372,2064,75,44,28.32
11373,2065,57,54,9.57
11374,2065,81,95,38.47
11375,2065,7,32,24.94
11376,2065,59,64,20.03
11377,2065,74,118,5.94
11378,2065,87,60,20.45
11379,2065,75,107,35.39
11380,2065,46,84,30.75
11381,2066,60,155,3.89
11382,2066,62,151,25.27
11383,2066,20,44,1.3
11384,2066,71,193,25.97
11385,2066,3,17,4.35
11386,2066,33,55,20.43
11387,2066,53,180,16.94
11388,2066,8,111,7.7
11389,2067,76,97,4.75
11390,2067,75,20,22.82
11391,2067,51,123,4.38
11392,2067,90,181,39.64
11393,2067,2,179,20.69
11394,2068,46,141,27.94
11395,2068,24,79,6.69
11396,2068,23,133,34.38
11397,2068,83,85,35.12
11398,2068,89,160,38.36
11399,2068,55,99,28.3
11400,2068,17,168,12.25
11401,2068,67,60,34.21
11402,2069,76,128,6.63
11403,2069,43,26,7.61
11404,2069,28,75,8.62
11405,2070,60,105,27.18
11406,2070,88,133,20.16
11407,2070,28,74,36.18
11408,2070,17,109,32.07
11409,2070,43,146,34.24
11410,2070,42,22,8.67
11411,2071,83,161,17.79
11412,2071,12,75,0.54
11413,2071,62,29,25.37
11414,2071,88,170,7.7
11415,2071,66,17,38.25
11416,2071,53,31,37.64
11417,2071,74,162,1.89
11418,2071,34,110,16.02
11419,2072,35,131,6.49
11420,2072,12,127,5.23
11421,2072,22,84,30.84
11422,2072,48,109,17.22
11423,2072,85,72,31.41
11424,2072,7,65,6.57
11425,2072,26,109,37.24
11426,2072,74,105,28.75
11427,2073,49,135,8.67
11428,2073,2,131,38.8
11429,2073,12,24,26.62
11430,2073,23,143,27.7
11431,2073,84,162,12.25
11432,2073,60,108,11.09
11433,2074,88,106,3.98
11434,2074,79,188,25.74
11435,2074,78,62,26.42
11436,2074,86,70,4.74
11437,2075,43,110,28.07
11438,2075,33,67,23.41
11439,2075,5,159,13.08
11440,2075,81,164,33.56
11441,2075,51,112,9.1
11442,2075,3,25,26.25
11443,2076,16,23,14.67
11444,2076,10,109,10.73
11445,2076,58,140,18.76
11446,2076,83,24,34.91
11447,2076,65,37,4.07
11448,2076,84,103,30.72
11449,2076,26,186,29.31
11450,2076,81,181,25.42
11451,2077,62,170,35.53
11452,2077,77,91,23.44
11453,2077,70,110,17.91
11454,2077,61,188,2.92
11455,2078,75,192,30.93
11456,2078,61,32,39.43
11457,2078,89,160,36.84
11458,2078,50,165,30.74
11459,2078,13,93,12.05
11460,2078,71,56,38.97
11461,2078,62,12,2.46
11462,2079,90,36,8.88
11463,2079,17,110,20.62
11464,2079,25,130,32.71
11465,2079,54,15,6.69
11466,2080,47,137,19.54
11467,2080,89,44,29.8
11468,2080,9,144,11.0
11469,2081,11,131,17.71
11470,2081,47,96,22.54
11471,2081,21,49,9.19
11472,2081,48,102,35.37
11473,2081,89,149,13.26
11474,2081,63,181,1.52
11475,2082,20,47,22.1
11476,2082,23,165,37.17
11477,2082,31,101,38.05
11478,2082,70,122,21.32
11479,2082,64,36,15.3
11480,2082,25,99,32.21
11481,2082,77,176,16.69
11482,2082,63,50,16.72
11483,2083,53,80,27.2
11484,2083,42,18,18.47
11485,2083,20,143,10.19
11486,2083,2,41,39.95
11487,2083,46,195,27.53
11488,2084,62,90,16.42
11489,2084,40,99,30.13
11490,2084,87,96,21.95
11491,2084,84,13,13.14
11492,2084,2,37,0.56
11493,2084,83,152,35.64
11494,2084,54,134,23.98
11495,2085,11,160,8.88
11496,2085,69,196,22.15
11497,2085,55,106,8.16
11498,2085,50,172,12.18
11499,2085,43,72,37.47
11500,2085,30,86,32.78
11501,2086,26,132,23.3
11502,2086,19,49,31.83
11503,2086,89,120,36.84
11504,2086,22,138,5.02
11505,2087,28,134,11.96
11506,2087,71,173,20.2
11507,2087,37,90,2.49
11508,2087,22,39,24.21
11509,2088,61,43,30.19
11510,2088,4,169,19.39
11511,2088,83,154,17.37
11512,2088,77,29,11.15
11513,2088,76,134,18.31
11514,2089,69,199,37.46
11515,2089,75,39,24.46
11516,2089,12,122,30.18
11517,2089,63,194,9.66
11518,2089,56,103,8.6
11519,2089,57,175,21.38
11520,2089,45,144,18.29
11521,2090,47,125,5.1
11522,2090,15,171,24.68
11523,2090,33,77,10.93
11524,2090,77,109,3.05
11525,2090,56,72,33.85
11526,2090,41,56,13.89
11527,2090,33,132,19.33
11528,2090,36,70,17.82
11529,2091,65,80,20.85
11530,2091,57,104,15.65
11531,2091,10,168,3.71
11532,2091,71,154,33.39
11533,2092,76,181,21.75
11534,2092,29,42,29.35
11535,2092,77,20,25.75
11536,2092,4,25,13.29
11537,2092,2,91,11.82
11538,2092,15,122,9.59
11539,2093,5,92,29.31
11540,2093,9,156,9.35
11541,2093,39,57,11.97
11542,2093,17,178,29.71
11543,2093,61,36,39.24
11544,2094,8,114,13.78
11545,2094,26,105,35.15
11546,2094,25,192,15.05
11547,2094,61,90,37.34
11548,2095,51,50,20.4
11549,2095,16,162,16.43
11550,2095,1,144,19.86
11551,2095,63,171,13.35
11552,2095,61,139,26.24
11553,2095,71,47,31.24
11554,2095,61,58,18.87
11555,2096,61,126,9.17
11556,2096,83,141,29.13
11557,2096,56,108,16.77
11558,2096,73,137,26.47
11559,2096,64,138,32.51
11560,2096,43,12,31.74
11561,2096,8,185,25.88
11562,2097,18,163,16.29
11563,2097,79,196,39.59
11564,2097,4,185,3.73
11565,2097,57,166,9.64
11566,2097,24,186,38.01
11567,2097,52,101,6.33
11568,2098,50,70,1.12
11569,2098,80,87,26.99
11570,2098,45,118,20.25
11571,2098,9,127,17.96
11572,2098,27,159,22.27
11573,2099,41,151,4.08
11574,2099,76,151,18.68
11575,2099,5,139,27.01
11576,2099,39,11,20.05
11577,2099,41,61,27.78
11578,2099,1,103,8.23
11579,2099,51,96,24.93
11580,2099,62,46,17.78
11581,2100,59,199,28.08
11582,2100,4,99,3.74
11583,2100,25,21,16.65
11584,2101,17,146,4.72
11585,2101,50,150,10.07
11586,2101,58,17,33.2
11587,2102,29,125,22.98
11588,2102,72,49,4.91
11589,2102,74,53,12.75
11590,2102,29,131,4.59
11591,2102,31,10,34.9
11592,2103,5,145,15.19
11593,2103,28,18,16.62
11594,2103,34,184,36.89
11595,2103,27,118,31.25
11596,2103,67,41,17.22
11597,2103,21,60,21.66
11598,2103,55,96,26.83
11599,2104,62,105,39.83
11600,2104,45,154,14.55
11601,2104,32,198,36.6
11602,2104,42,84,4.47
11603,2104,1,91,37.77
11604,2104,82,181,35.59
11605,2105,2,85,2.04
11606,2105,43,186,33.09
11607,2105,69,176,24.79
11608,2105,65,150,3.06
11609,2105,81,148,36.52
11610,2106,28,97,19.64
11611,2106,38,102,31.48
11612,2106,81,48,2.34
11613,2106,3,49,11.88
11614,2107,48,25,31.67
11615,2107,39,158,10.17
11616,2107,52,107,1.04
11617,2108,44,172,14.99
11618,2108,49,121,4.03
11619,2108,83,82,1.16
11620,2109,6,20,34.93
11621,2109,40,95,22.3
11622,2109,5,174,22.37
11623,2110,52,156,25.11
11624,2110,5,176,15.68
11625,2110,78,88,25.14
11626,2111,90,176,33.06
11627,2111,6,183,9.4
11628,2111,84,110,8.84
11629,2111,28,113,12.07
11630,2111,18,52,12.52
11631,2111,42,140,36.69
11632,2111,13,134,2.02
11633,2111,29,70,14.3
11634,2112,35,175,25.62
11635,2112,79,171,33.28
11636,2112,53,112,28.24
11637,2112,86,165,1.89
11638,2112,6,196,1.88
11639,2113,90,195,22.23
11640,2113,70,198,16.98
11641,2113,81,52,33.77
11642,2113,14,87,0.9
11643,2113,74,106,4.82
11644,2114,27,28,20.16
11645,2114,2,161,20.29
11646,2114,15,111,38.8
11647,2114,69,153,4.55
11648,2114,3,68,34.39
11649,2114,70,85,15.5
11650,2115,13,103,2.66
11651,2115,49,74,13.36
11652,2115,53,108,39.82
11653,2115,48,122,9.65
11654,2115,20,99,9.15
11655,2115,14,42,17.93
11656,2115,76,138,18.37
11657,2116,46,137,31.78
11658,2116,82,159,37.7
11659,2116,63,81,14.87
11660,2116,72,25,25.42
11661,2116,83,139,24.87
11662,2116,58,40,18.92
11663,2116,30,176,9.21
11664,2117,55,19,35.81
11665,2117,23,107,37.54
11666,2117,11,77,33.45
11667,2118,43,19,34.0
11668,2118,34,36,15.11
11669,2118,56,76,11.72
11670,2118,45,184,26.55
11671,2118,82,46,24.18
11672,2118,54,199,24.04
11673,2119,87,156,32.03
11674,2119,15,66,37.32
11675,2119,60,152,2.26
11676,2119,77,139,19.66
11677,2119,55,44,1.33
11678,2119,25,150,32.41
11679,2119,57,73,23.97
11680,2119,42,198,7.01
11681,2120,54,10,28.35
11682,2120,63,82,26.57
11683,2120,16,89,17.74
11684,2120,35,10,31.97
11685,2120,56,187,5.4
11686,2120,46,58,11.66
11687,2120,42,100,13.99
11688,2120,12,152,8.3
11689,2121,27,146,10.61
11690,2121,16,186,14.72
11691,2121,10,12,23.24
11692,2122,47,46,34.72
11693,2122,44,11,15.03
11694,2122,70,138,25.73
11695,2122,66,80,26.07
11696,2122,68,54,28.04
11697,2122,57,50,19.1
11698,2122,20,110,7.93
11699,2122,40,18,27.84
11700,2123,68,36,29.47
11701,2123,32,48,16.57
11702,2123,21,125,10.27
11703,2123,20,114,5.45
11704,2123,58,194,17.47
11705,2123,38,121,35.34
11706,2124,16,158,25.57
11707,2124,38,108,21.73
11708,2124,58,173,28.4
11709,2124,38,159,27.6
11710,2124,74,84,11.11
11711,2124,79,59,31.6
11712,2124,26,116,19.81
11713,2125,65,76,28.52
11714,2125,78,11,36.44
11715,2125,43,68,16.47
11716,2125,55,122,26.02
11717,2125,27,57,1.75
11718,2125,10,111,5.38
11719,2126,58,162,1.09
11720,2126,32,87,2.13
11721,2126,27,151,27.38
11722,2126,29,58,8.39
11723,2126,84,91,31.92
11724,2126,86,196,4.29
11725,2127,36,148,32.8
11726,2127,21,73,17.22
11727,2127,69,24,34.81
11728,2127,77,66,20.28
11729,2127,89,198,36.62
11730,2127,83,103,38.22
11731,2128,86,71,22.75
11732,2128,70,34,14.7
11733,2128,32,76,32.46
11734,2128,41,158,32.24
11735,2128,3,182,15.41
11736,2129,24,70,28.77
11737,2129,46,25,11.94
11738,2129,5,46,16.71
11739,2129,84,54,32.48
11740,2129,40,136,22.31
11741,2129,78,43,6.21
11742,2130,83,35,37.74
11743,2130,32,96,2.2
11744,2130,54,42,3.07
11745,2130,68,84,1.81
11746,2130,42,132,33.85
11747,2130,75,137,36.97
11748,2131,79,144,3.04
11749,2131,73,166,19.37
11750,2131,46,57,34.76
11751,2131,55,145,16.13
11752,2131,48,22,39.23
11753,2131,28,117,22.32
11754,2131,51,152,37.23
11755,2131,87,51,4.99
11756,2132,26,23,21.26
11757,2132,59,31,36.98
11758,2132,26,158,1.21
11759,2132,80,12,24.31
11760,2132,20,16,36.58
11761,2132,44,199,26.77
11762,2133,1,171,7.5
11763,2133,84,82,19.95
11764,2133,66,93,35.77
11765,2133,58,169,21.18
11766,2133,69,145,24.83
11767,2133,9,69,7.15
11768,2134,23,49,24.04
11769,2134,27,54,5.84
11770,2134,59,181,27.32
11771,2134,42,75,1.97
11772,2134,38,161,27.0
11773,2135,48,84,9.77
11774,2135,11,139,21.71
11775,2135,40,102,24.21
11776,2135,59,149,2.56
11777,2135,61,171,33.33
11778,2135,74,54,29.59
11779,2136,52,115,39.49
11780,2136,67,71,19.38
11781,2136,45,102,39.13
11782,2136,84,103,26.11
11783,2137,32,148,19.97
11784,2137,5,13,35.04
11785,2137,64,128,38.79
11786,2137,79,158,2.64
11787,2137,25,39,18.03
11788,2137,19,34,25.39
11789,2137,10,68,30.75
11790,2138,37,59,8.77
11791,2138,15,105,27.1
11792,2138,75,117,10.95
11793,2139,52,17,4.08
11794,2139,80,183,8.4
11795,2139,27,93,7.83
11796,2139,56,52,39.46
11797,2139,50,23,27.62
11798,2140,36,43,30.54
11799,2140,52,68,9.63
11800,2140,49,34,12.07
11801,2140,71,49,8.02
11802,2140,1,26,19.28
11803,2140,89,124,5.28
11804,2140,75,85,13.0
11805,2140,33,21,13.71
11806,2141,71,28,24.12
11807,2141,2,11,33.74
11808,2141,43,115,30.97
11809,2142,54,67,14.91
11810,2142,48,32,19.14
11811,2142,56,71,14.78
11812,2142,34,38,9.97
11813,2143,49,132,39.77
11814,2143,7,111,16.86
11815,2143,55,15,7.16
11816,2143,75,52,38.69
11817,2143,47,124,17.89
11818,2143,37,30,26.74
11819,2143,75,21,15.0
11820,2144,20,42,28.68
11821,2144,88,169,37.23
11822,2144,64,187,31.8
11823,2144,45,51,16.05
11824,2145,67,169,28.27
11825,2145,68,162,32.38
11826,2145,15,112,32.72
11827,2145,71,73,4.4
11828,2145,14,91,34.7
11829,2145,15,33,3.13
11830,2146,21,84,28.22
11831,2146,65,89,39.76
11832,2146,40,116,17.86
11833,2147,10,199,19.06
11834,2147,34,33,23.15
11835,2147,1,184,16.69
11836,2147,77,92,12.76
11837,2147,41,177,2.61
11838,2147,46,131,29.74
11839,2148,16,176,39.23
11840,2148,12,136,16.43
11841,2148,12,128,1.64
11842,2149,14,182,5.47
11843,2149,28,146,9.26
11844,2149,12,180,38.12
11845,2150,32,91,19.07
11846,2150,49,101,38.22
11847,2150,55,76,0.98
11848,2151,84,198,36.48
11849,2151,38,43,31.36
11850,2151,8,191,35.83
11851,2151,57,151,32.89
11852,2151,20,84,3.47
11853,2151,54,81,8.63
11854,2151,89,54,12.47
11855,2151,85,191,39.48
11856,2152,61,91,35.17
11857,2152,85,111,37.73
11858,2152,19,80,36.43
11859,2152,68,47,5.51
11860,2152,8,174,17.3
11861,2153,55,140,10.84
11862,2153,8,67,20.98
11863,2153,77,99,4.36
11864,2154,36,186,17.19
11865,2154,41,47,3.05
11866,2154,64,83,17.28
11867,2154,42,58,30.57
11868,2155,75,90,0.88
11869,2155,5,92,26.0
11870,2155,37,36,4.3
11871,2155,28,131,39.23
11872,2155,84,36,37.29
11873,2156,31,171,4.65
11874,2156,88,13,37.89
11875,2156,70,163,33.99
11876,2156,6,173,19.6
11877,2156,55,157,33.51
11878,2156,42,125,30.03
11879,2156,7,38,22.52
11880,2156,68,68,39.37
11881,2157,36,173,11.7
11882,2157,40,137,10.0
11883,2157,35,189,9.3
11884,2157,84,177,34.33
11885,2157,61,73,17.56
11886,2157,78,132,1.86
11887,2157,86,119,20.33
11888,2157,47,49,33.53
11889,2158,86,189,19.61
11890,2158,41,22,10.54
11891,2158,1,154,8.96
11892,2159,42,169,16.21
11893,2159,74,188,18.18
11894,2159,83,14,29.64
11895,2159,46,53,22.8
11896,2159,42,195,31.62
11897,2159,46,18,24.16
11898,2159,62,156,6.55
11899,2160,20,109,16.23
11900,2160,7,111,37.88
11901,2160,78,165,25.59
11902,2160,23,83,3.54
11903,2160,82,34,4.07
11904,2160,45,78,1.89
11905,2161,83,166,1.52
11906,2161,69,198,29.93
11907,2161,7,110,20.34
11908,2161,26,32,30.6
11909,2161,20,180,32.96
11910,2161,59,159,13.62
11911,2161,18,151,6.37
11912,2162,24,94,15.91
11913,2162,64,45,14.18
11914,2162,89,191,33.41
11915,2163,16,118,7.41
11916,2163,59,189,5.09
11917,2163,34,33,7.98
11918,2163,23,137,26.28
11919,2163,64,58,6.19
11920,2163,41,176,19.93
11921,2164,13,183,35.89
11922,2164,20,13,24.56
11923,2164,24,18,17.85
11924,2164,31,133,10.81
11925,2165,9,168,28.5
11926,2165,37,46,14.02
11927,2165,85,94,39.86
11928,2165,18,179,38.39
11929,2165,43,67,38.12
11930,2165,83,10,34.61
11931,2166,88,150,19.92
11932,2166,78,190,24.47
11933,2166,51,85,27.02
11934,2166,24,135,8.83
11935,2166,75,99,18.43
11936,2166,29,143,29.01
11937,2166,13,118,38.46
11938,2166,10,42,23.53
11939,2167,14,178,35.58
11940,2167,10,71,26.4
11941,2167,7,37,1.66
11942,2168,6,55,34.8
11943,2168,52,157,11.52
11944,2168,68,83,28.6
11945,2168,14,53,8.84
11946,2168,17,56,9.51
11947,2168,22,18,22.53
11948,2168,32,144,30.23
11949,2168,61,25,37.67
11950,2169,14,73,19.46
11951,2169,68,100,22.69
11952,2169,57,142,8.6
11953,2169,80,53,5.39
11954,2169,15,118,32.72
11955,2169,71,57,6.05
11956,2169,84,23,20.88
11957,2170,9,105,4.72
11958,2170,30,29,37.05
11959,2170,70,87,11.16
11960,2170,77,149,22.58
11961,2170,32,148,0.62
11962,2170,57,173,11.49
11963,2171,16,34,9.32
11964,2171,27,124,2.92
11965,2171,33,157,11.03
11966,2171,22,88,33.77
11967,2171,41,88,1.73
11968,2171,63,13,1.11
11969,2171,30,101,13.22
11970,2172,34,151,29.08
11971,2172,86,41,31.27
11972,2172,4,180,22.44
11973,2172,23,154,26.25
11974,2173,18,196,36.47
11975,2173,36,135,19.51
11976,2173,71,52,38.48
11977,2174,60,27,39.69
11978,2174,55,85,4.46
11979,2174,31,65,29.87
11980,2174,58,14,15.56
11981,2175,83,179,28.08
11982,2175,28,69,4.08
11983,2175,74,27,28.89
11984,2176,29,16,24.0
11985,2176,63,62,29.19
11986,2176,25,75,27.56
11987,2176,30,134,19.97
11988,2176,10,129,0.83
11989,2177,54,34,32.52
11990,2177,75,45,35.23
11991,2177,2,83,39.41
11992,2178,62,46,32.35
11993,2178,51,56,33.21
11994,2178,58,187,12.29
11995,2179,32,47,14.73
11996,2179,42,25,30.83
11997,2179,43,44,23.23
11998,2179,78,16,13.74
11999,2179,29,108,32.38
12000,2179,57,169,25.61
12001,2180,5,169,14.15
12002,2180,71,179,38.8
12003,2180,3,69,12.89
12004,2180,90,92,0.94
12005,2181,34,81,13.21
12006,2181,42,190,18.14
12007,2181,90,194,21.78
12008,2181,11,196,18.17
12009,2181,38,57,1.83
12010,2181,41,76,2.69
12011,2181,82,102,36.22
12012,2182,62,81,0.88
12013,2182,23,22,5.12
12014,2182,51,175,20.19
12015,2182,41,163,29.58
12016,2182,87,72,1.9
12017,2182,4,28,9.35
12018,2183,5,99,29.64
12019,2183,69,23,15.81
12020,2183,62,14,23.05
12021,2183,33,79,38.16
12022,2183,46,89,21.01
12023,2184,38,19,1.39
12024,2184,53,75,34.05
12025,2184,33,169,18.75
12026,2185,69,122,14.36
12027,2185,47,114,1.25
12028,2185,71,158,24.4
12029,2185,37,111,17.29
12030,2185,41,123,17.17
12031,2186,90,130,24.3
12032,2186,11,32,39.52
12033,2186,15,53,26.87
12034,2187,23,184,26.49
12035,2187,8,152,27.16
12036,2187,48,154,13.53
12037,2187,3,88,9.99
12038,2187,44,15,17.85
12039,2188,10,171,17.6
12040,2188,36,133,38.0
12041,2188,62,194,26.62
12042,2188,25,35,25.22
12043,2188,89,68,31.19
12044,2189,75,127,16.38
12045,2189,8,51,14.81
12046,2189,49,35,16.83
12047,2190,49,161,17.07
12048,2190,47,174,20.45
12049,2190,24,74,27.49
12050,2190,11,180,21.92
12051,2190,24,140,35.84
12052,2191,57,171,5.52
12053,2191,88,184,11.52
12054,2191,64,192,24.03
12055,2191,21,158,18.57
12056,2192,35,86,38.87
12057,2192,74,88,1.29
12058,2192,1,157,26.59
12059,2192,50,96,34.1
12060,2192,70,75,35.93
12061,2192,31,158,6.61
12062,2192,38,153,29.79
12063,2192,65,136,22.63
12064,2193,51,180,25.72
12065,2193,62,117,32.21
12066,2193,74,130,37.05
12067,2193,58,145,2.29
12068,2193,32,80,34.33
12069,2193,45,38,22.73
12070,2194,17,147,23.08
12071,2194,40,123,17.69
12072,2194,59,120,17.29
12073,2194,52,24,27.84
12074,2194,11,160,5.26
12075,2194,25,103,6.97
12076,2195,85,176,24.64
12077,2195,15,124,17.69
12078,2195,75,137,33.9
12079,2195,2,145,31.85
12080,2195,54,124,13.08
12081,2195,15,16,25.32
12082,2195,84,121,29.48
12083,2196,6,179,12.47
12084,2196,36,124,19.36
12085,2196,62,38,11.23
12086,2196,46,125,33.91
12087,2196,60,24,5.82
12088,2196,47,14,28.04
12089,2197,80,82,1.91
12090,2197,80,187,25.11
12091,2197,69,92,18.6
12092,2197,42,43,15.12
12093,2197,81,65,19.88
12094,2198,44,197,13.8
12095,2198,86,177,19.2
12096,2198,87,114,8.82
12097,2198,44,186,11.22
12098,2198,24,10,28.49
12099,2199,2,185,18.25
12100,2199,61,197,19.07
12101,2199,68,170,28.42
12102,2199,19,131,15.87
12103,2200,64,25,37.9
12104,2200,72,158,39.64
12105,2200,21,198,35.32
12106,2200,55,113,1.4
12107,2200,53,118,32.53
12108,2200,70,17,31.62
12109,2200,24,128,17.69
12110,2201,77,83,8.26
12111,2201,47,21,2.74
12112,2201,62,164,33.33
12113,2201,14,120,14.52
12114,2201,62,136,34.89
12115,2201,60,184,21.26
12116,2201,18,81,19.89
12117,2201,54,83,22.79
12118,2202,25,184,17.42
12119,2202,43,15,34.25
12120,2202,88,130,32.21
12121,2202,44,165,7.45
12122,2202,5,35,15.83
12123,2202,10,99,17.37
12124,2203,80,140,6.11
12125,2203,7,132,26.96
12126,2203,3,144,3.0
12127,2203,28,88,33.08
12128,2203,75,14,6.09
12129,2203,62,86,9.65
12130,2204,80,82,4.36
12131,2204,1,33,28.02
12132,2204,87,157,25.73
12133,2204,79,166,5.15
12134,2204,83,187,7.39
12135,2205,32,27,39.64
12136,2205,70,49,22.36
12137,2205,77,34,10.9
12138,2206,11,177,6.23
12139,2206,25,69,22.73
12140,2206,8,104,24.31
12141,2207,75,74,6.59
12142,2207,74,84,33.17
12143,2207,72,182,8.71
12144,2207,62,101,35.28
12145,2207,87,200,35.46
12146,2207,37,50,21.43
12147,2207,39,108,10.07
12148,2207,62,71,12.61
12149,2208,32,12,32.74
12150,2208,23,124,19.26
12151,2208,18,185,31.82
12152,2209,52,50,14.63
12153,2209,43,100,8.32
12154,2209,55,123,24.89
12155,2210,90,140,10.22
12156,2210,60,46,16.09
12157,2210,72,193,18.72
12158,2210,63,160,35.46
12159,2210,66,180,21.3
12160,2210,35,162,3.63
12161,2210,22,144,38.72
12162,2210,57,52,20.5
12163,2211,50,167,3.8
12164,2211,38,14,18.0
12165,2211,22,162,15.4
12166,2211,80,107,12.88
12167,2211,37,35,29.87
12168,2211,63,66,3.44
12169,2211,66,22,6.06
12170,2212,2,127,32.32
12171,2212,73,27,5.82
12172,2212,36,73,31.58
12173,2213,55,103,17.79
12174,2213,13,84,25.0
12175,2213,29,101,13.06
12176,2213,11,159,8.78
12177,2214,11,17,35.35
12178,2214,42,140,12.43
12179,2214,51,123,33.81
12180,2214,12,66,19.35
12181,2214,89,21,29.09
12182,2214,9,180,27.88
12183,2214,36,155,8.03
12184,2214,58,102,16.89
12185,2215,1,57,37.78
12186,2215,90,123,8.92
12187,2215,28,70,33.44
12188,2215,62,172,26.53
12189,2216,85,84,22.84
12190,2216,53,50,3.53
12191,2216,71,167,34.19
12192,2217,1,116,3.56
12193,2217,68,107,13.72
12194,2217,89,161,17.34
12195,2218,41,31,39.05
12196,2218,35,73,13.98
12197,2218,6,80,33.23
12198,2218,11,26,33.29
12199,2218,4,18,38.3
12200,2218,44,23,3.77
12201,2218,41,72,36.95
12202,2218,15,156,37.78
12203,2219,20,133,16.55
12204,2219,25,189,34.57
12205,2219,64,134,24.47
12206,2220,65,95,15.35
12207,2220,41,130,14.32
12208,2220,35,53,7.59
12209,2220,52,76,30.41
12210,2220,50,161,35.13
12211,2221,63,96,34.18
12212,2221,14,199,20.97
12213,2221,64,137,4.82
12214,2221,15,86,22.69
12215,2221,13,107,2.69
12216,2221,72,15,37.92
12217,2221,73,137,27.01
12218,2221,43,100,36.46
12219,2222,63,198,22.16
12220,2222,42,21,10.87
12221,2222,38,33,36.14
12222,2222,36,45,25.15
12223,2222,34,47,30.07
12224,2222,64,171,1.24
12225,2223,9,94,32.86
12226,2223,30,122,26.93
12227,2223,85,116,39.19
12228,2224,80,123,2.2
12229,2224,19,75,2.98
12230,2224,73,180,20.44
12231,2224,38,48,35.03
12232,2224,1,123,39.05
12233,2225,2,21,17.45
12234,2225,10,77,9.19
12235,2225,47,157,19.16
12236,2225,86,67,24.04
12237,2225,84,129,15.96
12238,2225,14,184,2.37
12239,2225,33,41,34.69
12240,2225,11,92,1.99
12241,2226,89,127,14.24
12242,2226,15,191,29.83
12243,2226,1,11,36.02
12244,2227,65,82,38.97
12245,2227,47,126,17.75
12246,2227,68,170,17.4
12247,2227,62,133,32.07
12248,2228,89,33,24.36
12249,2228,21,55,22.35
12250,2228,30,86,23.65
12251,2228,16,76,8.61
12252,2229,47,50,18.37
12253,2229,23,200,14.86
12254,2229,63,146,9.27
12255,2230,89,23,35.86
12256,2230,87,157,4.54
12257,2230,88,21,14.14
12258,2230,75,78,32.42
12259,2230,89,129,25.31
12260,2231,4,33,7.47
12261,2231,22,97,30.34
12262,2231,17,25,21.52
12263,2231,54,34,29.85
12264,2231,72,148,2.01
12265,2231,46,135,33.04
12266,2231,5,27,34.07
12267,2232,84,111,28.87
12268,2232,59,25,9.45
12269,2232,48,96,24.95
12270,2232,80,37,13.06
12271,2232,51,122,36.01
12272,2232,10,121,28.36
12273,2232,20,156,16.53
12274,2232,45,148,34.46
12275,2233,47,72,39.24
12276,2233,49,141,19.78
12277,2233,19,25,24.94
12278,2233,23,93,34.99
12279,2234,79,78,1.22
12280,2234,57,153,32.13
12281,2234,60,62,32.98
12282,2234,84,153,20.17
12283,2234,13,147,36.63
12284,2234,82,83,35.74
12285,2235,50,92,21.83
12286,2235,66,83,39.7
12287,2235,31,192,30.33
12288,2235,73,69,38.21
12289,2235,1,80,17.51
12290,2235,29,189,32.57
12291,2236,90,170,20.11
12292,2236,5,108,11.4
12293,2236,88,72,19.08
12294,2236,80,11,11.74
12295,2236,60,166,39.11
12296,2236,82,90,30.03
12297,2236,32,24,10.88
12298,2237,68,157,1.43
12299,2237,59,118,10.88
12300,2237,15,58,0.67
12301,2237,7,92,36.88
12302,2237,7,40,35.85
12303,2237,70,93,36.66
12304,2237,43,86,19.55
12305,2237,70,140,31.1
12306,2238,40,16,15.62
12307,2238,66,52,20.3
12308,2238,1,123,6.97
12309,2238,41,67,7.76
12310,2238,48,187,6.03
12311,2238,69,102,3.38
12312,2239,25,94,6.7
12313,2239,60,30,4.13
12314,2239,57,151,20.65
12315,2240,27,169,29.97
12316,2240,16,145,25.59
12317,2240,12,141,1.47
12318,2241,17,15,38.73
12319,2241,1,136,10.7
12320,2241,6,80,29.53
12321,2242,75,164,36.61
12322,2242,28,65,32.19
12323,2242,20,131,16.58
12324,2242,80,47,31.49
12325,2242,49,153,23.08
12326,2242,75,77,18.2
12327,2243,73,48,27.14
12328,2243,23,62,24.31
12329,2243,49,23,15.0
12330,2244,11,48,12.42
12331,2244,16,62,19.35
12332,2244,79,86,24.82
12333,2244,18,175,12.86
12334,2244,9,155,9.26
12335,2244,56,109,23.35
12336,2245,55,99,27.28
12337,2245,25,31,26.48
12338,2245,41,187,38.78
12339,2245,36,105,38.12
12340,2246,5,149,23.55
12341,2246,14,85,15.57
12342,2246,30,177,37.2
12343,2246,14,146,18.19
12344,2246,71,158,19.42
12345,2247,87,21,5.58
12346,2247,2,81,6.65
12347,2247,27,71,32.61
12348,2247,89,142,21.24
12349,2248,19,93,1.57
12350,2248,85,49,20.08
12351,2248,34,11,1.46
12352,2249,55,141,12.48
12353,2249,6,137,26.27
12354,2249,50,20,29.66
12355,2249,60,90,19.33
12356,2249,65,165,17.03
12357,2249,55,61,16.83
12358,2250,25,145,2.79
12359,2250,72,144,39.06
12360,2250,19,61,8.0
12361,2250,6,154,18.69
12362,2250,12,165,31.99
12363,2250,75,148,7.2
12364,2251,88,129,14.8
12365,2251,68,187,36.93
12366,2251,18,36,0.63
12367,2251,65,179,25.2
12368,2251,84,115,33.66
12369,2251,52,127,21.33
12370,2251,88,54,20.47
12371,2251,84,27,35.23
12372,2252,2,106,31.11
12373,2252,52,139,27.4
12374,2252,68,26,35.07
12375,2253,21,104,7.29
12376,2253,87,78,15.41
12377,2253,65,15,17.18
12378,2253,10,183,18.26
12379,2253,18,50,25.44
12380,2254,57,12,9.07
12381,2254,6,152,2.96
12382,2254,28,77,22.57
12383,2254,1,168,22.07
12384,2254,45,195,10.71
12385,2254,68,126,22.26
12386,2254,6,79,35.95
12387,2255,54,91,21.8
12388,2255,89,127,36.68
12389,2255,82,44,15.78
12390,2255,24,35,9.05
12391,2255,86,139,27.67
12392,2256,54,86,2.72
12393,2256,82,165,35.42
12394,2256,61,172,27.51
12395,2256,29,173,1.46
12396,2256,64,195,22.45
12397,2256,90,64,18.08
12398,2256,23,174,31.15
12399,2256,31,122,4.72
12400,2257,64,15,11.85
12401,2257,11,95,31.57
12402,2257,41,134,21.85
12403,2257,82,35,9.78
12404,2257,57,61,28.72
12405,2257,37,52,38.94
12406,2257,16,132,26.91
12407,2258,77,164,11.38
12408,2258,33,73,8.26
12409,2258,15,137,39.05
12410,2258,21,125,9.43
12411,2258,5,100,26.15
12412,2258,79,132,16.64
12413,2259,2,122,21.07
12414,2259,52,74,35.93
12415,2259,15,95,17.97
12416,2259,38,114,38.84
12417,2259,18,39,24.2
12418,2260,44,171,5.45
12419,2260,44,179,34.23
12420,2260,20,77,13.7
12421,2260,55,112,18.45
12422,2260,79,55,23.12
12423,2260,8,128,6.9
12424,2261,56,180,1.43
12425,2261,41,76,4.62
12426,2261,67,51,17.81
12427,2262,69,144,9.14
12428,2262,31,167,5.83
12429,2262,26,147,26.82
12430,2262,78,144,15.92
12431,2262,20,101,26.05
12432,2262,33,118,26.14
12433,2262,54,57,22.74
12434,2262,56,32,2.89
12435,2263,35,174,22.41
12436,2263,72,89,8.43
12437,2263,84,30,28.39
12438,2263,75,51,16.71
12439,2263,62,69,25.26
12440,2263,1,175,16.25
12441,2264,55,115,34.54
12442,2264,50,172,33.2
12443,2264,75,121,3.48
12444,2264,78,19,22.88
12445,2265,14,120,15.99
12446,2265,86,161,34.98
12447,2265,40,96,37.74
12448,2265,32,19,2.66
12449,2265,61,142,34.84
12450,2265,52,43,26.35
12451,2265,63,196,12.28
12452,2266,41,56,32.94
12453,2266,17,97,26.78
12454,2266,71,156,20.5
12455,2266,59,185,37.26
12456,2266,26,24,20.21
12457,2266,26,50,4.81
12458,2266,51,105,32.93
12459,2266,52,155,35.52
12460,2267,81,146,27.31
12461,2267,52,26,34.65
12462,2267,64,33,8.93
12463,2268,5,15,16.58
12464,2268,23,47,39.16
12465,2268,54,75,10.19
12466,2268,74,175,12.61
12467,2268,86,115,13.87
12468,2269,41,59,11.74
12469,2269,63,182,34.07
12470,2269,11,30,39.84
12471,2270,90,156,35.15
12472,2270,25,193,33.62
12473,2270,71,147,28.99
12474,2270,44,101,24.18
12475,2270,72,136,36.96
12476,2271,34,195,3.26
12477,2271,45,92,6.96
12478,2271,68,198,31.49
12479,2272,13,112,36.98
12480,2272,36,196,9.62
12481,2272,85,73,25.27
12482,2273,36,85,25.91
12483,2273,37,68,9.5
12484,2273,19,161,28.24
12485,2273,45,183,18.53
12486,2273,55,137,27.88
12487,2273,37,191,2.62
12488,2274,82,172,30.7
12489,2274,36,168,19.49
12490,2274,66,64,26.63
12491,2274,38,36,22.74
12492,2274,2,114,18.3
12493,2275,74,123,22.58
12494,2275,38,54,24.74
12495,2275,22,158,23.01
12496,2275,9,107,25.62
12497,2275,17,41,5.58
12498,2275,17,118,14.54
12499,2275,45,164,19.06
12500,2276,67,161,3.32
12501,2276,44,174,14.87
12502,2276,73,156,22.93
12503,2276,47,145,29.86
12504,2276,30,77,27.3
12505,2277,15,176,6.32
12506,2277,29,83,8.58
12507,2277,34,80,2.71
12508,2277,60,187,1.56
12509,2277,3,116,34.21
12510,2278,43,166,26.11
12511,2278,31,92,37.35
12512,2278,70,177,36.7
12513,2278,42,168,1.31
12514,2278,61,63,39.87
12515,2278,16,49,21.16
12516,2278,10,173,4.48
12517,2279,82,48,4.24
12518,2279,85,140,3.61
12519,2279,33,77,30.84
12520,2279,71,139,23.55
12521,2279,60,172,38.88
12522,2280,4,123,1.49
12523,2280,48,175,29.0
12524,2280,82,112,37.34
12525,2280,50,181,9.08
12526,2280,57,113,7.58
12527,2281,55,95,18.39
12528,2281,1,136,24.45
12529,2281,7,75,29.68
12530,2281,6,133,20.78
12531,2282,64,179,13.49
12532,2282,90,176,8.04
12533,2282,76,169,17.67
12534,2282,25,109,22.85
12535,2282,14,142,12.37
12536,2282,36,78,4.75
12537,2283,47,125,38.94
12538,2283,73,49,21.33
12539,2283,52,47,29.82
12540,2283,3,35,17.07
12541,2283,46,36,12.97
12542,2283,74,90,7.05
12543,2283,37,124,34.16
12544,2284,47,174,13.59
12545,2284,29,59,38.47
12546,2284,10,175,18.12
12547,2285,39,136,13.51
12548,2285,50,26,24.84
12549,2285,55,34,34.45
12550,2285,49,102,25.4
12551,2285,19,38,32.2
12552,2285,3,21,7.28
12553,2285,68,118,12.65
12554,2285,79,154,14.59
12555,2286,1,99,5.26
12556,2286,17,93,9.48
12557,2286,84,23,35.05
12558,2287,90,10,13.57
12559,2287,28,136,33.47
12560,2287,50,163,8.72
12561,2287,72,129,25.53
12562,2287,88,52,28.5
12563,2287,64,83,27.18
12564,2287,50,57,7.57
12565,2288,25,32,3.53
12566,2288,45,51,26.9
12567,2288,27,147,19.93
12568,2288,85,16,18.06
12569,2288,58,164,8.12
12570,2289,84,165,11.07
12571,2289,15,161,28.41
12572,2289,49,178,11.17
12573,2289,87,157,38.86
12574,2289,84,108,7.44
12575,2290,36,11,38.65
12576,2290,19,136,18.15
12577,2290,86,29,33.83
12578,2290,58,68,26.8
12579,2290,53,145,13.59
12580,2290,83,123,2.82
12581,2290,87,38,35.88
12582,2291,16,17,37.54
12583,2291,12,177,21.48
12584,2291,58,43,39.89
12585,2291,62,100,23.37
12586,2291,36,81,33.23
12587,2291,48,116,17.47
12588,2291,10,168,16.62
12589,2291,52,196,18.64
12590,2292,43,23,28.8
12591,2292,31,79,39.79
12592,2292,11,10,39.5
12593,2293,59,106,27.93
12594,2293,60,104,17.06
12595,2293,83,111,14.83
12596,2293,59,59,29.14
12597,2293,76,174,19.33
12598,2294,1,120,21.03
12599,2294,79,15,31.79
12600,2294,20,71,10.12
12601,2294,79,86,35.7
12602,2294,55,189,7.84
12603,2295,3,117,33.6
12604,2295,49,95,9.2
12605,2295,60,66,33.54
12606,2295,2,92,8.55
12607,2295,38,52,21.96
12608,2295,1,135,28.52
12609,2295,9,172,35.69
12610,2295,54,48,23.36
12611,2296,46,24,19.42
12612,2296,7,120,16.22
12613,2296,51,164,2.66
12614,2297,43,157,2.81
12615,2297,16,40,18.67
12616,2297,74,173,34.27
12617,2298,26,36,23.98
12618,2298,37,115,18.0
12619,2298,73,169,15.8
12620,2298,7,150,18.72
12621,2298,79,117,33.18
12622,2298,20,48,24.4
12623,2298,66,66,1.23
12624,2298,86,135,21.87
12625,2299,73,148,20.58
12626,2299,65,49,10.61
12627,2299,28,126,14.25
12628,2299,52,145,29.76
12629,2299,69,185,17.52
12630,2299,23,124,39.47
12631,2300,5,155,28.66
12632,2300,9,93,10.67
12633,2300,43,161,39.53
12634,2301,50,125,34.39
12635,2301,85,32,3.09
12636,2301,42,107,18.12
12637,2301,67,26,11.44
12638,2302,38,113,12.69
12639,2302,78,174,33.28
12640,2302,16,174,9.98
12641,2302,11,117,31.79
12642,2303,82,52,26.72
12643,2303,28,179,4.68
12644,2303,73,114,25.73
12645,2303,61,147,3.89
12646,2303,29,40,35.34
12647,2303,79,26,14.9
12648,2303,66,196,3.45
12649,2303,31,107,32.38
12650,2304,77,22,12.5
12651,2304,40,82,24.14
12652,2304,8,98,27.45
12653,2304,70,26,13.48
12654,2304,78,67,24.84
12655,2304,20,136,22.61
12656,2305,88,51,17.64
12657,2305,69,162,2.65
12658,2305,80,138,33.83
12659,2305,55,183,2.47
12660,2305,55,143,3.37
12661,2305,38,88,34.48
12662,2305,55,173,17.35
12663,2306,60,185,6.51
12664,2306,78,81,6.95
12665,2306,1,114,35.6
12666,2306,61,22,22.51
12667,2306,4,97,29.74
12668,2306,45,151,6.57
12669,2307,88,160,39.01
12670,2307,42,189,19.62
12671,2307,37,11,1.82
12672,2307,8,60,3.8
12673,2307,9,143,34.66
12674,2307,12,124,14.23
12675,2308,20,185,12.75
12676,2308,39,172,37.23
12677,2308,54,77,25.99
12678,2308,13,166,11.18
12679,2309,24,102,3.47
12680,2309,74,19,3.77
12681,2309,18,113,9.68
12682,2309,34,169,33.48
12683,2310,61,24,21.49
12684,2310,74,88,34.09
12685,2310,22,118,20.49
12686,2310,31,167,26.52
12687,2310,47,199,15.14
12688,2310,26,187,11.49
12689,2310,69,56,4.11
12690,2310,67,172,0.67
12691,2311,52,164,11.42
12692,2311,13,182,38.64
12693,2311,14,63,25.09
12694,2311,47,104,32.34
12695,2311,32,50,36.27
12696,2311,27,130,14.78
12697,2312,64,72,5.14
12698,2312,41,52,32.72
12699,2312,20,184,39.24
12700,2312,29,47,11.51
12701,2312,33,188,6.22
12702,2312,27,155,14.3
12703,2312,62,157,35.49
12704,2313,1,135,8.29
12705,2313,29,105,1.25
12706,2313,54,191,10.73
12707,2313,89,93,30.97
12708,2313,67,21,39.96
12709,2313,40,142,7.24
12710,2313,38,20,19.3
12711,2314,24,103,29.52
12712,2314,67,122,30.07
12713,2314,74,58,34.76
12714,2314,58,15,30.76
12715,2314,21,171,25.77
12716,2314,65,128,29.1
12717,2315,48,100,21.77
12718,2315,87,44,17.01
12719,2315,26,190,26.74
12720,2316,9,31,15.12
12721,2316,18,172,37.67
12722,2316,4,65,33.5
12723,2317,62,96,30.41
12724,2317,90,149,20.62
12725,2317,87,117,8.86
12726,2317,63,32,9.84
12727,2317,57,161,23.72
12728,2317,61,12,21.24
12729,2318,70,159,22.25
12730,2318,10,55,28.33
12731,2318,84,67,39.39
12732,2318,79,109,32.14
12733,2319,83,134,31.79
12734,2319,50,79,32.35
12735,2319,43,39,6.76
12736,2319,42,108,6.61
12737,2320,85,62,31.5
12738,2320,53,75,27.23
12739,2320,17,160,22.85
12740,2320,50,41,8.78
12741,2320,8,124,3.47
12742,2320,87,106,2.25
12743,2320,56,155,23.91
12744,2321,10,19,38.07
12745,2321,85,145,8.39
12746,2321,20,167,6.07
12747,2321,49,47,38.99
12748,2321,67,197,15.42
12749,2322,65,105,28.19
12750,2322,14,24,10.2
12751,2322,84,58,25.54
12752,2322,47,106,24.14
12753,2322,84,176,30.35
12754,2322,23,90,25.25
12755,2323,18,64,13.1
12756,2323,71,145,22.08
12757,2323,75,182,31.85
12758,2324,50,17,21.25
12759,2324,12,10,18.69
12760,2324,37,162,29.91
12761,2324,27,190,16.31
12762,2324,32,115,20.7
12763,2324,65,176,13.68
12764,2324,72,179,20.47
12765,2325,63,44,31.29
12766,2325,26,54,17.55
12767,2325,64,136,34.22
12768,2325,28,153,31.36
12769,2326,76,29,27.52
12770,2326,65,24,32.14
12771,2326,30,141,35.73
12772,2326,90,71,2.34
12773,2326,76,130,23.01
12774,2326,63,94,38.36
12775,2326,49,141,28.78
12776,2326,34,55,5.13
12777,2327,68,130,11.53
12778,2327,22,163,4.11
12779,2327,89,68,4.64
12780,2328,89,122,12.71
12781,2328,1,65,2.76
12782,2328,88,64,4.72
12783,2328,10,135,21.35
12784,2328,58,14,12.68
12785,2328,32,45,20.01
12786,2328,41,144,22.01
12787,2329,41,166,32.57
12788,2329,4,116,9.14
12789,2329,34,39,15.55
12790,2329,17,126,7.11
12791,2329,51,32,22.35
12792,2329,73,36,0.88
12793,2329,45,67,4.33
12794,2330,78,178,33.64
12795,2330,42,26,9.41
12796,2330,82,53,6.67
12797,2330,70,176,1.21
12798,2330,28,179,18.23
12799,2330,5,55,1.68
12800,2331,40,11,3.45
12801,2331,36,109,24.84
12802,2331,11,190,9.83
12803,2331,52,19,37.46
12804,2331,64,46,35.83
12805,2331,21,19,25.49
12806,2331,37,103,2.42
12807,2332,27,186,27.57
12808,2332,45,68,10.02
12809,2332,27,102,1.58
12810,2332,52,191,7.91
12811,2332,17,93,38.98
12812,2332,5,89,33.8
12813,2333,63,72,1.9
12814,2333,47,180,3.45
12815,2333,44,35,8.67
12816,2334,26,24,34.67
12817,2334,76,48,12.09
12818,2334,1,132,12.72
12819,2334,82,61,13.85
12820,2334,81,184,17.07
12821,2334,44,71,9.84
12822,2335,85,142,38.26
12823,2335,47,133,11.48
12824,2335,29,164,4.5
12825,2335,41,139,1.27
12826,2336,51,46,27.43
12827,2336,63,102,2.23
12828,2336,40,120,21.02
12829,2337,1,14,9.39
12830,2337,33,172,36.21
12831,2337,48,102,20.68
12832,2337,87,195,28.88
12833,2337,38,109,34.48
12834,2338,13,138,4.67
12835,2338,83,163,1.34
12836,2338,28,53,0.59
12837,2339,67,150,37.29
12838,2339,1,113,29.89
12839,2339,77,38,34.14
12840,2339,45,18,18.53
12841,2339,44,40,36.81
12842,2339,75,51,15.9
12843,2339,60,131,25.54
12844,2340,51,175,6.8
12845,2340,19,182,25.68
12846,2340,66,170,37.86
12847,2341,55,147,35.25
12848,2341,82,152,33.35
12849,2341,82,137,31.49
12850,2341,22,12,6.12
12851,2341,1,75,33.89
12852,2342,30,108,31.43
12853,2342,44,68,11.73
12854,2342,49,85,3.99
12855,2343,61,39,27.61
12856,2343,75,122,37.54
12857,2343,44,65,3.04
12858,2343,38,103,23.43
12859,2343,46,13,38.31
12860,2343,7,22,6.23
12861,2343,80,14,39.21
12862,2343,75,99,12.55
12863,2344,18,124,27.67
12864,2344,76,75,8.52
12865,2344,81,33,2.0
12866,2344,79,16,22.84
12867,2344,21,76,13.27
12868,2345,56,180,12.24
12869,2345,6,48,33.52
12870,2345,54,11,17.87
12871,2345,15,135,2.84
12872,2345,55,13,7.11
12873,2345,47,53,13.76
12874,2345,26,179,26.51
12875,2345,25,75,29.85
12876,2346,70,17,36.35
12877,2346,45,86,37.08
12878,2346,63,104,11.0
12879,2346,5,34,15.84
12880,2347,71,78,22.4
12881,2347,71,39,18.1
12882,2347,79,62,8.85
12883,2347,79,200,16.54
12884,2347,81,36,1.54
12885,2348,85,100,17.65
12886,2348,14,44,32.58
12887,2348,49,82,15.77
12888,2348,53,132,15.35
12889,2348,60,152,32.76
12890,2348,49,53,13.57
12891,2348,7,152,10.83
12892,2348,46,24,29.91
12893,2349,74,158,22.81
12894,2349,46,129,35.37
12895,2349,75,158,35.42
12896,2349,66,120,5.23
12897,2350,43,37,10.41
12898,2350,68,183,34.4
12899,2350,42,184,13.68
12900,2350,2,73,7.83
12901,2350,87,195,21.89
12902,2350,53,96,33.4
12903,2350,16,147,30.62
12904,2350,16,154,31.77
12905,2351,68,62,32.47
12906,2351,6,96,8.19
12907,2351,56,135,9.16
12908,2351,2,197,26.99
12909,2352,72,144,11.94
12910,2352,14,198,17.52
12911,2352,61,128,31.77
12912,2352,76,46,27.99
12913,2353,3,94,1.0
12914,2353,63,35,23.36
12915,2353,5,164,14.48
12916,2353,63,85,38.88
12917,2353,40,99,37.48
12918,2353,36,16,34.06
12919,2353,76,39,35.64
12920,2353,32,140,18.46
12921,2354,83,88,10.2
12922,2354,89,172,13.04
12923,2354,48,115,20.07
12924,2354,78,90,24.18
12925,2354,60,169,6.96
12926,2354,49,56,29.61
12927,2354,30,52,28.78
12928,2355,63,20,8.03
12929,2355,82,167,3.61
12930,2355,86,20,13.4
12931,2355,52,92,27.49
12932,2356,88,69,12.67
12933,2356,3,124,16.19
12934,2356,84,69,6.44
12935,2357,50,187,22.12
12936,2357,83,172,30.07
12937,2357,5,100,32.51
12938,2357,81,32,23.53
12939,2357,61,11,6.83
12940,2357,35,57,34.7
12941,2358,33,196,26.63
12942,2358,60,73,21.6
12943,2358,9,65,38.81
12944,2358,68,77,8.11
12945,2358,10,58,14.11
12946,2358,87,133,28.77
12947,2359,16,26,4.79
12948,2359,37,128,15.58
12949,2359,22,16,18.09
12950,2359,33,128,21.78
12951,2359,30,197,14.08
12952,2359,16,81,33.08
12953,2360,40,125,36.16
12954,2360,25,26,26.25
12955,2360,51,141,21.58
12956,2360,76,55,16.48
12957,2360,30,131,25.66
12958,2360,3,13,22.04
12959,2361,71,59,2.29
12960,2361,39,150,26.88
12961,2361,61,139,29.56
12962,2361,14,113,15.25
12963,2362,7,183,31.79
12964,2362,34,27,20.58
12965,2362,80,19,30.17
12966,2362,86,43,11.61
12967,2362,52,193,7.79
12968,2362,68,53,17.57
12969,2362,60,62,10.86
12970,2363,56,61,3.59
12971,2363,73,59,27.74
12972,2363,67,31,8.0
12973,2363,18,48,23.78
12974,2364,44,11,26.17
12975,2364,1,174,21.22
12976,2364,30,80,22.92
12977,2364,84,30,16.37
12978,2364,63,115,10.58
12979,2365,72,186,38.97
12980,2365,72,34,8.54
12981,2365,30,196,19.27
12982,2365,17,188,6.87
12983,2366,10,103,14.14
12984,2366,27,178,23.4
12985,2366,47,186,20.4
12986,2366,32,18,37.33
12987,2366,12,61,16.2
12988,2366,9,114,2.53
12989,2366,31,72,20.39
12990,2367,59,113,1.03
12991,2367,66,136,12.74
12992,2367,2,130,6.81
12993,2367,89,185,10.41
12994,2367,66,28,0.65
12995,2367,89,17,10.3
12996,2367,12,116,19.49
12997,2368,86,72,18.05
12998,2368,82,66,24.27
12999,2368,70,94,36.28
13000,2368,73,67,37.7
13001,2368,8,152,35.76
13002,2368,24,124,26.03
13003,2368,67,34,11.32
13004,2369,41,72,33.19
13005,2369,54,161,20.91
13006,2369,20,72,37.88
13007,2369,23,20,17.83
13008,2369,81,86,32.66
13009,2369,54,35,34.46
13010,2369,11,97,17.56
13011,2370,50,137,22.33
13012,2370,9,183,23.25
13013,2370,50,135,1.98
13014,2370,11,80,28.3
13015,2370,10,48,22.67
13016,2370,1,75,12.15
13017,2370,14,50,1.97
13018,2370,72,61,30.41
13019,2371,65,94,16.41
13020,2371,28,124,22.01
13021,2371,72,118,28.25
13022,2371,62,66,32.22
13023,2371,17,125,18.64
13024,2372,79,176,27.62
13025,2372,82,26,28.38
13026,2372,53,152,22.98
13027,2372,75,22,17.35
13028,2373,53,161,22.18
13029,2373,83,66,38.34
13030,2373,54,113,37.29
13031,2373,32,182,10.24
13032,2373,48,116,31.35
13033,2373,65,79,14.47
13034,2373,44,133,18.39
13035,2373,64,144,14.81
13036,2374,65,69,16.85
13037,2374,69,184,37.19
13038,2374,66,188,8.08
13039,2374,38,89,21.88
13040,2374,73,52,8.01
13041,2375,37,43,11.11
13042,2375,42,11,7.71
13043,2375,50,137,25.8
13044,2376,23,168,13.65
13045,2376,76,152,22.09
13046,2376,10,111,30.48
13047,2376,1,69,17.81
13048,2376,53,63,30.68
13049,2376,76,84,0.6
13050,2376,66,195,38.3
13051,2377,12,170,6.69
13052,2377,79,150,37.54
13053,2377,66,197,15.33
13054,2377,41,40,1.1
13055,2377,53,36,24.78
13056,2378,65,62,25.17
13057,2378,27,183,3.66
13058,2378,17,169,12.51
13059,2378,22,183,19.1
13060,2378,47,160,11.99
13061,2378,46,20,3.11
13062,2379,47,91,19.25
13063,2379,67,106,8.88
13064,2379,20,152,3.31
13065,2379,2,185,36.31
13066,2379,64,181,30.05
13067,2380,8,96,39.63
13068,2380,62,63,21.17
13069,2380,81,82,5.07
13070,2380,74,113,0.76
13071,2380,4,120,37.16
13072,2380,15,114,35.2
13073,2381,11,122,15.45
13074,2381,3,187,7.0
13075,2381,38,187,15.29
13076,2381,77,128,28.24
13077,2382,28,68,30.49
13078,2382,50,168,39.02
13079,2382,43,127,13.63
13080,2382,47,77,16.03
13081,2382,3,108,22.49
13082,2383,3,105,8.18
13083,2383,68,149,6.72
13084,2383,81,89,24.52
13085,2383,76,121,23.74
13086,2383,49,195,2.48
13087,2383,88,39,20.8
13088,2384,14,84,25.76
13089,2384,25,117,39.25
13090,2384,40,144,18.07
13091,2384,43,36,5.96
13092,2384,50,40,36.36
13093,2385,8,52,6.75
13094,2385,78,63,35.23
13095,2385,77,175,27.67
13096,2385,38,65,37.78
13097,2385,9,185,6.95
13098,2385,26,80,39.75
13099,2385,42,94,33.34
13100,2386,61,57,14.03
13101,2386,50,152,19.66
13102,2386,32,24,15.57
13103,2387,68,60,17.96
13104,2387,10,175,27.4
13105,2387,14,23,11.75
13106,2387,31,112,19.68
13107,2387,62,107,39.87
13108,2387,78,102,32.28
13109,2388,17,79,34.88
13110,2388,50,132,9.12
13111,2388,11,160,17.16
13112,2388,41,94,31.29
13113,2388,75,40,32.46
13114,2388,4,164,12.58
13115,2388,34,181,1.44
13116,2388,21,147,28.34
13117,2389,72,198,21.37
13118,2389,49,160,18.15
13119,2389,74,81,38.26
13120,2389,31,182,15.85
13121,2390,65,164,39.61
13122,2390,51,164,34.93
13123,2390,67,132,20.97
13124,2390,30,154,36.56
13125,2390,39,41,21.8
13126,2390,31,92,23.57
13127,2391,37,84,10.79
13128,2391,36,57,18.59
13129,2391,58,45,14.81
13130,2391,35,97,29.19
13131,2391,62,153,16.77
13132,2391,8,164,13.69
13133,2391,59,176,6.94
13134,2391,61,80,36.24
13135,2392,32,166,5.39
13136,2392,33,107,32.01
13137,2392,31,124,22.07
13138,2392,72,17,9.52
13139,2392,53,143,38.01
13140,2392,78,186,5.05
13141,2392,3,153,26.26
13142,2393,59,10,35.68
13143,2393,61,101,1.66
13144,2393,25,157,26.33
13145,2393,80,65,33.6
13146,2393,77,170,7.35
13147,2393,42,110,38.75
13148,2394,39,183,32.49
13149,2394,32,33,30.64
13150,2394,62,133,3.15
13151,2394,52,56,16.55
13152,2394,57,198,30.73
13153,2394,68,115,3.27
13154,2394,30,67,30.74
13155,2394,51,63,31.75
13156,2395,19,200,32.08
13157,2395,17,87,27.55
13158,2395,79,142,17.14
13159,2395,4,166,10.49
13160,2396,63,125,1.7
13161,2396,41,67,16.07
13162,2396,35,73,32.78
13163,2396,73,176,13.79
13164,2396,14,43,4.8
13165,2396,60,107,7.23
13166,2396,70,176,1.74
13167,2397,79,73,35.92
13168,2397,65,51,21.54
13169,2397,4,182,23.77
13170,2397,3,100,10.22
13171,2397,50,92,1.52
13172,2397,82,100,16.28
13173,2397,55,168,17.04
13174,2398,22,65,7.93
13175,2398,41,44,32.34
13176,2398,2,79,35.75
13177,2398,16,90,25.67
13178,2398,42,141,27.74
13179,2398,89,47,18.76
13180,2398,67,116,39.05
13181,2399,58,196,38.22
13182,2399,74,200,34.08
13183,2399,31,67,9.94
13184,2399,43,121,37.58
13185,2399,79,89,36.23
13186,2399,3,33,22.28
13187,2400,51,106,3.82
13188,2400,86,54,35.43
13189,2400,47,23,29.39
13190,2400,37,26,1.05
13191,2400,10,146,12.62
13192,2400,82,176,37.55
13193,2401,24,173,16.61
13194,2401,18,64,10.6
13195,2401,55,104,28.2
13196,2401,47,82,17.46
13197,2401,9,42,32.82
13198,2401,8,66,30.55
13199,2401,70,81,29.63
13200,2401,53,126,27.18
13201,2402,7,29,34.97
13202,2402,66,168,7.33
13203,2402,66,164,5.02
13204,2402,39,183,8.8
13205,2402,43,64,13.92
13206,2402,82,77,33.11
13207,2402,44,171,28.75
13208,2402,56,42,33.26
13209,2403,83,10,20.11
13210,2403,66,31,33.51
13211,2403,32,139,11.71
13212,2403,59,95,33.95
13213,2403,32,199,30.71
13214,2403,6,128,27.07
13215,2403,80,32,20.37
13216,2403,41,14,15.29
13217,2404,34,23,30.45
13218,2404,86,90,30.87
13219,2404,54,192,14.38
13220,2404,17,25,16.36
13221,2404,3,179,25.28
13222,2404,56,37,4.28
13223,2404,45,161,18.45
13224,2404,82,122,6.64
13225,2405,16,90,21.64
13226,2405,49,89,9.5
13227,2405,77,74,11.22
13228,2405,17,150,1.15
13229,2406,75,52,31.3
13230,2406,27,37,23.21
13231,2406,7,130,22.63
13232,2407,25,158,1.57
13233,2407,5,71,30.48
13234,2407,82,197,30.66
13235,2407,27,57,29.97
13236,2407,21,109,6.12
13237,2407,43,184,14.89
13238,2407,48,190,14.17
13239,2407,49,47,35.58
13240,2408,50,98,29.46
13241,2408,57,149,27.81
13242,2408,30,162,10.1
13243,2408,75,84,8.7
13244,2408,4,158,27.44
13245,2409,46,123,22.1
13246,2409,68,57,31.52
13247,2409,68,13,27.31
13248,2409,73,97,19.55
13249,2409,66,72,24.36
13250,2409,67,60,0.98
13251,2409,10,153,24.3
13252,2410,83,160,34.36
13253,2410,88,143,12.05
13254,2410,82,187,29.38
13255,2410,58,84,13.99
13256,2410,54,50,26.94
13257,2410,87,106,25.79
13258,2410,1,63,36.53
13259,2410,58,35,37.6
13260,2411,58,94,2.61
13261,2411,75,151,34.89
13262,2411,86,43,1.86
13263,2411,44,179,36.3
13264,2411,6,74,16.32
13265,2411,75,22,35.52
13266,2411,37,63,23.45
13267,2412,33,132,39.83
13268,2412,25,167,7.13
13269,2412,20,86,25.35
13270,2412,33,78,1.01
13271,2412,62,70,25.6
13272,2412,74,133,3.69
13273,2412,70,177,25.15
13274,2413,8,60,30.41
13275,2413,63,56,24.61
13276,2413,84,28,29.53
13277,2413,80,171,10.48
13278,2414,82,110,16.9
13279,2414,54,80,19.59
13280,2414,4,135,27.93
13281,2415,44,117,14.98
13282,2415,90,191,1.49
13283,2415,32,37,38.17
13284,2415,25,12,26.23
13285,2415,10,198,15.76
13286,2415,82,144,9.24
13287,2416,6,25,33.65
13288,2416,64,85,3.24
13289,2416,50,106,28.6
13290,2416,35,63,38.0
13291,2416,71,106,1.46
13292,2416,38,47,22.47
13293,2416,85,70,4.31
13294,2417,39,107,33.55
13295,2417,33,81,19.23
13296,2417,5,107,2.41
13297,2417,51,25,17.49
13298,2418,69,168,7.0
13299,2418,33,41,21.96
13300,2418,6,25,18.64
13301,2418,78,16,20.4
13302,2418,33,130,25.02
13303,2418,69,194,2.34
13304,2418,14,177,4.25
13305,2419,35,129,25.69
13306,2419,87,119,29.74
13307,2419,70,171,15.13
13308,2419,47,125,23.91
13309,2419,29,197,9.38
13310,2419,81,128,34.89
13311,2420,78,31,33.42
13312,2420,3,159,30.56
13313,2420,80,159,33.62
13314,2420,28,200,33.07
13315,2420,62,145,11.65
13316,2420,52,90,6.91
13317,2421,41,64,8.15
13318,2421,28,16,10.92
13319,2421,70,54,1.53
13320,2421,60,18,0.58
13321,2421,20,110,38.14
13322,2422,58,98,8.49
13323,2422,79,121,32.3
13324,2422,12,118,8.83
13325,2422,18,97,3.69
13326,2422,61,46,32.9
13327,2423,65,51,4.04
13328,2423,23,109,38.29
13329,2423,88,73,34.69
13330,2423,70,23,31.42
13331,2423,34,151,37.36
13332,2424,55,187,3.62
13333,2424,22,104,20.33
13334,2424,39,87,28.23
13335,2424,30,25,16.21
13336,2424,41,184,33.24
13337,2424,60,133,5.51
13338,2424,13,44,18.09
13339,2424,90,113,20.9
13340,2425,85,126,39.97
13341,2425,55,69,36.56
13342,2425,17,31,13.69
13343,2426,58,39,3.37
13344,2426,58,11,37.47
13345,2426,69,115,21.28
13346,2426,56,80,17.06
13347,2426,40,35,11.99
13348,2426,31,99,35.06
13349,2426,40,119,22.2
13350,2426,43,59,25.61
13351,2427,41,127,18.05
13352,2427,49,147,23.53
13353,2427,73,173,27.94
13354,2427,62,66,27.38
13355,2428,81,108,1.84
13356,2428,21,181,26.21
13357,2428,85,132,29.71
13358,2428,4,35,10.97
13359,2428,3,167,14.44
13360,2428,83,25,27.32
13361,2429,79,107,29.27
13362,2429,81,198,9.29
13363,2429,29,24,26.19
13364,2429,63,135,6.46
13365,2429,76,117,3.47
13366,2429,12,102,25.73
13367,2429,83,165,39.08
13368,2430,65,84,4.12
13369,2430,17,184,32.74
13370,2430,88,14,17.66
13371,2430,71,198,30.68
13372,2431,7,179,33.22
13373,2431,25,16,38.83
13374,2431,74,146,2.79
13375,2431,11,173,21.12
13376,2431,34,61,11.33
13377,2431,73,62,16.59
13378,2432,89,143,20.2
13379,2432,79,171,36.81
13380,2432,32,82,19.75
13381,2433,55,128,15.81
13382,2433,13,147,19.89
13383,2433,38,71,1.31
13384,2434,17,164,25.79
13385,2434,18,110,21.37
13386,2434,39,143,19.58
13387,2434,78,194,38.02
13388,2434,23,159,34.02
13389,2435,76,20,22.48
13390,2435,45,77,21.29
13391,2435,20,106,6.02
13392,2435,62,62,9.32
13393,2435,24,96,21.09
13394,2435,17,181,30.86
13395,2435,72,129,16.04
13396,2436,33,36,25.1
13397,2436,33,76,36.84
13398,2436,60,118,13.97
13399,2437,52,166,16.34
13400,2437,43,39,16.78
13401,2437,23,27,19.33
13402,2437,10,128,4.62
13403,2437,48,186,26.45
13404,2438,83,126,1.65
13405,2438,81,93,0.78
13406,2438,3,100,32.32
13407,2438,57,76,27.48
13408,2438,68,21,19.65
13409,2439,67,86,5.04
13410,2439,70,180,10.36
13411,2439,23,126,17.71
13412,2439,64,147,31.03
13413,2439,26,99,24.46
13414,2439,70,55,25.67
13415,2440,17,83,33.13
13416,2440,70,147,5.19
13417,2440,2,179,7.97
13418,2440,47,73,12.71
13419,2440,63,118,28.16
13420,2441,34,35,4.58
13421,2441,75,177,4.81
13422,2441,84,35,12.07
13423,2442,83,179,27.38
13424,2442,11,171,7.19
13425,2442,74,139,32.86
13426,2442,31,90,21.03
13427,2442,37,153,39.34
13428,2442,2,182,4.41
13429,2442,59,131,3.4
13430,2443,50,175,20.33
13431,2443,44,59,33.19
13432,2443,78,11,33.41
13433,2443,13,184,18.31
13434,2443,35,134,23.01
13435,2444,85,59,1.64
13436,2444,69,162,29.48
13437,2444,22,154,25.59
13438,2445,80,109,13.37
13439,2445,38,18,6.6
13440,2445,73,72,18.85
13441,2445,33,92,5.51
13442,2445,54,173,13.1
13443,2445,58,43,21.22
13444,2445,22,70,22.23
13445,2446,53,21,39.51
13446,2446,71,12,14.92
13447,2446,70,16,26.93
13448,2446,16,144,30.85
13449,2447,32,10,0.52
13450,2447,25,126,21.75
13451,2447,70,111,34.68
13452,2447,62,171,6.83
13453,2447,84,170,6.61
13454,2447,25,12,18.44
13455,2447,8,148,2.97
13456,2447,55,156,29.65
13457,2448,83,110,7.11
13458,2448,47,78,3.23
13459,2448,90,27,39.03
13460,2448,72,25,18.09
13461,2448,87,42,18.45
13462,2448,18,168,26.69
13463,2449,72,114,9.06
13464,2449,69,70,12.6
13465,2449,22,190,35.34
13466,2449,26,153,23.51
13467,2449,82,148,19.75
13468,2449,84,78,24.82
13469,2449,45,165,3.99
13470,2449,79,46,30.96
13471,2450,68,139,14.26
13472,2450,20,141,26.15
13473,2450,34,112,26.36
13474,2450,83,142,32.73
13475,2450,13,121,3.72
13476,2451,72,134,14.94
13477,2451,3,188,25.63
13478,2451,76,114,3.91
13479,2451,75,163,26.94
13480,2451,8,183,34.4
13481,2452,60,154,13.45
13482,2452,85,50,26.26
13483,2452,24,128,24.03
13484,2452,66,167,27.45
13485,2452,89,34,11.36
13486,2452,34,148,3.69
13487,2453,81,51,20.78
13488,2453,44,142,12.38
13489,2453,62,79,23.68
13490,2453,6,21,23.26
13491,2453,23,117,7.76
13492,2453,67,111,14.19
13493,2454,85,57,39.5
13494,2454,8,152,25.69
13495,2454,3,101,18.54
13496,2454,3,30,23.01
13497,2454,64,83,34.63
13498,2454,85,180,39.78
13499,2455,79,42,13.54
13500,2455,90,105,34.99
13501,2455,54,138,1.47
13502,2455,89,150,11.11
13503,2455,77,196,1.02
13504,2455,14,96,27.94
13505,2455,72,38,5.54
13506,2455,28,107,34.36
13507,2456,80,175,39.26
13508,2456,37,133,27.3
13509,2456,1,44,38.94
13510,2456,45,39,23.1
13511,2456,6,110,35.9
13512,2457,89,78,31.35
13513,2457,7,169,37.58
13514,2457,61,186,19.64
13515,2457,21,83,21.54
13516,2457,63,83,18.59
13517,2458,69,64,13.67
13518,2458,17,181,21.7
13519,2458,4,168,4.23
13520,2458,87,24,1.96
13521,2458,89,116,10.37
13522,2458,83,127,12.64
13523,2458,87,30,20.44
13524,2458,34,44,2.3
13525,2459,41,154,19.33
13526,2459,45,126,10.34
13527,2459,56,152,31.1
13528,2460,49,98,38.32
13529,2460,47,196,14.61
13530,2460,18,94,20.6
13531,2460,72,92,37.66
13532,2460,70,102,1.47
13533,2460,55,108,11.06
13534,2461,85,112,12.74
13535,2461,66,131,4.91
13536,2461,6,23,2.62
13537,2461,44,100,10.82
13538,2462,37,123,25.06
13539,2462,45,44,23.61
13540,2462,82,170,39.04
13541,2462,37,83,18.48
13542,2463,90,89,15.19
13543,2463,43,180,29.93
13544,2463,28,60,19.55
13545,2463,55,164,36.43
13546,2463,84,37,34.18
13547,2463,67,36,23.83
13548,2463,83,40,8.31
13549,2463,83,122,34.29
13550,2464,73,81,6.96
13551,2464,74,144,37.6
13552,2464,86,58,10.22
13553,2464,83,48,11.91
13554,2464,79,180,24.77
13555,2465,67,11,34.5
13556,2465,89,106,17.94
13557,2465,59,85,37.66
13558,2466,70,169,38.9
13559,2466,76,143,13.61
13560,2466,20,122,4.42
13561,2466,34,67,27.54
13562,2466,74,79,19.08
13563,2467,50,188,37.97
13564,2467,69,159,8.88
13565,2467,65,116,3.72
13566,2467,81,198,4.08
13567,2467,68,180,19.48
13568,2467,59,108,12.63
13569,2468,38,58,3.71
13570,2468,80,116,25.56
13571,2468,21,195,3.16
13572,2468,89,124,33.57
13573,2468,5,173,31.63
13574,2468,42,59,26.7
13575,2468,18,117,1.28
13576,2469,8,45,36.31
13577,2469,69,87,37.09
13578,2469,80,104,21.74
13579,2469,57,118,23.14
13580,2469,48,154,34.9
13581,2470,67,33,9.47
13582,2470,64,142,10.05
13583,2470,27,37,31.36
13584,2470,89,186,10.05
13585,2470,75,88,4.81
13586,2470,31,200,39.57
13587,2471,23,104,27.87
13588,2471,8,56,11.91
13589,2471,41,137,3.56
13590,2471,14,108,39.76
13591,2472,14,82,24.08
13592,2472,66,115,8.45
13593,2472,64,189,2.66
13594,2472,27,35,18.85
13595,2472,82,18,5.62
13596,2473,81,134,15.82
13597,2473,38,80,8.71
13598,2473,36,184,16.9
13599,2474,32,195,14.98
13600,2474,36,28,28.56
13601,2474,82,55,23.9
13602,2474,71,179,37.73
13603,2475,20,34,14.72
13604,2475,12,78,27.28
13605,2475,30,99,34.25
13606,2475,13,131,5.66
13607,2475,26,181,15.56
13608,2476,85,89,21.67
13609,2476,22,109,2.53
13610,2476,19,194,39.67
13611,2476,43,83,26.38
13612,2476,20,53,10.63
13613,2477,6,113,35.85
13614,2477,15,67,24.71
13615,2477,1,78,14.94
13616,2477,68,164,5.84
13617,2478,35,23,20.51
13618,2478,5,105,17.04
13619,2478,86,67,9.15
13620,2478,47,101,16.37
13621,2479,20,152,10.8
13622,2479,27,166,22.77
13623,2479,57,86,21.43
13624,2479,50,158,22.64
13625,2479,6,98,28.8
13626,2479,63,192,38.38
13627,2479,26,144,0.63
13628,2480,81,109,0.54
13629,2480,87,83,0.9
13630,2480,33,126,35.44
13631,2480,48,16,4.55
13632,2480,41,13,13.66
13633,2480,87,110,14.21
13634,2481,51,92,21.63
13635,2481,51,161,20.13
13636,2481,18,51,8.48
13637,2481,38,56,2.16
13638,2481,31,14,2.92
13639,2481,31,186,3.03
13640,2481,14,19,33.15
13641,2481,73,130,33.61
13642,2482,31,97,23.87
13643,2482,86,33,33.88
13644,2482,19,22,39.05
13645,2482,20,150,16.22
13646,2482,18,46,9.04
13647,2482,71,115,27.33
13648,2483,17,172,11.86
13649,2483,43,86,5.89
13650,2483,34,198,23.99
13651,2483,22,83,9.97
13652,2483,20,69,27.81
13653,2483,90,24,1.1
13654,2483,13,58,5.61
13655,2483,68,164,7.27
13656,2484,8,174,23.65
13657,2484,63,155,4.29
13658,2484,30,95,9.6
13659,2484,21,164,13.25
13660,2484,49,39,25.63
13661,2485,36,198,28.01
13662,2485,36,114,29.54
13663,2485,49,83,2.71
13664,2485,69,162,34.79
13665,2485,59,158,37.39
13666,2485,28,106,3.23
13667,2485,36,10,22.3
13668,2486,77,23,15.99
13669,2486,31,106,2.66
13670,2486,63,58,36.44
13671,2487,21,117,3.22
13672,2487,26,119,7.89
13673,2487,19,84,13.19
13674,2487,77,181,22.04
13675,2487,61,191,18.29
13676,2487,59,60,21.98
13677,2487,24,186,12.38
13678,2487,65,49,3.03
13679,2488,24,51,37.87
13680,2488,29,60,21.12
13681,2488,11,60,20.25
13682,2488,42,55,29.01
13683,2489,19,134,27.42
13684,2489,75,190,12.01
13685,2489,6,194,27.65
13686,2489,36,86,3.44
13687,2489,40,96,37.02
13688,2489,24,161,39.5
13689,2490,57,182,1.54
13690,2490,86,175,22.91
13691,2490,74,190,9.45
13692,2490,90,174,14.26
13693,2490,36,116,36.4
13694,2490,89,167,27.82
13695,2491,15,100,36.96
13696,2491,44,151,32.85
13697,2491,30,63,28.77
13698,2491,58,140,25.94
13699,2491,75,103,31.62
13700,2492,32,18,23.38
13701,2492,35,97,22.68
13702,2492,47,156,14.15
13703,2492,66,189,39.66
13704,2492,45,132,5.6
13705,2493,1,133,0.68
13706,2493,54,27,22.52
13707,2493,78,87,20.37
13708,2494,60,194,25.39
13709,2494,45,53,29.85
13710,2494,13,78,22.13
13711,2494,47,175,15.54
13712,2494,47,20,22.46
13713,2495,18,127,33.86
13714,2495,85,10,29.98
13715,2495,43,43,27.26
13716,2495,48,172,26.89
13717,2495,34,170,4.58
13718,2495,15,200,26.88
13719,2495,48,100,29.69
13720,2495,23,177,12.48
13721,2496,53,124,17.12
13722,2496,83,139,1.53
13723,2496,83,155,33.18
13724,2496,7,199,12.87
13725,2496,52,87,19.61
13726,2496,32,61,17.26
13727,2496,35,53,33.73
13728,2496,42,60,39.15
13729,2497,35,195,29.43
13730,2497,18,114,25.54
13731,2497,38,66,12.29
13732,2497,8,188,26.8
13733,2497,27,132,3.31
13734,2498,16,21,24.54
13735,2498,43,183,33.81
13736,2498,53,146,10.27
13737,2498,4,168,36.59
13738,2499,24,51,39.66
13739,2499,21,198,34.47
13740,2499,52,80,23.67
13741,2499,37,122,22.19
13742,2499,8,121,17.81
13743,2499,81,181,15.56
13744,2499,37,51,20.5
13745,2499,81,69,1.96
13746,2500,6,197,3.23
13747,2500,5,37,5.84
13748,2500,38,144,30.97
13749,2501,14,38,29.69
13750,2501,62,88,28.8
13751,2501,84,15,1.51
13752,2501,33,159,3.25
13753,2502,22,188,8.1
13754,2502,10,197,33.68
13755,2502,38,155,7.33
13756,2502,4,82,22.95
13757,2502,27,14,28.66
13758,2502,54,84,2.74
13759,2503,8,127,2.08
13760,2503,36,185,38.73
13761,2503,10,17,32.13
13762,2504,12,103,29.25
13763,2504,66,126,22.21
13764,2504,5,109,16.9
13765,2504,56,123,38.68
13766,2505,15,77,21.13
13767,2505,45,28,13.62
13768,2505,3,155,14.37
13769,2505,35,194,5.7
13770,2505,59,131,2.54
13771,2506,70,109,5.04
13772,2506,43,41,5.14
13773,2506,56,54,34.67
13774,2506,61,34,10.61
13775,2507,15,19,16.02
13776,2507,83,117,38.56
13777,2507,2,171,10.56
13778,2507,90,137,7.88
13779,2507,41,99,9.01
13780,2508,10,57,6.25
13781,2508,57,47,13.22
13782,2508,5,149,26.09
13783,2508,40,92,32.64
13784,2508,23,86,37.09
13785,2508,71,142,17.76
13786,2509,76,42,13.05
13787,2509,30,70,16.6
13788,2509,13,182,1.09
13789,2509,75,198,26.37
13790,2509,74,70,31.39
13791,2509,76,35,37.78
13792,2509,35,25,1.52
13793,2509,77,166,27.48
13794,2510,15,160,5.86
13795,2510,90,174,7.8
13796,2510,67,124,34.38
13797,2510,40,197,3.54
13798,2510,76,75,25.09
13799,2510,46,77,25.62
13800,2510,39,191,13.57
13801,2510,6,48,16.5
13802,2511,32,146,37.51
13803,2511,56,170,24.01
13804,2511,51,121,35.82
13805,2511,71,26,35.21
13806,2511,5,95,3.27
13807,2511,22,154,25.8
13808,2512,35,58,1.26
13809,2512,55,136,19.09
13810,2512,80,142,9.73
13811,2512,50,126,18.62
13812,2513,66,186,35.69
13813,2513,33,23,20.38
13814,2513,29,172,14.66
13815,2514,59,157,7.55
13816,2514,72,56,27.04
13817,2514,56,108,3.81
13818,2514,50,174,6.98
13819,2514,11,124,33.14
13820,2515,15,183,6.05
13821,2515,83,112,2.79
13822,2515,88,153,36.69
13823,2515,54,160,17.22
13824,2515,15,32,34.11
13825,2515,3,151,11.2
13826,2515,87,71,25.18
13827,2515,73,56,26.5
13828,2516,53,15,31.09
13829,2516,54,68,35.58
13830,2516,27,65,32.74
13831,2516,77,175,38.82
13832,2517,52,174,39.9
13833,2517,55,12,31.79
13834,2517,44,100,1.28
13835,2517,83,16,26.12
13836,2517,44,22,27.31
13837,2517,7,150,9.12
13838,2517,54,170,25.06
13839,2517,47,22,27.83
13840,2518,45,104,35.7
13841,2518,38,89,32.1
13842,2518,75,156,30.08
13843,2519,28,116,3.1
13844,2519,7,105,1.01
13845,2519,24,162,25.61
13846,2519,75,166,38.76
13847,2519,57,112,4.14
13848,2520,40,166,35.16
13849,2520,27,115,19.99
13850,2520,34,166,1.07
13851,2521,57,81,22.76
13852,2521,90,33,38.98
13853,2521,62,121,17.84
13854,2521,48,15,38.78
13855,2521,86,20,11.52
13856,2521,64,96,25.85
13857,2522,58,100,25.96
13858,2522,86,43,35.78
13859,2522,80,92,2.57
13860,2522,69,73,33.02
13861,2522,51,19,36.33
13862,2523,64,84,22.43
13863,2523,57,102,35.36
13864,2523,61,104,34.21
13865,2523,42,29,35.6
13866,2523,32,76,26.62
13867,2523,64,82,8.48
13868,2524,14,53,2.74
13869,2524,70,21,30.62
13870,2524,4,63,19.96
13871,2524,12,10,5.07
13872,2524,32,172,6.16
13873,2524,1,138,6.51
13874,2524,31,75,36.31
13875,2525,60,98,19.82
13876,2525,67,146,32.36
13877,2525,46,39,35.52
13878,2525,52,31,22.72
13879,2525,64,111,10.8
13880,2525,35,163,2.4
13881,2525,29,161,11.91
13882,2526,83,46,5.44
13883,2526,22,129,27.75
13884,2526,57,43,17.55
13885,2526,3,97,11.11
13886,2526,83,19,7.19
13887,2526,49,14,29.95
13888,2527,46,194,13.58
13889,2527,19,33,28.44
13890,2527,76,91,15.63
13891,2527,65,112,36.18
13892,2527,80,157,35.96
13893,2527,25,181,23.61
13894,2528,9,146,2.18
13895,2528,30,148,12.11
13896,2528,57,115,3.83
13897,2528,82,87,12.49
13898,2528,29,197,28.79
13899,2528,29,181,27.2
13900,2528,57,69,15.42
13901,2529,43,122,13.91
13902,2529,60,164,12.59
13903,2529,51,65,4.64
13904,2529,28,177,10.57
13905,2529,74,14,1.01
13906,2529,37,161,7.05
13907,2529,63,147,37.5
13908,2530,52,195,38.05
13909,2530,11,91,3.24
13910,2530,21,38,30.34
13911,2530,55,135,16.43
13912,2530,1,143,37.29
13913,2531,49,119,35.01
13914,2531,65,169,18.11
13915,2531,87,50,28.37
13916,2532,47,151,5.67
13917,2532,74,65,22.49
13918,2532,43,74,28.25
13919,2532,6,170,26.53
13920,2532,38,170,13.8
13921,2532,89,69,35.31
13922,2533,26,74,15.39
13923,2533,50,164,30.34
13924,2533,67,40,39.96
13925,2533,38,165,21.48
13926,2533,6,45,24.4
13927,2533,52,94,39.53
13928,2533,24,185,22.46
13929,2534,85,61,1.38
13930,2534,3,129,35.74
13931,2534,14,168,2.18
13932,2534,38,190,21.31
13933,2534,64,142,17.28
13934,2535,66,191,30.72
13935,2535,29,71,37.23
13936,2535,36,91,3.28
13937,2536,83,200,10.43
13938,2536,35,32,20.56
13939,2536,26,137,22.62
13940,2536,14,87,26.2
13941,2536,40,47,35.4
13942,2536,4,127,32.21
13943,2536,40,66,21.29
13944,2537,46,182,2.85
13945,2537,8,123,20.58
13946,2537,58,124,34.75
13947,2537,43,10,1.87
13948,2537,42,58,38.89
13949,2537,41,133,31.92
13950,2537,82,171,35.76
13951,2538,29,110,34.42
13952,2538,27,65,39.9
13953,2538,9,78,7.64
13954,2538,33,130,11.59
13955,2538,46,33,33.32
13956,2538,29,48,24.82
13957,2538,56,116,28.5
13958,2538,83,80,20.58
13959,2539,31,116,12.42
13960,2539,44,29,18.02
13961,2539,21,188,18.26
13962,2539,47,200,20.07
13963,2539,26,25,30.62
13964,2539,9,76,34.88
13965,2539,51,17,3.66
13966,2539,86,75,30.75
13967,2540,8,25,33.1
13968,2540,76,49,13.43
13969,2540,87,140,31.71
13970,2541,58,143,10.35
13971,2541,72,131,19.36
13972,2541,49,94,10.8
13973,2541,18,67,12.26
13974,2542,45,39,35.49
13975,2542,58,79,26.52
13976,2542,1,42,21.5
13977,2542,21,117,32.83
13978,2542,83,120,38.58
13979,2543,49,132,14.8
13980,2543,23,126,15.11
13981,2543,33,97,27.13
13982,2543,34,13,9.76
13983,2543,40,159,25.54
13984,2543,66,156,10.25
13985,2543,58,102,25.0
13986,2543,43,70,16.27
13987,2544,88,22,34.31
13988,2544,34,122,1.83
13989,2544,33,76,20.05
13990,2544,51,101,20.42
13991,2545,72,196,26.37
13992,2545,50,186,35.02
13993,2545,22,124,2.97
13994,2546,19,142,18.3
13995,2546,46,186,20.95
13996,2546,35,176,38.91
13997,2546,35,67,1.47
13998,2546,75,168,27.72
13999,2546,60,193,9.98
14000,2546,41,89,11.18
14001,2546,23,81,2.9
14002,2547,1,87,28.11
14003,2547,66,144,15.72
14004,2547,81,168,28.59
14005,2547,72,172,25.06
14006,2547,70,192,18.33
14007,2547,26,75,37.55
14008,2547,23,134,7.04
14009,2548,15,99,18.09
14010,2548,59,59,19.48
14011,2548,69,31,13.98
14012,2549,9,199,19.81
14013,2549,49,131,33.87
14014,2549,31,199,21.34
14015,2549,64,60,2.99
14016,2550,73,186,33.82
14017,2550,51,118,16.91
14018,2550,16,118,7.2
14019,2551,74,174,29.43
14020,2551,62,110,7.31
14021,2551,10,138,5.98
14022,2551,40,128,23.0
14023,2551,81,171,7.66
14024,2551,33,136,16.49
14025,2551,71,118,17.88
14026,2551,88,126,4.55
14027,2552,86,156,14.69
14028,2552,79,46,13.69
14029,2552,69,104,27.83
14030,2552,25,90,39.87
14031,2552,77,138,2.68
14032,2552,4,168,7.97
14033,2552,9,67,31.2
14034,2553,17,83,19.39
14035,2553,13,26,14.16
14036,2553,41,142,39.68
14037,2553,24,26,22.52
14038,2553,73,95,3.83
14039,2554,4,121,18.52
14040,2554,84,119,39.02
14041,2554,78,60,33.15
14042,2554,15,63,4.34
14043,2554,51,86,12.85
14044,2554,71,60,8.13
14045,2555,2,67,38.46
14046,2555,32,72,27.93
14047,2555,23,197,4.0
14048,2555,13,51,13.82
14049,2555,39,188,16.44
14050,2556,75,160,26.91
14051,2556,46,156,30.64
14052,2556,58,130,2.17
14053,2556,13,189,32.29
14054,2556,1,102,17.43
14055,2557,6,27,36.01
14056,2557,28,94,12.61
14057,2557,50,59,31.53
14058,2557,61,167,20.66
14059,2558,31,117,25.49
14060,2558,39,181,12.82
14061,2558,40,158,20.56
14062,2558,15,17,26.64
14063,2558,25,43,31.47
14064,2558,58,59,22.8
14065,2559,18,158,12.13
14066,2559,79,166,34.62
14067,2559,10,32,24.76
14068,2559,23,78,18.15
14069,2559,28,174,30.57
14070,2560,85,133,21.89
14071,2560,22,25,23.25
14072,2560,27,138,19.47
14073,2560,16,34,5.97
14074,2560,3,65,20.71
14075,2560,76,167,20.46
14076,2560,76,162,35.27
14077,2561,86,183,39.07
14078,2561,80,99,37.64
14079,2561,63,119,3.61
14080,2562,81,109,20.76
14081,2562,31,19,12.76
14082,2562,4,11,34.65
14083,2562,42,184,39.33
14084,2562,35,117,21.07
14085,2562,11,189,30.87
14086,2562,16,80,8.84
14087,2562,31,116,0.54
14088,2563,24,36,29.55
14089,2563,14,40,36.45
14090,2563,45,78,23.19
14091,2563,80,171,29.7
14092,2564,61,162,29.55
14093,2564,14,162,15.47
14094,2564,80,178,2.36
14095,2564,9,70,15.48
14096,2564,9,135,25.92
14097,2564,41,189,22.97
14098,2564,3,104,39.14
14099,2564,39,148,25.56
14100,2565,54,143,1.04
14101,2565,11,97,35.81
14102,2565,85,65,39.61
14103,2566,27,165,12.33
14104,2566,81,60,26.38
14105,2566,78,136,8.7
14106,2566,8,10,34.08
14107,2566,53,18,37.86
14108,2567,81,17,14.67
14109,2567,23,98,38.63
14110,2567,23,88,27.25
14111,2567,72,149,29.81
14112,2568,77,136,2.21
14113,2568,53,80,22.28
14114,2568,90,94,13.25
14115,2568,13,184,16.48
14116,2568,27,51,28.84
14117,2569,58,182,38.16
14118,2569,38,35,3.68
14119,2569,82,154,8.59
14120,2569,26,155,4.38
14121,2569,1,70,20.77
14122,2569,75,28,27.9
14123,2569,52,137,17.9
14124,2569,4,169,34.76
14125,2570,43,183,20.42
14126,2570,49,145,35.08
14127,2570,6,76,27.95
14128,2570,25,165,10.79
14129,2570,76,13,1.79
14130,2570,66,183,26.58
14131,2570,76,46,13.4
14132,2571,66,61,24.55
14133,2571,70,21,8.07
14134,2571,4,64,18.36
14135,2571,27,31,6.56
14136,2571,48,151,31.71
14137,2571,53,155,25.88
14138,2572,89,25,18.55
14139,2572,67,127,37.92
14140,2572,10,58,10.63
14141,2572,3,195,23.9
14142,2573,41,24,29.87
14143,2573,71,35,10.09
14144,2573,50,29,20.02
14145,2574,66,101,12.52
14146,2574,85,37,29.09
14147,2574,18,184,8.1
14148,2574,33,139,37.05
14149,2574,2,195,23.52
14150,2575,32,189,23.1
14151,2575,19,92,33.75
14152,2575,56,30,11.23
14153,2575,13,49,26.69
14154,2575,89,197,39.11
14155,2576,8,166,8.03
14156,2576,17,41,13.67
14157,2576,76,75,4.76
14158,2577,40,141,38.8
14159,2577,21,74,30.13
14160,2577,5,163,16.55
14161,2578,53,29,5.7
14162,2578,50,115,39.85
14163,2578,73,86,20.89
14164,2578,90,173,2.88
14165,2578,10,26,7.01
14166,2578,27,66,39.1
14167,2578,3,41,17.08
14168,2578,75,107,13.82
14169,2579,60,72,7.88
14170,2579,71,196,26.06
14171,2579,25,109,20.45
14172,2579,13,85,10.01
14173,2579,37,110,35.69
14174,2579,23,139,1.39
14175,2579,63,77,26.67
14176,2579,83,24,12.89
14177,2580,79,104,0.79
14178,2580,35,51,21.23
14179,2580,9,121,21.96
14180,2580,51,49,13.59
14181,2580,58,135,7.58
14182,2581,24,129,11.82
14183,2581,16,22,33.39
14184,2581,48,159,3.64
14185,2581,45,199,18.69
14186,2581,74,140,30.03
14187,2581,11,105,13.91
14188,2582,46,193,39.0
14189,2582,48,52,25.1
14190,2582,33,73,25.26
14191,2582,18,45,4.29
14192,2582,26,42,22.29
14193,2582,19,77,31.19
14194,2582,62,174,26.96
14195,2583,21,15,35.7
14196,2583,80,29,25.92
14197,2583,59,54,15.67
14198,2583,14,177,26.09
14199,2583,34,47,1.79
14200,2583,81,95,33.72
14201,2583,67,38,39.51
14202,2583,32,37,11.99
14203,2584,8,65,2.89
14204,2584,18,81,34.07
14205,2584,29,14,1.1
14206,2584,15,63,3.1
14207,2585,11,82,10.31
14208,2585,83,132,20.34
14209,2585,87,17,38.6
14210,2585,48,95,26.72
14211,2586,61,16,37.73
14212,2586,17,119,2.6
14213,2586,40,154,18.92
14214,2586,80,176,19.18
14215,2586,75,198,38.66
14216,2586,58,188,7.76
14217,2587,40,29,3.01
14218,2587,45,13,34.23
14219,2587,89,121,31.56
14220,2587,80,169,15.52
14221,2587,22,189,18.17
14222,2587,52,58,9.1
14223,2587,53,139,1.54
14224,2587,6,123,4.97
14225,2588,41,22,26.5
14226,2588,46,172,7.77
14227,2588,6,34,3.11
14228,2588,62,12,29.42
14229,2588,19,42,38.27
14230,2588,48,155,29.14
14231,2589,71,31,32.42
14232,2589,30,64,4.91
14233,2589,10,120,39.4
14234,2589,80,180,19.13
14235,2590,63,20,19.77
14236,2590,15,164,39.84
14237,2590,75,94,35.95
14238,2590,15,40,15.12
14239,2590,70,126,5.57
14240,2590,75,25,36.58
14241,2590,64,40,13.22
14242,2591,2,56,16.39
14243,2591,17,63,16.43
14244,2591,23,195,33.7
14245,2591,44,140,21.74
14246,2591,37,192,15.36
14247,2591,75,62,18.12
14248,2592,4,142,26.97
14249,2592,46,175,27.9
14250,2592,81,26,3.17
14251,2592,64,145,10.7
14252,2592,40,81,2.44
14253,2593,66,164,10.59
14254,2593,36,88,37.52
14255,2593,57,165,33.12
14256,2593,52,109,17.4
14257,2593,7,83,12.73
14258,2594,16,147,21.2
14259,2594,53,27,21.28
14260,2594,63,193,17.9
14261,2595,37,160,17.0
14262,2595,67,199,12.02
14263,2595,90,42,18.78
14264,2595,31,187,39.51
14265,2595,83,172,25.78
14266,2595,82,142,33.27
14267,2596,64,93,34.27
14268,2596,16,64,31.75
14269,2596,36,170,30.82
14270,2596,82,100,14.07
14271,2596,57,162,18.54
14272,2596,4,195,18.68
14273,2597,8,89,25.42
14274,2597,48,96,38.76
14275,2597,4,15,3.31
14276,2597,26,36,31.16
14277,2597,34,36,6.48
14278,2597,23,99,23.72
14279,2597,14,173,7.75
14280,2597,81,151,14.62
14281,2598,7,103,14.96
14282,2598,83,170,6.92
14283,2598,14,137,19.03
14284,2598,82,146,14.53
14285,2598,42,49,36.96
14286,2599,35,65,17.79
14287,2599,20,139,29.9
14288,2599,20,16,7.8
14289,2599,7,80,3.38
14290,2599,54,84,36.23
14291,2599,52,20,18.58
14292,2599,49,97,6.68
14293,2599,8,185,4.72
14294,2600,7,169,16.74
14295,2600,30,122,7.22
14296,2600,5,24,23.16
14297,2600,21,40,29.52
14298,2600,44,109,28.97
14299,2600,80,59,31.67
14300,2601,45,20,16.18
14301,2601,73,109,36.46
14302,2601,15,182,28.97
14303,2601,43,148,21.03
14304,2601,35,181,14.37
14305,2601,28,111,10.38
14306,2602,4,18,31.89
14307,2602,87,53,1.81
14308,2602,73,106,19.92
14309,2602,5,86,2.81
14310,2602,53,46,10.18
14311,2602,24,34,33.54
14312,2602,16,188,38.55
14313,2602,60,90,5.42
14314,2603,53,17,13.82
14315,2603,56,100,9.76
14316,2603,35,183,31.96
14317,2603,35,55,7.59
14318,2603,64,21,36.13
14319,2603,28,30,31.71
14320,2603,6,126,18.57
14321,2604,80,162,34.88
14322,2604,65,155,8.1
14323,2604,52,134,37.33
14324,2604,22,148,29.24
14325,2604,5,31,19.7
14326,2605,68,125,38.24
14327,2605,65,142,2.77
14328,2605,14,26,32.36
14329,2605,5,177,14.33
14330,2605,88,158,6.44
14331,2605,27,145,9.29
14332,2605,22,47,8.81
14333,2605,64,95,2.25
14334,2606,51,177,10.07
14335,2606,24,77,11.51
14336,2606,88,166,16.27
14337,2607,15,192,7.19
14338,2607,14,111,29.1
14339,2607,47,93,25.42
14340,2607,17,129,23.63
14341,2607,26,178,23.73
14342,2608,39,181,15.54
14343,2608,50,166,33.26
14344,2608,5,89,19.21
14345,2609,79,119,26.65
14346,2609,84,176,39.51
14347,2609,34,85,3.76
14348,2609,6,77,8.34
14349,2610,80,179,16.87
14350,2610,5,94,0.92
14351,2610,42,115,31.25
14352,2610,22,70,38.0
14353,2611,86,78,30.98
14354,2611,51,12,12.12
14355,2611,46,32,3.86
14356,2611,76,18,36.5
14357,2611,41,110,29.42
14358,2611,23,57,27.09
14359,2612,10,135,20.59
14360,2612,15,56,14.23
14361,2612,22,184,18.44
14362,2613,38,45,30.63
14363,2613,17,165,6.11
14364,2613,45,73,22.08
14365,2613,10,151,18.0
14366,2613,62,109,3.92
14367,2613,52,105,27.35
14368,2613,21,50,26.96
14369,2614,31,121,17.6
14370,2614,64,159,22.61
14371,2614,31,179,11.66
14372,2614,66,61,29.46
14373,2614,25,130,20.69
14374,2614,51,172,4.94
14375,2614,82,157,7.71
14376,2615,49,174,20.95
14377,2615,70,15,19.51
14378,2615,48,116,13.77
14379,2615,7,16,2.45
14380,2615,19,134,39.95
14381,2615,2,167,8.47
14382,2616,61,11,24.94
14383,2616,72,19,9.78
14384,2616,29,125,32.17
14385,2616,34,46,27.45
14386,2616,28,130,11.9
14387,2617,23,171,6.18
14388,2617,53,195,28.28
14389,2617,80,81,35.02
14390,2617,42,76,6.73
14391,2617,54,199,35.1
14392,2617,79,73,29.29
14393,2617,32,111,29.37
14394,2618,4,183,19.12
14395,2618,66,31,31.39
14396,2618,79,98,24.66
14397,2618,14,171,36.44
14398,2618,54,29,26.76
14399,2619,77,146,22.67
14400,2619,8,77,1.27
14401,2619,27,69,16.06
14402,2620,39,94,33.25
14403,2620,24,133,14.7
14404,2620,34,44,15.89
14405,2620,30,44,27.74
14406,2620,62,55,7.82
14407,2621,31,47,13.14
14408,2621,13,110,24.93
14409,2621,75,58,31.2
14410,2621,24,155,37.33
14411,2621,57,74,14.78
14412,2622,90,27,17.17
14413,2622,70,112,7.35
14414,2622,38,161,31.44
14415,2622,14,67,8.37
14416,2622,55,119,32.63
14417,2623,42,48,25.84
14418,2623,52,111,29.88
14419,2623,62,26,39.06
14420,2623,12,141,3.89
14421,2623,18,178,0.65
14422,2623,20,59,29.6
14423,2624,34,112,13.52
14424,2624,47,23,31.12
14425,2624,28,120,23.42
14426,2624,86,140,13.94
14427,2624,9,106,18.6
14428,2624,54,176,35.02
14429,2624,46,168,24.94
14430,2625,75,123,16.54
14431,2625,24,45,8.29
14432,2625,36,88,23.1
14433,2625,74,98,27.61
14434,2625,38,70,18.29
14435,2625,1,198,11.12
14436,2626,14,117,6.64
14437,2626,26,40,20.15
14438,2626,61,79,28.47
14439,2626,35,47,7.65
14440,2626,13,57,27.35
14441,2626,17,175,4.75
14442,2626,76,132,8.08
14443,2627,33,123,8.56
14444,2627,59,93,4.49
14445,2627,85,55,23.84
14446,2627,47,148,9.84
14447,2628,27,70,7.15
14448,2628,13,16,12.29
14449,2628,27,198,38.26
14450,2628,12,65,13.05
14451,2628,55,197,8.47
14452,2628,87,191,12.14
14453,2628,29,26,28.02
14454,2629,30,60,30.51
14455,2629,34,124,25.31
14456,2629,90,101,34.93
14457,2629,28,72,37.5
14458,2629,82,139,37.83
14459,2629,22,92,12.46
14460,2630,74,46,27.73
14461,2630,19,18,16.22
14462,2630,70,44,23.0
14463,2630,83,161,36.14
14464,2630,33,97,31.01
14465,2630,89,20,7.36
14466,2630,66,87,14.19
14467,2631,88,35,30.38
14468,2631,85,174,20.81
14469,2631,11,119,29.87
14470,2631,48,85,24.08
14471,2631,26,37,36.85
14472,2631,42,73,29.32
14473,2631,44,35,8.41
14474,2632,54,129,27.85
14475,2632,50,30,17.53
14476,2632,55,12,13.09
14477,2632,31,67,18.38
14478,2633,61,30,5.52
14479,2633,90,76,19.61
14480,2633,54,165,30.24
14481,2633,48,71,32.28
14482,2633,23,37,18.41
14483,2633,68,162,12.45
14484,2634,58,45,39.5
14485,2634,55,124,39.45
14486,2634,7,79,4.02
14487,2634,56,53,24.71
14488,2634,9,167,30.36
14489,2634,14,175,15.39
14490,2634,57,151,37.06
14491,2635,34,135,38.6
14492,2635,2,39,24.5
14493,2635,19,173,14.86
14494,2635,32,40,18.4
14495,2635,43,93,32.07
14496,2635,34,110,33.6
14497,2635,56,38,12.15
14498,2635,30,148,33.9
14499,2636,60,42,33.89
14500,2636,62,96,11.61
14501,2636,57,117,32.83
14502,2636,81,24,23.48
14503,2636,12,76,5.62
14504,2636,85,25,24.85
14505,2636,51,60,16.64
14506,2637,83,92,6.84
14507,2637,67,57,8.0
14508,2637,27,48,24.9
14509,2637,55,134,20.71
14510,2637,40,61,37.37
14511,2638,75,37,34.92
14512,2638,60,129,16.67
14513,2638,66,102,20.72
14514,2638,51,190,32.13
14515,2638,74,47,6.1
14516,2638,83,188,39.54
14517,2638,30,134,27.85
14518,2639,65,137,4.33
14519,2639,60,39,38.62
14520,2639,56,104,34.52
14521,2639,82,97,24.08
14522,2640,35,104,32.37
14523,2640,55,180,22.94
14524,2640,79,96,20.35
14525,2640,85,42,24.47
14526,2640,69,115,9.8
14527,2640,8,165,23.16
14528,2640,60,190,6.44
14529,2641,58,158,8.57
14530,2641,79,86,36.54
14531,2641,11,89,35.94
14532,2642,46,74,12.75
14533,2642,5,158,16.35
14534,2642,50,47,12.8
14535,2643,34,18,12.71
14536,2643,48,50,29.91
14537,2643,89,134,25.65
14538,2643,60,15,8.44
14539,2643,33,128,17.52
14540,2643,30,22,38.61
14541,2644,10,180,25.97
14542,2644,75,17,16.11
14543,2644,84,100,30.78
14544,2644,13,169,34.11
14545,2644,3,134,7.2
14546,2645,47,195,2.15
14547,2645,16,192,29.75
14548,2645,64,22,20.78
14549,2646,76,46,33.01
14550,2646,12,189,8.82
14551,2646,4,11,7.58
14552,2647,12,87,17.93
14553,2647,87,124,7.47
14554,2647,74,24,28.48
14555,2647,48,92,5.5
14556,2647,62,139,7.92
14557,2647,80,17,10.47
14558,2647,64,98,19.46
14559,2647,38,90,15.38
14560,2648,49,69,8.23
14561,2648,32,172,22.55
14562,2648,40,196,34.73
14563,2648,44,26,23.04
14564,2649,26,23,22.59
14565,2649,38,32,8.73
14566,2649,16,118,31.89
14567,2649,52,179,30.95
14568,2649,33,179,34.38
14569,2649,34,158,2.12
14570,2649,47,173,29.9
14571,2650,63,184,19.62
14572,2650,81,59,8.55
14573,2650,88,176,9.73
14574,2651,71,194,32.8
14575,2651,13,170,34.1
14576,2651,21,33,32.13
14577,2652,25,155,7.02
14578,2652,29,27,21.36
14579,2652,49,128,39.66
14580,2652,86,143,4.98
14581,2652,11,179,32.32
14582,2652,4,149,32.2
14583,2652,8,49,37.05
14584,2652,31,148,22.51
14585,2653,87,45,32.01
14586,2653,86,101,18.26
14587,2653,41,71,31.4
14588,2654,9,27,24.43
14589,2654,88,58,14.27
14590,2654,58,187,7.8
14591,2654,51,73,23.88
14592,2654,73,189,15.99
14593,2654,40,14,26.71
14594,2654,30,138,28.24
14595,2654,80,46,2.77
14596,2655,10,76,13.17
14597,2655,78,21,24.26
14598,2655,4,177,8.05
14599,2655,87,103,30.8
14600,2655,18,143,35.85
14601,2655,79,71,24.79
14602,2655,31,157,38.06
14603,2656,62,67,9.2
14604,2656,67,57,18.06
14605,2656,41,65,37.95
14606,2656,38,148,26.96
14607,2656,23,187,12.35
14608,2656,50,110,21.08
14609,2656,74,190,7.27
14610,2656,72,102,22.14
14611,2657,10,10,27.36
14612,2657,15,172,28.13
14613,2657,89,184,14.88
14614,2658,40,135,23.99
14615,2658,1,124,11.21
14616,2658,47,36,32.04
14617,2658,89,150,34.29
14618,2658,60,13,38.95
14619,2658,87,44,7.22
14620,2658,84,125,18.52
14621,2659,45,74,30.05
14622,2659,81,162,37.56
14623,2659,68,71,23.18
14624,2659,4,63,7.45
14625,2660,82,134,5.68
14626,2660,9,24,39.5
14627,2660,77,126,7.31
14628,2660,44,124,13.41
14629,2661,56,64,18.8
14630,2661,83,24,20.01
14631,2661,78,119,30.92
14632,2661,84,200,8.86
14633,2662,45,36,18.94
14634,2662,55,121,33.51
14635,2662,80,166,7.38
14636,2662,22,135,11.78
14637,2663,39,103,23.3
14638,2663,45,153,7.49
14639,2663,80,104,38.5
14640,2663,45,111,6.8
14641,2664,5,159,35.9
14642,2664,73,87,35.05
14643,2664,10,86,20.19
14644,2664,27,122,17.39
14645,2664,26,125,30.55
14646,2664,23,99,38.47
14647,2664,38,140,14.48
14648,2665,56,116,23.55
14649,2665,85,92,27.24
14650,2665,63,195,0.68
14651,2665,16,153,16.57
14652,2665,47,23,16.15
14653,2665,77,196,31.08
14654,2666,9,35,15.28
14655,2666,83,11,12.86
14656,2666,18,94,16.81
14657,2666,59,10,12.76
14658,2666,22,118,10.86
14659,2667,70,22,31.51
14660,2667,39,186,16.2
14661,2667,1,187,38.1
14662,2668,24,139,15.17
14663,2668,38,36,16.99
14664,2668,60,94,0.5
14665,2668,81,173,6.93
14666,2668,82,167,6.74
14667,2668,43,54,4.84
14668,2668,29,153,0.99
14669,2668,75,182,28.99
14670,2669,64,106,10.12
14671,2669,13,85,20.7
14672,2669,34,161,34.19
14673,2669,81,33,12.95
14674,2670,48,153,24.13
14675,2670,70,90,9.33
14676,2670,81,68,13.59
14677,2670,85,85,23.03
14678,2670,81,164,27.46
14679,2671,45,175,26.09
14680,2671,44,46,5.77
14681,2671,61,176,27.34
14682,2671,11,43,39.66
14683,2672,71,32,20.11
14684,2672,39,157,18.57
14685,2672,9,41,3.64
14686,2673,55,16,22.8
14687,2673,79,193,4.3
14688,2673,7,90,26.94
14689,2673,37,182,39.81
14690,2674,14,168,26.35
14691,2674,84,78,2.93
14692,2674,47,167,19.88
14693,2674,67,63,10.84
14694,2674,87,84,14.63
14695,2674,35,53,4.02
14696,2674,39,51,1.16
14697,2674,66,85,32.64
14698,2675,35,155,1.92
14699,2675,60,150,18.0
14700,2675,42,94,1.88
14701,2675,48,89,5.22
14702,2675,16,165,2.4
14703,2676,60,10,39.3
14704,2676,57,158,39.81
14705,2676,85,17,39.48
14706,2676,88,112,4.16
14707,2676,86,118,23.68
14708,2676,15,64,30.54
14709,2677,27,107,33.99
14710,2677,41,102,23.72
14711,2677,47,147,38.79
14712,2677,63,128,29.61
14713,2677,89,114,23.53
14714,2677,17,44,16.93
14715,2677,85,38,32.91
14716,2678,4,121,35.51
14717,2678,68,175,7.53
14718,2678,55,41,1.27
14719,2678,22,192,9.4
14720,2678,10,178,5.93
14721,2678,80,76,14.93
14722,2678,76,191,31.22
14723,2679,27,190,10.81
14724,2679,34,59,22.72
14725,2679,82,179,17.21
14726,2679,27,132,14.66
14727,2679,66,187,28.99
14728,2679,76,187,3.86
14729,2680,68,137,34.89
14730,2680,15,153,20.88
14731,2680,81,179,27.7
14732,2680,88,32,5.24
14733,2680,30,69,31.96
14734,2680,79,93,35.16
14735,2680,21,63,8.48
14736,2680,35,70,7.07
14737,2681,86,129,35.19
14738,2681,13,47,19.84
14739,2681,63,164,16.94
14740,2682,79,175,2.12
14741,2682,66,195,3.21
14742,2682,87,54,7.32
14743,2682,7,139,37.56
14744,2682,24,23,12.56
14745,2682,67,85,26.52
14746,2683,78,135,20.84
14747,2683,72,35,16.91
14748,2683,33,160,14.45
14749,2684,19,181,34.88
14750,2684,80,161,1.17
14751,2684,81,57,20.69
14752,2684,22,44,11.36
14753,2684,13,137,2.23
14754,2685,13,71,20.03
14755,2685,87,80,8.78
14756,2685,5,67,39.49
14757,2685,8,97,29.68
14758,2685,61,156,7.24
14759,2685,82,33,20.17
14760,2685,29,72,36.91
14761,2685,67,39,9.69
14762,2686,11,170,35.2
14763,2686,20,166,38.26
14764,2686,89,134,24.84
14765,2687,23,30,4.15
14766,2687,58,12,25.54
14767,2687,54,52,2.22
14768,2687,18,37,33.03
14769,2687,35,12,18.55
14770,2687,85,106,17.59
14771,2688,20,157,5.55
14772,2688,90,72,35.6
14773,2688,43,21,25.5
14774,2688,13,36,9.97
14775,2688,33,165,15.39
14776,2688,89,158,13.39
14777,2689,37,140,37.65
14778,2689,76,75,14.56
14779,2689,86,194,23.57
14780,2689,77,122,6.06
14781,2689,38,129,33.78
14782,2689,85,24,11.91
14783,2689,33,88,39.67
14784,2690,30,155,10.66
14785,2690,1,77,32.63
14786,2690,42,35,34.98
14787,2690,39,76,12.55
14788,2690,89,102,19.66
14789,2690,67,27,32.03
14790,2691,66,140,21.6
14791,2691,51,86,15.47
14792,2691,3,153,24.61
14793,2691,4,74,9.91
14794,2692,10,70,37.6
14795,2692,13,67,31.19
14796,2692,90,165,24.89
14797,2692,64,97,10.79
14798,2693,63,133,35.87
14799,2693,17,122,29.64
14800,2693,47,74,33.52
14801,2693,21,75,5.07
14802,2693,41,10,28.8
14803,2693,68,183,8.82
14804,2694,18,56,9.57
14805,2694,59,47,2.22
14806,2694,39,27,24.17
14807,2694,45,65,33.01
14808,2694,7,182,2.55
14809,2694,55,70,6.87
14810,2695,27,67,38.26
14811,2695,21,34,39.69
14812,2695,68,97,36.68
14813,2695,25,173,18.67
14814,2695,46,184,37.19
14815,2695,23,116,37.8
14816,2696,36,104,35.22
14817,2696,8,152,21.17
14818,2696,65,154,28.38
14819,2696,75,142,38.94
14820,2696,86,33,21.35
14821,2696,13,164,25.0
14822,2696,24,153,5.24
14823,2697,83,10,16.76
14824,2697,25,61,26.49
14825,2697,76,200,26.41
14826,2697,41,96,7.93
14827,2698,73,183,18.42
14828,2698,13,162,18.07
14829,2698,81,13,11.18
14830,2698,73,182,37.77
14831,2698,24,84,6.36
14832,2699,79,175,3.7
14833,2699,59,67,4.91
14834,2699,25,66,5.78
14835,2700,86,137,30.71
14836,2700,22,88,10.55
14837,2700,65,71,33.64
14838,2700,4,134,5.19
14839,2700,18,31,36.47
14840,2700,22,103,20.08
14841,2700,70,160,17.55
14842,2700,77,29,2.47
14843,2701,65,178,7.58
14844,2701,21,81,11.99
14845,2701,80,102,7.47
14846,2701,5,122,15.66
14847,2701,75,170,32.68
14848,2701,46,46,32.74
14849,2701,70,63,3.87
14850,2702,74,101,4.72
14851,2702,52,101,34.25
14852,2702,8,37,35.23
14853,2702,7,23,15.21
14854,2702,38,15,30.18
14855,2702,60,122,15.9
14856,2702,15,180,34.68
14857,2703,44,130,15.03
14858,2703,4,18,1.26
14859,2703,50,115,30.14
14860,2703,45,130,34.51
14861,2704,31,150,11.17
14862,2704,58,173,32.77
14863,2704,12,200,27.88
14864,2704,35,103,20.37
14865,2704,50,68,34.51
14866,2704,23,37,7.37
14867,2704,10,147,6.78
14868,2704,53,59,39.3
14869,2705,12,45,24.03
14870,2705,67,18,29.89
14871,2705,27,194,3.91
14872,2706,57,16,14.84
14873,2706,50,126,27.1
14874,2706,72,195,37.34
14875,2706,87,99,6.82
14876,2707,37,110,13.8
14877,2707,87,81,20.03
14878,2707,29,29,17.58
14879,2707,12,86,15.14
14880,2707,77,23,8.65
14881,2708,37,50,33.4
14882,2708,27,122,6.79
14883,2708,33,121,17.25
14884,2708,50,200,33.88
14885,2708,22,114,36.5
14886,2708,62,109,3.42
14887,2708,39,174,17.89
14888,2708,2,81,32.29
14889,2709,22,187,2.21
14890,2709,77,119,10.8
14891,2709,19,103,11.91
14892,2709,58,146,2.58
14893,2709,35,68,19.55
14894,2710,89,175,7.97
14895,2710,66,169,19.69
14896,2710,29,27,4.79
14897,2711,44,70,35.58
14898,2711,73,164,15.14
14899,2711,12,34,31.0
14900,2711,82,197,37.96
14901,2711,41,81,32.57
14902,2711,33,11,4.19
14903,2712,82,129,24.64
14904,2712,8,190,21.22
14905,2712,71,16,21.48
14906,2712,66,71,13.87
14907,2713,83,67,17.37
14908,2713,42,77,25.53
14909,2713,58,105,30.74
14910,2713,58,157,22.82
14911,2713,62,76,5.75
14912,2713,38,51,25.47
14913,2713,83,24,29.38
14914,2714,22,132,13.4
14915,2714,66,75,23.62
14916,2714,64,182,21.36
14917,2714,8,187,35.65
14918,2714,58,143,34.54
14919,2714,56,133,37.09
14920,2714,41,69,2.74
14921,2715,1,149,34.41
14922,2715,57,143,27.15
14923,2715,77,76,15.24
14924,2715,14,164,36.17
14925,2715,87,50,32.24
14926,2715,53,133,3.31
14927,2715,83,154,24.87
14928,2716,28,122,36.04
14929,2716,3,12,29.09
14930,2716,80,104,34.8
14931,2716,83,108,8.03
14932,2717,58,24,14.97
14933,2717,24,20,22.73
14934,2717,32,106,3.51
14935,2717,88,171,1.3
14936,2717,37,89,32.38
14937,2718,62,50,28.55
14938,2718,85,83,3.3
14939,2718,8,64,17.38
14940,2718,42,145,38.14
14941,2718,50,155,31.34
14942,2718,29,49,28.51
14943,2718,68,161,11.01
14944,2719,25,18,30.14
14945,2719,63,17,24.95
14946,2719,13,145,10.95
14947,2720,60,131,32.09
14948,2720,30,131,9.04
14949,2720,82,37,39.0
14950,2720,74,46,18.17
14951,2720,79,53,19.87
14952,2720,53,22,3.83
14953,2720,3,112,25.67
14954,2721,1,162,27.72
14955,2721,8,26,20.79
14956,2721,17,104,25.37
14957,2722,2,106,4.2
14958,2722,68,96,31.56
14959,2722,59,20,0.76
14960,2722,8,15,4.46
14961,2722,20,45,5.73
14962,2722,15,53,28.24
14963,2722,72,65,35.02
14964,2723,5,41,36.95
14965,2723,10,149,36.39
14966,2723,49,154,8.24
14967,2724,49,128,17.74
14968,2724,67,132,33.8
14969,2724,6,38,11.62
14970,2725,30,55,22.57
14971,2725,20,102,4.93
14972,2725,49,75,31.03
14973,2725,76,94,20.52
14974,2725,50,41,17.59
14975,2725,19,37,2.99
14976,2726,33,87,31.57
14977,2726,77,109,12.99
14978,2726,5,50,28.39
14979,2726,21,193,3.8
14980,2726,67,179,38.59
14981,2727,82,144,2.49
14982,2727,90,129,37.93
14983,2727,80,94,0.58
14984,2727,22,85,6.1
14985,2727,33,176,30.81
14986,2728,23,68,5.06
14987,2728,60,171,13.15
14988,2728,65,123,20.16
14989,2728,16,185,38.49
14990,2728,20,10,6.61
14991,2729,82,43,1.07
14992,2729,14,144,16.91
14993,2729,55,197,31.54
14994,2729,60,81,12.64
14995,2729,22,55,20.66
14996,2729,63,151,0.93
14997,2729,25,167,2.94
14998,2730,5,188,23.36
14999,2730,50,116,15.96
15000,2730,58,121,7.4
15001,2730,49,18,25.49
15002,2731,40,166,24.13
15003,2731,82,20,10.65
15004,2731,64,41,39.37
15005,2731,39,162,13.44
15006,2731,33,92,25.7
15007,2731,34,197,12.54
15008,2731,53,98,18.98
15009,2731,16,72,27.67
15010,2732,33,52,18.89
15011,2732,75,64,25.61
15012,2732,23,143,36.4
15013,2732,60,65,6.27
15014,2733,55,92,10.65
15015,2733,69,171,11.94
15016,2733,64,88,30.85
15017,2733,38,119,27.7
15018,2733,44,170,11.37
15019,2733,8,58,35.74
15020,2734,83,35,34.07
15021,2734,30,108,16.92
15022,2734,73,85,14.68
15023,2734,26,151,39.61
15024,2735,40,95,29.07
15025,2735,28,99,15.81
15026,2735,66,51,39.44
15027,2735,68,163,38.55
15028,2736,86,104,12.48
15029,2736,82,48,26.75
15030,2736,29,189,24.78
15031,2736,1,38,8.47
15032,2736,82,129,25.73
15033,2736,10,166,3.58
15034,2737,2,35,36.61
15035,2737,12,39,37.05
15036,2737,46,145,4.76
15037,2737,49,49,8.87
15038,2737,46,72,24.58
15039,2737,21,150,3.4
15040,2738,52,96,2.04
15041,2738,9,106,8.48
15042,2738,77,124,35.28
15043,2738,47,15,15.08
15044,2738,57,200,24.42
15045,2738,18,40,34.93
15046,2738,48,26,2.02
15047,2738,78,152,33.26
15048,2739,29,13,1.9
15049,2739,59,134,9.4
15050,2739,2,183,15.32
15051,2739,51,154,11.92
15052,2739,58,174,16.82
15053,2740,68,54,15.61
15054,2740,26,52,34.92
15055,2740,57,116,29.6
15056,2740,89,174,4.47
15057,2740,40,73,3.63
15058,2740,8,127,13.92
15059,2740,77,138,34.65
15060,2740,61,30,11.41
15061,2741,38,44,23.88
15062,2741,4,106,26.98
15063,2741,33,197,15.57
15064,2741,15,82,37.65
15065,2741,65,197,8.47
15066,2741,65,200,3.0
15067,2742,70,195,24.01
15068,2742,41,89,34.95
15069,2742,46,146,11.73
15070,2742,61,76,10.22
15071,2742,75,84,19.8
15072,2742,44,44,31.96
15073,2742,76,133,32.14
15074,2742,21,176,12.55
15075,2743,37,97,14.12
15076,2743,38,16,29.26
15077,2743,36,48,5.32
15078,2743,2,38,12.36
15079,2744,15,131,18.1
15080,2744,42,81,15.18
15081,2744,73,199,33.53
15082,2745,80,149,15.52
15083,2745,17,200,17.53
15084,2745,23,65,9.86
15085,2745,44,71,37.09
15086,2745,2,18,29.97
15087,2745,81,42,26.35
15088,2746,24,173,15.08
15089,2746,89,62,18.45
15090,2746,63,181,29.98
15091,2746,14,54,32.78
15092,2746,21,89,14.8
15093,2746,63,18,5.36
15094,2746,13,198,32.66
15095,2746,9,123,14.37
15096,2747,72,60,16.74
15097,2747,38,154,25.46
15098,2747,16,96,3.92
15099,2747,55,158,12.71
15100,2747,29,151,20.07
15101,2748,9,69,13.28
15102,2748,88,165,9.02
15103,2748,90,181,20.78
15104,2748,75,31,36.56
15105,2748,45,81,21.77
15106,2748,23,94,17.61
15107,2749,26,182,31.26
15108,2749,16,120,3.76
15109,2749,20,10,25.94
15110,2749,79,46,37.37
15111,2749,54,179,21.57
15112,2750,86,187,19.15
15113,2750,43,36,12.92
15114,2750,51,178,17.87
15115,2750,18,22,27.87
15116,2751,50,106,24.83
15117,2751,14,185,37.36
15118,2751,17,197,22.09
15119,2752,36,84,3.61
15120,2752,37,156,9.84
15121,2752,13,31,3.94
15122,2752,49,173,28.45
15123,2752,41,89,38.59
15124,2752,22,109,30.07
15125,2752,17,35,20.96
15126,2753,32,114,10.37
15127,2753,30,185,15.09
15128,2753,16,150,13.35
15129,2753,22,47,23.99
15130,2753,12,119,32.86
15131,2753,52,33,8.37
15132,2753,8,122,29.52
15133,2753,31,168,20.86
15134,2754,38,184,13.19
15135,2754,35,88,36.99
15136,2754,26,17,0.66
15137,2754,83,84,31.41
15138,2754,87,125,29.65
15139,2754,61,84,5.28
15140,2754,38,117,32.96
15141,2755,27,34,16.35
15142,2755,26,54,35.48
15143,2755,29,72,28.38
15144,2755,26,20,13.63
15145,2755,46,128,27.66
15146,2755,49,113,35.05
15147,2755,59,24,7.88
15148,2756,49,119,17.36
15149,2756,50,157,25.81
15150,2756,46,14,20.87
15151,2756,47,192,6.35
15152,2756,11,22,17.12
15153,2756,79,114,15.21
15154,2756,27,44,15.73
15155,2756,33,137,11.21
15156,2757,24,182,11.24
15157,2757,87,76,8.22
15158,2757,56,143,11.7
15159,2758,1,11,35.33
15160,2758,71,178,27.61
15161,2758,1,141,19.79
15162,2759,71,41,23.9
15163,2759,87,158,25.44
15164,2759,19,132,3.71
15165,2759,13,139,23.9
15166,2759,29,153,33.72
15167,2759,14,166,21.6
15168,2759,78,42,4.3
15169,2760,10,129,29.61
15170,2760,59,117,29.91
15171,2760,14,140,1.76
15172,2760,67,120,28.66
15173,2760,88,91,30.1
15174,2760,17,115,5.68
15175,2760,77,32,13.68
15176,2761,66,37,36.33
15177,2761,52,121,13.81
15178,2761,11,134,37.95
15179,2761,26,29,8.65
15180,2762,73,72,5.07
15181,2762,42,45,28.67
15182,2762,63,183,38.03
15183,2762,24,98,14.04
15184,2762,32,135,17.21
15185,2763,17,92,17.77
15186,2763,55,170,31.07
15187,2763,15,108,8.97
15188,2763,15,126,7.2
15189,2763,13,94,10.45
15190,2763,89,59,16.83
15191,2763,69,33,34.8
15192,2764,43,16,7.92
15193,2764,37,112,0.99
15194,2764,61,89,39.67
15195,2764,54,172,38.47
15196,2765,83,200,12.18
15197,2765,90,90,12.53
15198,2765,33,147,6.13
15199,2765,66,135,9.1
15200,2765,72,178,7.49
15201,2766,66,149,37.61
15202,2766,61,81,32.95
15203,2766,45,24,9.11
15204,2766,9,97,3.12
15205,2766,40,180,15.48
15206,2767,89,117,24.98
15207,2767,55,186,29.93
15208,2767,70,135,31.67
15209,2767,38,132,35.44
15210,2767,11,68,12.66
15211,2768,67,188,36.92
15212,2768,82,73,10.91
15213,2768,12,16,17.25
15214,2768,59,44,24.63
15215,2768,80,124,17.15
15216,2768,49,103,17.16
15217,2768,21,192,31.05
15218,2768,54,137,25.46
15219,2769,49,122,34.27
15220,2769,63,126,10.61
15221,2769,13,18,34.56
15222,2769,88,153,10.45
15223,2770,15,143,7.85
15224,2770,8,13,9.1
15225,2770,36,19,25.08
15226,2770,32,95,29.61
15227,2770,66,56,19.36
15228,2770,88,39,36.82
15229,2770,63,60,27.66
15230,2770,18,23,8.84
15231,2771,37,121,28.24
15232,2771,13,138,37.32
15233,2771,61,140,31.73
15234,2771,64,193,36.29
15235,2771,80,129,21.28
15236,2771,66,87,14.31
15237,2772,46,129,28.17
15238,2772,62,31,4.41
15239,2772,77,32,18.6
15240,2772,78,85,16.96
15241,2772,83,166,2.64
15242,2772,49,160,28.48
15243,2772,23,67,25.73
15244,2773,3,147,34.48
15245,2773,27,44,30.6
15246,2773,86,142,38.51
15247,2774,85,165,23.07
15248,2774,39,47,1.2
15249,2774,30,57,37.71
15250,2774,43,25,25.84
15251,2774,7,91,36.68
15252,2774,34,34,4.32
15253,2774,22,20,29.51
15254,2775,28,96,7.52
15255,2775,73,82,24.21
15256,2775,61,121,2.6
15257,2775,81,155,16.99
15258,2776,88,155,7.0
15259,2776,76,132,2.62
15260,2776,41,62,21.1
15261,2776,55,148,18.05
15262,2776,9,46,27.94
15263,2776,73,124,16.74
15264,2776,49,48,4.98
15265,2776,82,60,13.74
15266,2777,30,40,14.11
15267,2777,26,180,36.69
15268,2777,81,58,27.52
15269,2777,39,152,33.01
15270,2777,83,157,34.78
15271,2778,7,18,21.03
15272,2778,43,157,36.94
15273,2778,40,22,38.91
15274,2778,4,54,11.55
15275,2779,33,56,35.44
15276,2779,63,195,10.31
15277,2779,10,62,12.31
15278,2779,82,48,12.8
15279,2779,38,170,17.87
15280,2779,66,156,35.99
15281,2780,61,165,34.22
15282,2780,85,197,29.22
15283,2780,38,196,6.07
15284,2780,83,166,7.52
15285,2780,5,36,20.05
15286,2780,64,78,21.91
15287,2781,62,96,39.39
15288,2781,63,185,22.91
15289,2781,31,30,9.38
15290,2782,36,160,15.88
15291,2782,11,169,36.06
15292,2782,90,174,38.97
15293,2782,41,33,24.61
15294,2782,51,53,19.52
15295,2782,36,99,19.63
15296,2782,55,91,37.08
15297,2782,69,186,17.62
15298,2783,57,140,15.2
15299,2783,58,128,4.31
15300,2783,60,41,7.53
15301,2783,74,161,23.04
15302,2784,49,194,29.84
15303,2784,1,180,34.58
15304,2784,63,173,0.95
15305,2784,17,53,26.04
15306,2784,74,118,31.11
15307,2784,36,88,13.8
15308,2785,1,189,38.79
15309,2785,29,165,22.03
15310,2785,65,173,30.31
15311,2785,54,83,17.23
15312,2786,77,32,26.52
15313,2786,70,116,21.94
15314,2786,39,163,26.22
15315,2786,63,188,11.23
15316,2786,25,188,7.55
15317,2786,27,194,23.46
15318,2786,22,106,22.34
15319,2786,52,138,19.1
15320,2787,63,146,15.04
15321,2787,37,93,19.62
15322,2787,89,108,35.53
15323,2787,28,11,23.41
15324,2787,34,117,11.87
15325,2788,29,43,6.43
15326,2788,45,127,15.14
15327,2788,34,29,5.96
15328,2789,89,105,29.37
15329,2789,1,156,11.61
15330,2789,41,104,38.72
15331,2789,83,174,18.02
15332,2790,55,118,7.5
15333,2790,85,74,19.91
15334,2790,55,10,8.46
15335,2790,72,48,32.32
15336,2790,65,25,19.51
15337,2790,9,25,2.43
15338,2790,33,90,21.26
15339,2790,68,183,30.44
15340,2791,76,71,24.11
15341,2791,50,166,19.39
15342,2791,32,178,35.0
15343,2791,82,67,30.36
15344,2791,79,61,10.21
15345,2791,26,195,8.24
15346,2791,58,119,22.38
15347,2791,27,151,28.93
15348,2792,45,141,5.35
15349,2792,58,63,22.51
15350,2792,56,147,4.55
15351,2792,49,99,7.63
15352,2793,63,172,24.33
15353,2793,81,167,9.81
15354,2793,70,135,9.7
15355,2794,78,143,1.49
15356,2794,67,75,36.98
15357,2794,77,113,1.7
15358,2794,26,63,37.2
15359,2794,23,162,36.39
15360,2794,79,195,14.36
15361,2794,70,111,18.82
15362,2795,69,32,35.98
15363,2795,58,113,17.89
15364,2795,57,147,34.21
15365,2795,57,181,28.62
15366,2796,9,165,2.29
15367,2796,84,157,17.79
15368,2796,56,138,38.01
15369,2796,74,155,9.49
15370,2796,5,102,9.01
15371,2796,63,81,2.19
15372,2796,55,50,39.0
15373,2797,31,71,6.48
15374,2797,72,187,19.15
15375,2797,25,109,14.33
15376,2798,15,167,21.69
15377,2798,53,110,3.7
15378,2798,19,158,12.4
15379,2798,52,70,37.8
15380,2798,61,56,10.94
15381,2798,52,62,24.18
15382,2798,45,131,30.74
15383,2799,5,12,18.87
15384,2799,71,183,28.42
15385,2799,30,140,26.11
15386,2799,89,100,21.22
15387,2799,2,16,23.37
15388,2800,56,185,37.35
15389,2800,73,51,31.47
15390,2800,35,175,32.0
15391,2800,41,186,1.15
15392,2800,42,26,34.91
15393,2800,79,17,12.76
15394,2801,78,134,15.3
15395,2801,29,83,38.08
15396,2801,42,70,39.66
15397,2801,38,168,22.83
15398,2801,13,193,2.93
15399,2802,19,48,6.85
15400,2802,90,119,12.65
15401,2802,49,196,27.16
15402,2802,42,71,9.86
15403,2802,5,12,6.34
15404,2802,2,44,18.68
15405,2803,54,166,19.08
15406,2803,89,121,27.9
15407,2803,32,147,27.83
15408,2803,41,37,10.46
15409,2803,31,151,15.4
15410,2803,77,183,0.89
15411,2804,5,137,14.01
15412,2804,1,23,1.5
15413,2804,79,168,27.52
15414,2804,45,103,21.42
15415,2805,85,50,34.67
15416,2805,34,75,13.09
15417,2805,56,96,7.72
15418,2805,24,42,4.29
15419,2805,69,167,12.71
15420,2805,11,58,25.07
15421,2805,74,157,15.26
15422,2806,73,163,8.36
15423,2806,7,71,22.29
15424,2806,41,121,23.56
15425,2806,76,20,19.52
15426,2806,45,198,26.54
15427,2806,56,163,15.09
15428,2807,53,38,26.21
15429,2807,9,45,21.0
15430,2807,63,84,2.12
15431,2807,65,175,4.97
15432,2808,88,106,23.33
15433,2808,77,68,33.4
15434,2808,19,27,11.38
15435,2809,75,164,30.43
15436,2809,73,111,5.83
15437,2809,74,70,0.79
15438,2809,83,57,22.32
15439,2809,8,102,6.21
15440,2809,65,101,2.37
15441,2809,50,23,22.61
15442,2810,13,48,26.28
15443,2810,7,77,28.22
15444,2810,70,100,29.9
15445,2810,68,155,17.13
15446,2810,34,166,37.46
15447,2810,9,150,38.94
15448,2810,35,13,23.97
15449,2811,40,127,3.24
15450,2811,24,137,25.84
15451,2811,7,185,38.14
15452,2811,33,140,18.57
15453,2811,68,130,1.96
15454,2812,4,196,2.37
15455,2812,48,110,39.87
15456,2812,75,176,39.97
15457,2812,35,170,15.96
15458,2813,18,182,31.26
15459,2813,29,95,2.58
15460,2813,51,170,15.31
15461,2814,4,99,24.89
15462,2814,66,102,25.93
15463,2814,90,127,17.41
15464,2814,63,147,35.71
15465,2814,28,131,23.13
15466,2815,40,134,11.03
15467,2815,60,48,35.12
15468,2815,76,20,28.35
15469,2815,42,49,3.76
15470,2815,73,197,37.15
15471,2815,50,14,23.9
15472,2815,4,45,18.49
15473,2816,24,74,27.19
15474,2816,30,53,3.69
15475,2816,10,171,23.45
15476,2816,17,121,26.1
15477,2816,87,44,9.76
15478,2817,32,11,24.68
15479,2817,69,72,4.36
15480,2817,34,104,39.14
15481,2817,32,135,21.59
15482,2818,28,60,29.64
15483,2818,24,141,18.0
15484,2818,82,49,32.22
15485,2818,54,91,16.43
15486,2818,71,110,16.85
15487,2818,69,18,30.04
15488,2819,7,193,14.73
15489,2819,72,157,26.47
15490,2819,90,65,22.01
15491,2820,12,90,11.15
15492,2820,88,149,39.51
15493,2820,43,126,21.85
15494,2821,59,168,38.68
15495,2821,36,168,37.09
15496,2821,14,82,35.26
15497,2821,67,39,14.23
15498,2821,82,39,38.23
15499,2821,35,119,16.55
15500,2822,15,126,4.18
15501,2822,1,114,36.79
15502,2822,54,46,36.47
15503,2822,51,119,21.68
15504,2822,47,84,34.34
15505,2823,82,185,16.26
15506,2823,64,137,17.31
15507,2823,47,164,25.02
15508,2823,46,168,24.18
15509,2824,37,43,9.7
15510,2824,72,36,33.47
15511,2824,24,57,15.56
15512,2824,35,140,33.93
15513,2824,79,175,4.75
15514,2825,21,150,20.91
15515,2825,52,65,28.64
15516,2825,69,25,26.54
15517,2825,27,61,3.92
15518,2825,47,31,25.38
15519,2825,10,183,39.15
15520,2826,57,11,6.97
15521,2826,65,84,19.26
15522,2826,39,88,18.52
15523,2827,22,54,9.45
15524,2827,80,38,19.56
15525,2827,49,29,24.6
15526,2827,53,152,6.84
15527,2827,22,98,21.13
15528,2827,44,180,37.91
15529,2828,28,172,28.35
15530,2828,41,188,27.42
15531,2828,64,87,1.1
15532,2829,4,125,8.21
15533,2829,62,48,23.2
15534,2829,54,36,29.96
15535,2829,45,114,13.99
15536,2829,63,160,23.08
15537,2830,32,199,11.92
15538,2830,20,94,5.41
15539,2830,65,19,24.09
15540,2830,34,95,12.87
15541,2830,75,179,5.48
15542,2830,14,104,36.91
15543,2830,66,120,9.86
15544,2831,55,32,27.0
15545,2831,7,176,26.87
15546,2831,33,165,36.45
15547,2832,32,136,27.72
15548,2832,45,55,1.29
15549,2832,47,107,24.71
15550,2832,36,121,37.66
15551,2833,45,131,9.5
15552,2833,61,118,35.88
15553,2833,67,79,0.78
15554,2834,10,171,19.91
15555,2834,9,13,24.94
15556,2834,63,38,23.17
15557,2834,62,174,4.53
15558,2834,39,98,4.52
15559,2835,75,186,26.23
15560,2835,42,146,31.1
15561,2835,70,134,34.37
15562,2835,50,150,1.93
15563,2835,60,54,23.99
15564,2836,7,146,10.66
15565,2836,67,142,35.45
15566,2836,49,148,12.78
15567,2836,18,129,28.68
15568,2836,26,176,35.47
15569,2836,77,164,1.74
15570,2836,3,89,29.08
15571,2837,1,70,1.36
15572,2837,1,106,27.03
15573,2837,34,101,28.67
15574,2837,16,182,24.6
15575,2837,7,140,3.8
15576,2838,7,17,7.51
15577,2838,82,106,9.95
15578,2838,18,126,7.74
15579,2838,27,137,9.27
15580,2839,34,63,6.27
15581,2839,84,108,35.68
15582,2839,43,159,2.4
15583,2840,42,46,6.99
15584,2840,85,103,10.78
15585,2840,27,23,38.63
15586,2840,45,63,38.47
15587,2841,48,34,8.19
15588,2841,85,98,32.47
15589,2841,76,121,12.19
15590,2841,54,25,25.52
15591,2841,8,193,1.51
15592,2842,60,75,35.36
15593,2842,90,90,4.04
15594,2842,84,188,10.07
15595,2842,50,84,4.1
15596,2843,26,121,15.0
15597,2843,40,193,2.45
15598,2843,83,50,28.08
15599,2843,37,54,17.41
15600,2843,6,115,5.52
15601,2843,83,157,26.53
15602,2843,22,58,21.07
15603,2843,27,102,34.11
15604,2844,83,162,13.11
15605,2844,74,86,15.01
15606,2844,72,154,7.11
15607,2844,42,26,25.82
15608,2844,36,134,13.22
15609,2844,77,79,25.1
15610,2844,59,100,16.23
15611,2845,66,182,35.55
15612,2845,86,95,39.81
15613,2845,26,147,7.93
15614,2845,63,114,17.23
15615,2845,59,24,8.8
15616,2845,1,30,7.12
15617,2845,81,28,10.19
15618,2846,83,184,31.51
15619,2846,23,28,12.4
15620,2846,66,64,33.07
15621,2846,43,83,27.2
15622,2847,73,139,21.29
15623,2847,81,69,24.93
15624,2847,67,61,22.7
15625,2847,17,102,6.45
15626,2847,37,65,1.92
15627,2848,23,26,14.4
15628,2848,63,60,27.37
15629,2848,37,107,17.09
15630,2848,3,120,38.14
15631,2848,74,173,22.82
15632,2849,14,101,19.3
15633,2849,42,116,35.71
15634,2849,3,149,2.33
15635,2849,10,19,32.13
15636,2849,3,51,7.59
15637,2849,14,193,6.03
15638,2850,23,34,34.48
15639,2850,54,162,20.72
15640,2850,18,58,6.56
15641,2851,34,42,37.45
15642,2851,53,69,25.3
15643,2851,53,200,39.97
15644,2852,41,61,36.39
15645,2852,14,96,26.02
15646,2852,35,92,5.42
15647,2852,80,110,19.8
15648,2852,57,136,22.24
15649,2853,16,173,14.44
15650,2853,78,35,8.72
15651,2853,55,147,12.29
15652,2853,26,54,28.4
15653,2853,51,58,13.84
15654,2853,35,116,24.63
15655,2853,6,63,8.09
15656,2853,50,198,22.72
15657,2854,57,31,22.92
15658,2854,32,55,8.41
15659,2854,71,35,14.48
15660,2854,44,96,5.94
15661,2854,72,196,19.04
15662,2855,24,65,13.52
15663,2855,37,15,39.5
15664,2855,75,69,1.07
15665,2856,66,165,39.14
15666,2856,77,195,15.24
15667,2856,62,188,22.65
15668,2856,64,155,39.65
15669,2856,73,156,24.46
15670,2856,28,180,21.22
15671,2857,73,84,22.7
15672,2857,88,127,11.28
15673,2857,16,54,9.76
15674,2857,85,31,24.15
15675,2857,85,12,1.93
15676,2857,38,33,14.81
15677,2857,15,136,34.0
15678,2857,42,143,30.54
15679,2858,43,62,8.51
15680,2858,61,18,5.66
15681,2858,76,164,16.37
15682,2858,56,138,17.59
15683,2859,9,32,15.72
15684,2859,9,25,28.64
15685,2859,89,113,14.5
15686,2859,11,88,28.18
15687,2860,79,113,29.5
15688,2860,88,84,30.09
15689,2860,11,14,13.93
15690,2860,57,136,3.12
15691,2861,8,179,31.02
15692,2861,60,94,23.14
15693,2861,6,152,36.87
15694,2861,70,158,30.65
15695,2861,71,108,24.59
15696,2861,78,58,39.55
15697,2861,67,86,8.55
15698,2861,21,58,4.44
15699,2862,13,53,14.15
15700,2862,71,120,2.29
15701,2862,18,174,38.77
15702,2862,1,169,35.87
15703,2863,35,22,26.3
15704,2863,80,159,5.06
15705,2863,16,87,29.93
15706,2863,38,10,14.65
15707,2863,8,152,14.27
15708,2863,86,30,28.31
15709,2863,87,78,19.43
15710,2863,35,193,6.88
15711,2864,54,75,3.35
15712,2864,24,53,32.25
15713,2864,39,125,5.86
15714,2864,89,78,27.73
15715,2865,44,64,24.19
15716,2865,51,13,33.97
15717,2865,17,74,1.53
15718,2865,11,126,11.69
15719,2865,81,80,5.96
15720,2866,84,96,30.18
15721,2866,24,125,31.84
15722,2866,56,138,34.32
15723,2866,3,155,4.37
15724,2866,83,150,4.53
15725,2866,20,88,31.44
15726,2866,50,109,5.36
15727,2867,6,164,32.27
15728,2867,1,51,0.82
15729,2867,60,160,28.38
15730,2867,78,121,27.13
15731,2867,46,35,33.33
15732,2867,88,91,25.1
15733,2867,10,130,13.99
15734,2868,8,44,26.99
15735,2868,45,62,9.95
15736,2868,77,131,0.57
15737,2868,50,23,12.68
15738,2868,83,70,18.97
15739,2868,62,98,22.24
15740,2869,60,32,19.95
15741,2869,5,185,5.04
15742,2869,30,71,9.47
15743,2869,1,61,37.04
15744,2870,54,79,18.08
15745,2870,33,27,8.04
15746,2870,31,27,36.96
15747,2870,46,33,24.0
15748,2870,65,68,24.6
15749,2870,70,187,12.39
15750,2870,19,115,26.41
15751,2871,28,14,23.92
15752,2871,79,17,39.87
15753,2871,83,177,37.78
15754,2871,89,155,5.14
15755,2871,10,101,32.93
15756,2872,64,32,8.68
15757,2872,40,117,35.33
15758,2872,26,94,3.8
15759,2872,39,93,7.17
15760,2872,66,173,5.86
15761,2872,18,93,27.63
15762,2873,24,193,24.03
15763,2873,79,155,8.86
15764,2873,33,162,34.03
15765,2873,46,122,18.51
15766,2873,71,71,39.94
15767,2873,29,98,7.46
15768,2873,86,165,20.1
15769,2873,88,109,12.12
15770,2874,26,187,37.84
15771,2874,83,29,13.28
15772,2874,6,49,12.67
15773,2874,59,138,8.57
15774,2875,14,112,8.27
15775,2875,64,172,1.33
15776,2875,25,176,11.14
15777,2876,87,98,5.45
15778,2876,78,170,16.18
15779,2876,53,86,7.1
15780,2877,52,76,27.53
15781,2877,37,61,15.81
15782,2877,54,140,26.09
15783,2877,62,166,38.27
15784,2878,62,171,34.29
15785,2878,24,108,24.04
15786,2878,53,191,8.18
15787,2878,12,186,9.68
15788,2878,29,43,19.78
15789,2878,72,198,32.2
15790,2879,1,53,25.82
15791,2879,54,180,34.51
15792,2879,16,164,22.88
15793,2879,10,85,34.34
15794,2879,37,169,4.21
15795,2879,70,100,5.23
15796,2880,54,199,2.14
15797,2880,27,149,11.68
15798,2880,42,186,6.43
15799,2881,24,50,38.84
15800,2881,59,154,12.88
15801,2881,52,28,12.62
15802,2881,11,12,22.84
15803,2881,49,107,3.26
15804,2881,48,167,7.2
15805,2881,25,50,29.4
15806,2882,65,95,31.98
15807,2882,6,118,22.95
15808,2882,25,24,32.65
15809,2882,29,83,29.57
15810,2882,62,198,33.56
15811,2882,10,30,7.77
15812,2882,18,130,8.9
15813,2883,81,102,25.72
15814,2883,43,189,34.95
15815,2883,13,187,27.64
15816,2883,76,170,6.59
15817,2883,5,128,6.52
15818,2883,26,21,31.68
15819,2883,32,105,29.57
15820,2884,70,168,27.19
15821,2884,9,37,28.1
15822,2884,31,170,30.7
15823,2884,80,159,20.14
15824,2884,61,72,21.87
15825,2884,85,127,24.26
15826,2884,57,151,39.66
15827,2885,32,110,0.8
15828,2885,71,192,12.08
15829,2885,17,161,30.93
15830,2885,53,94,4.61
15831,2886,49,96,18.65
15832,2886,26,16,35.99
15833,2886,20,15,15.59
15834,2886,9,89,27.2
15835,2886,72,172,12.3
15836,2886,73,167,25.24
15837,2886,76,139,28.27
15838,2887,66,30,2.99
15839,2887,2,11,20.95
15840,2887,31,175,9.13
15841,2887,16,84,35.99
15842,2887,75,190,22.21
15843,2887,10,189,38.42
15844,2887,57,161,16.7
15845,2888,59,81,23.07
15846,2888,44,23,34.79
15847,2888,37,71,33.95
15848,2889,22,156,22.56
15849,2889,84,11,6.11
15850,2889,67,81,39.07
15851,2889,84,77,30.61
15852,2889,15,114,3.92
15853,2889,49,161,8.92
15854,2889,88,114,32.45
15855,2890,68,94,39.28
15856,2890,15,177,26.24
15857,2890,30,43,10.0
15858,2890,14,60,19.86
15859,2890,41,133,28.62
15860,2890,38,29,1.99
15861,2890,61,115,37.12
15862,2891,35,41,28.89
15863,2891,17,102,37.28
15864,2891,69,63,21.29
15865,2891,11,120,9.75
15866,2891,64,142,3.39
15867,2891,16,115,11.67
15868,2891,36,192,17.63
15869,2892,25,53,27.54
15870,2892,80,25,31.8
15871,2892,13,25,35.55
15872,2893,67,182,34.55
15873,2893,88,40,33.64
15874,2893,71,104,21.26
15875,2893,16,23,4.2
15876,2893,50,21,5.7
15877,2894,76,111,20.62
15878,2894,66,161,1.08
15879,2894,35,22,21.75
15880,2894,18,187,10.07
15881,2894,55,68,32.58
15882,2894,52,136,32.77
15883,2894,51,22,6.14
15884,2894,13,111,22.66
15885,2895,72,152,11.35
15886,2895,60,141,30.97
15887,2895,59,32,22.04
15888,2895,79,60,33.83
15889,2895,69,68,12.63
15890,2895,86,123,30.01
15891,2895,45,32,1.0
15892,2895,33,131,9.69
15893,2896,67,52,37.69
15894,2896,28,39,28.32
15895,2896,90,86,33.62
15896,2896,23,89,25.35
15897,2897,30,15,11.32
15898,2897,38,89,15.58
15899,2897,60,146,25.26
15900,2897,38,47,31.96
15901,2897,73,115,9.23
15902,2897,75,14,30.55
15903,2897,12,161,18.34
15904,2897,68,194,29.35
15905,2898,1,25,10.7
15906,2898,80,103,4.03
15907,2898,12,60,25.37
15908,2898,28,16,18.01
15909,2898,50,109,3.29
15910,2899,88,195,16.38
15911,2899,35,115,12.78
15912,2899,89,147,27.14
15913,2899,18,174,38.97
15914,2899,77,143,19.81
15915,2899,68,89,30.85
15916,2900,50,156,16.03
15917,2900,18,67,31.34
15918,2900,33,75,2.7
15919,2900,48,122,6.12
15920,2900,40,137,30.36
15921,2900,22,31,31.74
15922,2900,74,114,34.21
15923,2901,75,29,16.62
15924,2901,85,79,23.58
15925,2901,38,38,19.34
15926,2901,90,50,34.64
15927,2901,9,169,1.63
15928,2901,57,24,28.1
15929,2901,50,118,39.55
15930,2901,68,106,10.09
15931,2902,70,102,31.57
15932,2902,74,65,33.77
15933,2902,66,74,29.2
15934,2902,84,23,32.36
15935,2902,40,133,2.06
15936,2902,47,187,18.54
15937,2902,21,116,13.05
15938,2902,45,108,34.35
15939,2903,51,109,17.07
15940,2903,13,95,18.61
15941,2903,15,31,32.98
15942,2903,18,19,37.52
15943,2903,3,36,21.13
15944,2904,68,155,8.07
15945,2904,48,155,17.2
15946,2904,81,160,32.43
15947,2904,53,56,14.78
15948,2904,44,45,14.14
15949,2904,54,30,14.3
15950,2904,31,58,14.22
15951,2904,78,170,20.77
15952,2905,54,26,20.41
15953,2905,87,181,27.8
15954,2905,67,199,38.27
15955,2905,2,74,8.56
15956,2905,19,51,23.91
15957,2905,86,136,21.84
15958,2905,28,43,33.13
15959,2906,31,66,36.09
15960,2906,70,154,33.14
15961,2906,2,154,1.04
15962,2907,54,98,22.39
15963,2907,85,155,26.62
15964,2907,3,37,35.72
15965,2907,6,96,17.59
15966,2907,1,47,33.45
15967,2907,58,150,19.79
15968,2908,8,46,27.45
15969,2908,60,198,24.27
15970,2908,1,79,15.94
15971,2908,51,164,34.42
15972,2908,77,157,36.46
15973,2908,67,59,30.85
15974,2908,54,78,21.46
15975,2909,53,160,36.42
15976,2909,54,30,16.81
15977,2909,25,109,38.17
15978,2909,86,131,35.48
15979,2910,24,163,16.74
15980,2910,88,156,28.41
15981,2910,87,56,27.71
15982,2910,80,35,14.62
15983,2910,35,191,21.84
15984,2911,82,77,4.3
15985,2911,18,76,13.45
15986,2911,21,123,30.21
15987,2911,61,19,14.78
15988,2911,69,130,13.84
15989,2911,44,20,13.22
15990,2911,21,77,12.16
15991,2911,69,30,21.97
15992,2912,67,161,28.77
15993,2912,4,35,9.42
15994,2912,74,38,36.85
15995,2912,26,144,18.72
15996,2912,57,81,33.6
15997,2912,11,86,35.09
15998,2913,80,178,31.69
15999,2913,40,64,22.31
16000,2913,23,149,26.72
16001,2913,10,89,1.16
16002,2913,50,55,12.82
16003,2914,57,57,9.02
16004,2914,85,51,19.52
16005,2914,30,69,2.37
16006,2914,85,156,0.95
16007,2914,40,91,31.17
16008,2915,32,55,33.49
16009,2915,6,162,13.21
16010,2915,77,109,22.7
16011,2915,14,134,18.69
16012,2915,86,58,2.76
16013,2916,80,29,27.96
16014,2916,74,166,25.82
16015,2916,82,176,31.79
16016,2916,65,81,16.17
16017,2916,54,27,18.88
16018,2916,77,157,15.2
16019,2916,12,20,9.01
16020,2917,62,187,16.21
16021,2917,9,24,39.18
16022,2917,81,162,1.83
16023,2917,68,16,14.18
16024,2917,76,189,14.07
16025,2918,39,80,3.41
16026,2918,55,107,27.36
16027,2918,6,105,29.22
16028,2918,21,137,15.23
16029,2918,20,57,1.36
16030,2919,73,55,32.98
16031,2919,72,64,22.8
16032,2919,3,92,8.16
16033,2919,4,40,29.9
16034,2919,83,132,28.5
16035,2919,90,199,1.64
16036,2919,86,126,7.8
16037,2920,78,59,33.32
16038,2920,19,68,26.1
16039,2920,62,103,17.11
16040,2920,61,166,37.0
16041,2920,49,109,34.68
16042,2920,42,62,33.31
16043,2920,36,39,38.72
16044,2921,54,176,39.09
16045,2921,78,140,38.92
16046,2921,5,134,17.93
16047,2921,61,172,37.45
16048,2922,44,183,30.12
16049,2922,71,105,16.08
16050,2922,39,103,3.97
16051,2922,90,158,7.59
16052,2922,18,124,22.93
16053,2922,34,108,21.76
16054,2922,17,177,24.87
16055,2923,45,46,7.75
16056,2923,67,135,39.03
16057,2923,27,93,4.76
16058,2923,71,129,19.48
16059,2923,51,71,10.75
16060,2923,81,27,11.31
16061,2924,63,122,12.37
16062,2924,53,60,23.58
16063,2924,85,194,3.56
16064,2924,3,59,3.16
16065,2924,69,122,34.18
16066,2924,23,137,19.71
16067,2924,73,117,38.76
16068,2924,53,180,21.8
16069,2925,86,192,31.42
16070,2925,23,12,13.56
16071,2925,90,17,26.75
16072,2925,42,130,21.63
16073,2925,38,113,7.43
16074,2925,9,113,8.77
16075,2926,52,91,30.99
16076,2926,45,69,3.89
16077,2926,9,85,35.74
16078,2926,87,69,28.64
16079,2926,17,170,24.82
16080,2926,83,133,25.13
16081,2926,69,197,17.49
16082,2927,82,74,17.75
16083,2927,53,23,31.44
16084,2927,14,136,1.06
16085,2928,54,128,1.96
16086,2928,89,95,15.1
16087,2928,22,57,15.81
16088,2928,10,198,5.78
16089,2928,50,105,13.73
16090,2928,89,178,37.44
16091,2928,77,102,28.87
16092,2929,15,107,21.95
16093,2929,18,11,37.66
16094,2929,24,50,32.03
16095,2929,60,193,5.41
16096,2929,28,177,3.69
16097,2930,36,163,20.99
16098,2930,5,194,30.71
16099,2930,69,75,17.99
16100,2931,58,185,19.69
16101,2931,38,185,25.99
16102,2931,20,153,7.63
16103,2931,78,27,7.94
16104,2931,85,190,39.99
16105,2932,50,158,32.56
16106,2932,34,169,20.94
16107,2932,46,160,20.76
16108,2932,2,144,11.23
16109,2932,77,142,32.61
16110,2932,64,62,5.96
16111,2933,35,95,17.37
16112,2933,61,37,36.08
16113,2933,25,129,2.61
16114,2933,19,76,36.63
16115,2933,51,166,21.25
16116,2933,45,154,21.9
16117,2933,79,195,1.65
16118,2934,74,86,18.96
16119,2934,26,23,32.75
16120,2934,19,118,12.0
16121,2935,76,151,20.24
16122,2935,35,78,30.49
16123,2935,50,72,3.74
16124,2935,68,185,11.57
16125,2935,18,185,37.19
16126,2935,75,54,18.61
16127,2935,75,72,27.58
16128,2936,88,30,6.16
16129,2936,5,56,38.32
16130,2936,10,97,26.41
16131,2937,11,63,15.64
16132,2937,36,18,13.33
16133,2937,14,193,15.81
16134,2937,43,52,39.85
16135,2937,63,12,0.55
16136,2938,61,105,3.55
16137,2938,7,21,8.62
16138,2938,21,195,17.52
16139,2938,61,71,11.83
16140,2938,60,140,30.0
16141,2938,31,51,17.33
16142,2939,55,79,39.86
16143,2939,29,29,31.17
16144,2939,27,45,9.12
16145,2939,30,149,37.3
16146,2939,46,75,10.09
16147,2940,8,101,22.15
16148,2940,69,54,3.55
16149,2940,55,200,11.47
16150,2940,44,164,38.41
16151,2941,35,62,4.18
16152,2941,18,184,26.78
16153,2941,11,48,14.55
16154,2941,47,138,20.32
16155,2942,27,15,19.35
16156,2942,16,78,4.89
16157,2942,43,129,1.32
16158,2942,53,125,36.17
16159,2942,59,137,33.35
16160,2942,87,197,38.92
16161,2942,84,175,7.87
16162,2942,39,74,35.96
16163,2943,84,164,38.57
16164,2943,9,36,9.61
16165,2943,15,105,32.43
16166,2943,89,116,32.12
16167,2943,63,63,5.13
16168,2944,50,85,13.03
16169,2944,55,69,23.09
16170,2944,36,119,21.37
16171,2944,48,141,8.94
16172,2945,2,59,34.35
16173,2945,72,183,14.13
16174,2945,61,44,15.43
16175,2945,88,57,27.95
16176,2945,61,99,1.86
16177,2945,24,135,25.54
16178,2945,78,49,15.86
16179,2946,31,150,31.36
16180,2946,21,142,38.2
16181,2946,71,17,19.8
16182,2946,56,116,37.38
16183,2947,49,176,25.19
16184,2947,41,158,28.56
16185,2947,1,196,29.49
16186,2948,81,78,9.21
16187,2948,85,192,9.97
16188,2948,53,46,7.96
16189,2948,43,16,7.3
16190,2948,10,40,35.37
16191,2948,66,130,0.71
16192,2948,6,11,2.08
16193,2948,18,55,5.55
16194,2949,22,20,21.9
16195,2949,31,157,28.88
16196,2949,50,22,21.4
16197,2949,68,17,12.01
16198,2950,2,33,11.8
16199,2950,69,56,10.91
16200,2950,60,100,35.93
16201,2951,63,59,22.93
16202,2951,51,117,13.31
16203,2951,52,141,21.47
16204,2952,55,19,7.72
16205,2952,26,41,17.28
16206,2952,31,99,2.6
16207,2952,89,88,36.04
16208,2952,44,13,16.06
16209,2952,26,42,29.81
16210,2952,8,186,27.95
16211,2952,45,49,33.85
16212,2953,55,165,32.64
16213,2953,82,200,12.9
16214,2953,39,107,21.71
16215,2953,49,129,16.16
16216,2953,82,178,29.42
16217,2953,33,115,24.75
16218,2953,16,81,7.05
16219,2953,65,88,0.83
16220,2954,15,64,30.52
16221,2954,57,77,8.06
16222,2954,66,79,19.82
16223,2954,13,14,30.44
16224,2954,31,139,32.56
16225,2954,25,56,6.32
16226,2954,85,185,21.92
16227,2954,29,67,19.49
16228,2955,31,78,13.52
16229,2955,15,97,11.4
16230,2955,61,136,16.49
16231,2955,60,147,39.97
16232,2956,84,22,1.91
16233,2956,45,163,3.91
16234,2956,16,145,35.94
16235,2956,21,174,29.4
16236,2956,64,165,30.21
16237,2956,80,65,25.21
16238,2956,27,87,20.57
16239,2956,74,31,11.76
16240,2957,12,91,38.82
16241,2957,45,172,14.36
16242,2957,68,22,26.12
16243,2957,65,133,15.14
16244,2958,89,64,4.83
16245,2958,29,198,29.12
16246,2958,18,59,19.9
16247,2959,50,147,37.35
16248,2959,41,14,4.66
16249,2959,26,171,21.9
16250,2959,32,139,14.99
16251,2959,87,86,34.18
16252,2960,29,51,38.07
16253,2960,36,92,18.42
16254,2960,9,130,34.54
16255,2960,58,73,9.53
16256,2960,63,179,2.0
16257,2960,7,118,14.77
16258,2960,52,21,14.17
16259,2961,61,157,9.7
16260,2961,81,19,21.59
16261,2961,50,52,26.07
16262,2961,62,129,12.89
16263,2962,89,15,12.38
16264,2962,65,121,24.84
16265,2962,50,12,24.62
16266,2962,47,108,16.42
16267,2962,13,31,32.88
16268,2962,72,57,22.25
16269,2963,3,133,12.87
16270,2963,56,87,9.17
16271,2963,72,70,1.38
16272,2963,64,92,9.32
16273,2963,26,186,15.41
16274,2963,15,77,23.34
16275,2963,18,138,25.36
16276,2963,53,158,4.23
16277,2964,83,111,22.05
16278,2964,28,74,36.1
16279,2964,85,80,32.04
16280,2964,49,81,26.87
16281,2964,22,54,1.63
16282,2965,44,145,31.07
16283,2965,7,12,8.33
16284,2965,45,146,2.83
16285,2965,90,191,22.3
16286,2965,59,104,16.53
16287,2966,13,194,34.34
16288,2966,6,139,20.95
16289,2966,30,84,39.25
16290,2966,70,71,36.89
16291,2966,78,57,17.91
16292,2966,21,125,33.9
16293,2966,57,139,31.44
16294,2967,88,170,32.49
16295,2967,18,138,3.62
16296,2967,72,32,15.75
16297,2967,61,32,35.99
16298,2967,63,125,26.79
16299,2967,16,11,9.42
16300,2967,6,54,2.6
16301,2968,9,137,12.78
16302,2968,59,76,4.67
16303,2968,81,167,3.12
16304,2968,35,173,21.37
16305,2968,3,25,1.62
16306,2968,2,33,9.49
16307,2969,16,80,33.07
16308,2969,76,14,10.58
16309,2969,2,30,4.2
16310,2969,32,174,23.04
16311,2969,14,100,26.59
16312,2969,72,195,35.25
16313,2969,75,48,18.91
16314,2969,63,47,11.03
16315,2970,54,83,13.23
16316,2970,10,142,29.39
16317,2970,40,119,22.65
16318,2970,13,105,36.2
16319,2970,82,149,29.9
16320,2970,26,62,36.53
16321,2970,43,168,30.53
16322,2970,40,134,35.42
16323,2971,60,199,39.82
16324,2971,16,164,7.81
16325,2971,87,165,30.28
16326,2971,66,67,9.3
16327,2971,67,43,33.79
16328,2971,49,98,17.17
16329,2971,73,130,21.62
16330,2972,49,113,16.75
16331,2972,79,158,5.17
16332,2972,74,155,34.96
16333,2972,59,125,27.13
16334,2973,49,100,18.51
16335,2973,38,147,29.47
16336,2973,48,162,18.27
16337,2973,85,91,24.22
16338,2973,60,135,17.63
16339,2973,28,187,26.78
16340,2973,81,139,1.12
16341,2973,60,91,1.84
16342,2974,84,197,10.3
16343,2974,61,70,33.6
16344,2974,29,154,9.93
16345,2974,60,82,27.8
16346,2975,65,113,32.73
16347,2975,58,23,18.15
16348,2975,83,149,36.24
16349,2975,48,76,33.68
16350,2975,1,200,29.87
16351,2975,47,49,3.71
16352,2975,59,63,5.84
16353,2976,43,141,32.03
16354,2976,88,153,23.56
16355,2976,81,140,21.25
16356,2976,2,52,39.34
16357,2976,87,50,23.74
16358,2976,45,95,31.2
16359,2976,64,111,24.93
16360,2976,28,24,20.73
16361,2977,5,122,24.14
16362,2977,75,195,3.2
16363,2977,89,182,24.25
16364,2977,2,116,5.53
16365,2977,88,179,26.14
16366,2977,45,199,11.64
16367,2977,40,85,25.17
16368,2977,73,135,12.76
16369,2978,51,134,5.4
16370,2978,57,50,12.08
16371,2978,68,171,12.99
16372,2978,75,106,9.96
16373,2978,26,118,15.26
16374,2978,7,167,10.4
16375,2978,54,46,25.43
16376,2979,2,139,24.47
16377,2979,21,153,26.76
16378,2979,8,31,35.67
16379,2979,32,46,33.96
16380,2979,48,111,17.24
16381,2980,60,40,18.86
16382,2980,1,78,31.55
16383,2980,79,156,32.18
16384,2980,21,193,35.67
16385,2980,61,30,36.45
16386,2980,78,150,37.38
16387,2980,3,48,7.31
16388,2981,41,18,8.04
16389,2981,40,108,4.8
16390,2981,82,33,19.21
16391,2982,33,32,11.51
16392,2982,45,103,12.35
16393,2982,11,56,38.35
16394,2982,27,97,14.88
16395,2982,10,116,31.86
16396,2982,39,200,24.98
16397,2982,45,177,16.72
16398,2982,25,16,27.77
16399,2983,53,193,12.66
16400,2983,52,95,1.25
16401,2983,58,85,10.85
16402,2983,42,55,36.02
16403,2983,41,176,0.56
16404,2983,73,32,16.82
16405,2983,30,111,10.76
16406,2984,56,167,17.37
16407,2984,81,183,19.46
16408,2984,65,170,4.41
16409,2984,27,77,3.05
16410,2984,44,48,11.32
16411,2984,36,150,37.49
16412,2984,36,159,3.06
16413,2984,41,65,14.17
16414,2985,34,60,38.56
16415,2985,10,143,11.45
16416,2985,49,63,24.14
16417,2985,77,192,10.67
16418,2985,52,103,4.38
16419,2985,27,47,36.74
16420,2985,11,22,1.86
16421,2985,80,177,23.52
16422,2986,67,77,30.38
16423,2986,4,197,24.6
16424,2986,13,157,32.13
16425,2986,83,14,14.81
16426,2987,31,155,27.21
16427,2987,20,178,10.13
16428,2987,51,42,13.05
16429,2987,29,44,34.91
16430,2988,16,38,39.3
16431,2988,78,53,28.48
16432,2988,74,200,4.77
16433,2988,66,200,36.45
16434,2988,28,10,35.41
16435,2988,55,54,34.9
16436,2988,69,38,20.74
16437,2988,84,169,7.21
16438,2989,74,32,20.0
16439,2989,52,41,27.44
16440,2989,74,121,0.81
16441,2989,80,31,4.25
16442,2989,19,166,37.98
16443,2989,20,70,9.52
16444,2990,27,102,8.65
16445,2990,48,73,14.41
16446,2990,22,192,30.3
16447,2990,59,194,5.92
16448,2991,89,17,23.19
16449,2991,14,78,31.84
16450,2991,86,137,4.06
16451,2991,55,150,7.05
16452,2991,86,166,21.76
16453,2992,37,108,22.12
16454,2992,13,112,8.19
16455,2992,17,163,19.78
16456,2992,28,143,17.54
16457,2992,83,82,25.93
16458,2993,21,65,36.3
16459,2993,18,74,6.77
16460,2993,56,61,18.39
16461,2993,72,195,8.99
16462,2994,44,74,4.61
16463,2994,44,44,37.39
16464,2994,63,148,11.56
16465,2994,45,166,0.79
16466,2995,12,123,17.26
16467,2995,28,79,11.12
16468,2995,1,98,18.6
16469,2995,39,180,29.42
16470,2995,50,186,13.21
16471,2995,45,65,7.48
16472,2995,32,171,5.56
16473,2995,39,78,26.68
16474,2996,74,160,15.08
16475,2996,1,150,26.26
16476,2996,78,125,19.57
16477,2997,70,40,29.88
16478,2997,86,125,1.59
16479,2997,55,118,7.53
16480,2997,1,36,28.38
16481,2997,23,57,1.54
16482,2997,25,178,33.39
16483,2997,57,41,10.73
16484,2997,37,150,37.08
16485,2998,75,43,17.47
16486,2998,45,54,37.06
16487,2998,88,183,9.89
16488,2998,42,118,22.21
16489,2998,7,153,34.29
16490,2999,61,174,20.34
16491,2999,1,162,20.31
16492,2999,24,53,39.93
16493,2999,75,43,14.58
16494,2999,81,39,0.65
16495,2999,76,80,30.81
16496,2999,26,172,14.15
16497,2999,34,135,22.81
16498,3000,75,43,23.71
16499,3000,75,12,7.12
16500,3000,12,15,1.11
16501,3000,87,52,7.19
16502,3000,77,153,37.02
16503,3000,18,102,33.58
16504,3001,32,95,31.66
16505,3001,89,199,26.86
16506,3001,28,53,17.53
16507,3001,5,69,7.54
16508,3001,22,86,2.44
16509,3001,1,176,18.98
16510,3001,83,18,1.0
16511,3002,63,37,31.59
16512,3002,7,107,21.91
16513,3002,19,85,15.56
16514,3003,21,182,2.47
16515,3003,42,39,37.87
16516,3003,11,57,6.04
16517,3003,66,116,36.7
16518,3003,6,15,38.57
16519,3003,75,169,28.89
16520,3003,89,84,23.32
16521,3004,48,159,35.97
16522,3004,31,113,12.18
16523,3004,65,194,19.79
16524,3005,87,179,31.2
16525,3005,14,47,12.99
16526,3005,74,119,20.49
16527,3005,67,186,8.55
16528,3005,30,188,5.84
16529,3005,73,185,27.66
16530,3005,70,179,17.34
16531,3006,85,57,32.47
16532,3006,73,186,30.62
16533,3006,44,182,25.02
16534,3006,77,92,32.23
16535,3006,11,158,12.43
16536,3007,12,163,32.58
16537,3007,83,190,29.91
16538,3007,7,69,14.98
16539,3007,29,112,32.68
16540,3007,45,169,6.37
16541,3007,81,130,7.59
16542,3008,12,105,13.16
16543,3008,70,175,39.45
16544,3008,54,73,32.81
16545,3008,15,178,26.14
16546,3008,86,66,21.91
16547,3008,8,106,4.84
16548,3008,44,87,6.26
16549,3008,15,38,33.84
16550,3009,44,166,10.64
16551,3009,15,169,6.34
16552,3009,50,93,27.02
16553,3009,43,40,19.3
16554,3009,30,110,26.34
16555,3009,55,88,22.17
16556,3009,36,67,3.98
16557,3010,1,189,4.17
16558,3010,70,24,35.68
16559,3010,14,11,35.94
16560,3011,36,79,9.79
16561,3011,50,98,31.04
16562,3011,73,197,12.91
16563,3011,86,141,24.51
16564,3012,84,179,13.55
16565,3012,42,26,39.64
16566,3012,77,38,14.18
16567,3012,31,112,23.37
16568,3012,6,174,35.98
16569,3012,35,103,24.3
16570,3012,33,146,38.24
16571,3013,35,22,21.22
16572,3013,78,27,1.82
16573,3013,1,116,23.67
16574,3013,52,166,21.87
16575,3013,78,147,28.21
16576,3013,25,58,3.89
16577,3013,61,160,38.4
16578,3014,3,189,9.89
16579,3014,7,124,14.21
16580,3014,44,154,32.84
16581,3014,73,16,26.39
16582,3014,56,81,1.31
16583,3015,15,24,23.22
16584,3015,57,169,15.35
16585,3015,13,14,32.28
16586,3015,42,164,6.91
16587,3015,4,148,15.61
16588,3015,28,195,20.2
16589,3016,46,192,21.55
16590,3016,77,58,3.86
16591,3016,47,197,17.67
16592,3016,43,75,35.43
16593,3016,32,75,36.79
16594,3016,66,37,31.83
16595,3016,53,142,22.16
16596,3016,16,11,19.02
16597,3017,81,181,9.91
16598,3017,8,30,24.13
16599,3017,6,170,32.71
16600,3017,3,135,25.29
16601,3017,68,40,18.84
16602,3017,55,42,10.36
16603,3017,23,93,13.75
16604,3017,68,149,5.0
16605,3018,57,128,17.04
16606,3018,47,34,22.05
16607,3018,58,138,34.46
16608,3018,40,42,10.9
16609,3019,33,178,37.74
16610,3019,45,165,18.03
16611,3019,53,90,20.13
16612,3020,45,149,12.4
16613,3020,57,155,26.75
16614,3020,46,32,24.01
16615,3020,9,75,23.16
16616,3020,79,14,38.83
16617,3021,89,160,38.3
16618,3021,43,87,37.27
16619,3021,39,89,34.31
16620,3022,15,117,14.3
16621,3022,71,167,18.54
16622,3022,28,159,39.06
16623,3022,87,22,18.57
16624,3023,46,189,6.49
16625,3023,33,174,12.25
16626,3023,2,71,4.6
16627,3023,42,133,23.77
16628,3023,64,12,16.47
16629,3023,45,152,3.1
16630,3024,61,122,22.25
16631,3024,56,67,13.43
16632,3024,87,169,17.15
16633,3025,18,47,18.65
16634,3025,54,116,7.27
16635,3025,78,175,9.54
16636,3025,24,117,0.55
16637,3025,60,171,38.35
16638,3025,23,116,14.06
16639,3025,65,27,33.6
16640,3026,25,95,26.4
16641,3026,34,44,33.09
16642,3026,1,31,27.02
16643,3027,83,43,25.92
16644,3027,8,23,7.06
16645,3027,88,67,2.2
16646,3027,52,130,29.5
16647,3028,70,193,31.96
16648,3028,29,69,4.97
16649,3028,10,97,16.44
16650,3029,23,199,22.44
16651,3029,59,96,8.14
16652,3029,14,140,10.72
16653,3029,31,70,15.46
16654,3029,73,48,4.87
16655,3029,20,190,34.88
16656,3030,67,129,30.19
16657,3030,49,108,8.17
16658,3030,79,63,28.89
16659,3030,27,43,6.86
16660,3030,56,151,28.66
16661,3031,13,141,6.66
16662,3031,11,189,33.03
16663,3031,43,96,19.83
16664,3032,13,55,4.6
16665,3032,70,58,38.53
16666,3032,89,59,11.97
16667,3032,84,29,19.03
16668,3032,10,161,36.11
16669,3033,47,131,35.87
16670,3033,50,158,30.33
16671,3033,49,48,14.08
16672,3033,53,125,33.41
16673,3033,14,134,5.35
16674,3033,18,21,9.51
16675,3033,47,186,38.88
16676,3033,89,78,5.32
16677,3034,80,194,37.8
16678,3034,27,11,2.37
16679,3034,17,57,12.06
16680,3034,23,43,9.62
16681,3034,58,33,16.4
16682,3035,85,196,8.11
16683,3035,89,101,36.69
16684,3035,77,169,25.0
16685,3035,81,200,6.81
16686,3036,18,167,6.89
16687,3036,2,167,37.28
16688,3036,75,64,29.15
16689,3036,54,130,17.44
16690,3036,33,42,2.37
16691,3037,89,72,3.47
16692,3037,10,20,24.7
16693,3037,15,17,38.25
16694,3037,34,110,1.92
16695,3037,43,57,26.11
16696,3037,6,89,23.62
16697,3038,52,191,14.18
16698,3038,3,61,22.16
16699,3038,77,101,8.82
16700,3038,88,172,7.67
16701,3038,59,190,31.26
16702,3038,30,156,36.28
16703,3038,77,12,7.08
16704,3039,68,149,22.0
16705,3039,3,135,31.03
16706,3039,53,163,32.78
16707,3039,56,101,18.77
16708,3039,52,90,12.82
16709,3040,73,35,10.62
16710,3040,31,28,7.06
16711,3040,84,85,14.03
16712,3040,31,76,18.42
16713,3040,75,190,27.38
16714,3040,9,29,16.55
16715,3040,66,77,27.32
16716,3041,21,47,6.95
16717,3041,83,192,11.03
16718,3041,35,172,23.13
16719,3041,38,81,18.44
16720,3041,86,87,21.67
16721,3041,68,100,31.51
16722,3041,51,168,31.75
16723,3042,90,77,7.5
16724,3042,81,104,18.81
16725,3042,80,200,23.66
16726,3043,8,132,3.04
16727,3043,26,158,3.87
16728,3043,30,146,5.62
16729,3043,52,82,26.69
16730,3043,15,43,8.86
16731,3043,77,100,13.24
16732,3043,47,199,36.99
16733,3043,82,47,35.9
16734,3044,57,54,33.64
16735,3044,2,115,31.86
16736,3044,57,173,34.5
16737,3044,28,25,37.78
16738,3045,79,166,29.13
16739,3045,33,112,22.59
16740,3045,21,23,28.72
16741,3045,44,64,22.75
16742,3046,21,142,37.43
16743,3046,73,31,20.65
16744,3046,27,195,13.16
16745,3046,57,70,25.09
16746,3046,39,146,25.72
16747,3046,42,96,0.93
16748,3046,5,110,20.62
16749,3047,54,44,18.69
16750,3047,65,95,16.11
16751,3047,82,114,6.86
16752,3047,61,190,30.26
16753,3047,21,182,18.75
16754,3048,16,88,11.13
16755,3048,47,114,34.81
16756,3048,45,31,28.52
16757,3048,35,161,24.3
16758,3048,44,62,26.18
16759,3048,9,85,10.75
16760,3048,28,72,21.99
16761,3049,1,32,5.44
16762,3049,19,45,3.4
16763,3049,79,185,32.09
16764,3049,83,138,12.23
16765,3049,13,62,3.62
16766,3050,71,156,21.06
16767,3050,30,16,39.89
16768,3050,90,48,26.32
16769,3051,40,27,32.47
16770,3051,55,114,36.67
16771,3051,76,122,2.3
16772,3051,88,113,34.9
16773,3052,22,106,28.45
16774,3052,58,84,2.88
16775,3052,3,180,0.78
16776,3052,85,133,19.77
16777,3052,42,186,34.17
16778,3052,75,178,16.68
16779,3052,47,180,33.25
16780,3053,15,46,4.08
16781,3053,47,95,36.71
16782,3053,7,40,6.89
16783,3053,29,74,27.54
16784,3053,26,120,29.29
16785,3053,50,119,23.47
16786,3053,60,25,17.33
16787,3053,82,94,36.67
16788,3054,81,32,11.08
16789,3054,23,56,5.22
16790,3054,80,196,10.78
16791,3054,43,188,20.0
16792,3055,41,68,6.93
16793,3055,51,198,29.62
16794,3055,71,93,35.23
16795,3055,46,91,0.53
16796,3055,50,162,11.76
16797,3056,27,196,15.98
16798,3056,60,50,6.38
16799,3056,72,138,11.64
16800,3056,75,157,8.37
16801,3056,75,48,31.84
16802,3056,69,172,38.73
16803,3056,53,109,20.46
16804,3057,52,171,27.3
16805,3057,24,145,14.11
16806,3057,40,197,8.23
16807,3058,55,36,37.97
16808,3058,13,120,33.24
16809,3058,30,177,18.08
16810,3058,59,173,6.89
16811,3058,34,190,6.0
16812,3058,4,21,35.06
16813,3058,85,173,34.25
16814,3058,7,56,26.17
16815,3059,73,167,39.83
16816,3059,78,123,19.21
16817,3059,72,141,33.87
16818,3059,7,77,20.56
16819,3059,75,35,37.56
16820,3059,77,16,29.78
16821,3060,58,143,11.66
16822,3060,6,88,4.64
16823,3060,40,137,38.73
16824,3060,34,11,27.36
16825,3060,67,128,19.77
16826,3060,74,99,33.96
16827,3060,10,92,28.08
16828,3061,76,39,37.43
16829,3061,26,126,25.46
16830,3061,75,18,25.33
16831,3061,51,151,21.18
16832,3062,89,70,9.58
16833,3062,80,187,39.12
16834,3062,75,89,19.1
16835,3062,83,162,4.45
16836,3062,14,90,26.35
16837,3062,74,57,30.8
16838,3063,49,135,32.95
16839,3063,59,81,4.55
16840,3063,44,71,31.26
16841,3063,36,114,29.53
16842,3063,57,152,14.07
16843,3063,54,62,27.51
16844,3064,51,27,26.3
16845,3064,15,34,38.32
16846,3064,67,104,23.71
16847,3064,48,45,12.77
16848,3065,64,87,19.88
16849,3065,21,90,16.57
16850,3065,32,79,29.42
16851,3065,27,54,13.32
16852,3065,2,41,34.16
16853,3065,4,52,26.49
16854,3065,72,143,8.52
16855,3066,86,27,11.16
16856,3066,7,31,4.04
16857,3066,17,21,32.36
16858,3066,83,126,32.58
16859,3066,60,76,28.16
16860,3066,12,90,27.62
16861,3066,73,121,4.31
16862,3067,25,138,2.73
16863,3067,9,54,10.67
16864,3067,89,147,6.59
16865,3067,62,12,20.6
16866,3068,75,56,18.72
16867,3068,83,102,18.22
16868,3068,25,114,27.91
16869,3069,87,89,27.32
16870,3069,8,54,15.75
16871,3069,14,171,13.08
16872,3069,85,84,16.24
16873,3070,62,188,7.38
16874,3070,59,48,5.7
16875,3070,31,189,5.09
16876,3071,66,115,37.71
16877,3071,31,63,33.2
16878,3071,39,197,11.43
16879,3072,6,150,7.31
16880,3072,84,15,27.68
16881,3072,66,194,39.89
16882,3072,50,189,34.35
16883,3072,65,21,38.28
16884,3073,20,125,20.94
16885,3073,54,187,5.71
16886,3073,49,151,38.8
16887,3074,88,183,35.33
16888,3074,59,163,2.68
16889,3074,37,126,13.39
16890,3075,78,52,16.33
16891,3075,82,14,33.54
16892,3075,56,15,35.89
16893,3075,17,73,27.5
16894,3075,19,12,38.34
16895,3075,3,13,27.44
16896,3075,23,162,19.17
16897,3075,2,117,25.7
16898,3076,41,171,12.88
16899,3076,1,166,6.32
16900,3076,24,53,5.28
16901,3076,66,150,4.59
16902,3076,80,15,8.59
16903,3076,41,147,32.86
16904,3077,22,136,6.17
16905,3077,40,76,5.96
16906,3077,10,110,34.06
16907,3077,67,64,22.47
16908,3078,86,52,39.64
16909,3078,22,64,27.59
16910,3078,25,42,7.47
16911,3078,39,118,30.3
16912,3078,51,40,24.27
16913,3078,73,123,3.7
16914,3078,66,191,4.21
16915,3079,15,71,25.91
16916,3079,58,187,13.06
16917,3079,88,55,3.69
16918,3079,34,98,26.65
16919,3080,20,132,1.6
16920,3080,7,77,39.63
16921,3080,79,184,25.66
16922,3080,64,77,31.0
16923,3081,44,167,27.47
16924,3081,58,61,1.76
16925,3081,63,74,20.85
16926,3081,47,175,2.56
16927,3081,28,122,33.67
16928,3081,29,47,29.5
16929,3081,7,112,26.52
16930,3081,83,150,10.24
16931,3082,86,107,19.58
16932,3082,47,139,14.55
16933,3082,67,123,36.24
16934,3082,12,196,29.48
16935,3082,41,129,33.7
16936,3082,29,69,13.63
16937,3083,76,19,7.78
16938,3083,69,195,37.24
16939,3083,76,84,31.36
16940,3083,8,93,17.75
16941,3083,38,183,33.35
16942,3083,49,36,38.1
16943,3084,20,200,27.22
16944,3084,6,128,24.42
16945,3084,52,49,11.55
16946,3085,21,77,26.45
16947,3085,59,93,17.35
16948,3085,58,193,10.2
16949,3085,58,48,2.65
16950,3086,15,124,13.19
16951,3086,43,95,27.89
16952,3086,59,127,34.96
16953,3087,6,117,18.41
16954,3087,39,86,10.79
16955,3087,78,165,31.71
16956,3088,90,112,19.78
16957,3088,63,142,35.9
16958,3088,66,23,9.78
16959,3089,87,183,29.35
16960,3089,2,153,8.97
16961,3089,39,40,35.98
16962,3089,62,40,31.29
16963,3090,79,170,8.17
16964,3090,30,140,37.76
16965,3090,2,58,30.18
16966,3090,35,62,4.66
16967,3091,20,192,23.06
16968,3091,89,17,31.89
16969,3091,35,151,36.02
16970,3092,47,154,33.99
16971,3092,73,128,9.52
16972,3092,89,55,25.86
16973,3092,18,133,21.24
16974,3092,80,161,6.16
16975,3092,67,70,35.36
16976,3092,90,179,23.21
16977,3092,70,111,8.82
16978,3093,23,17,11.42
16979,3093,55,127,22.69
16980,3093,26,20,30.85
16981,3093,70,26,34.14
16982,3093,75,27,36.58
16983,3093,33,149,16.02
16984,3094,79,147,30.12
16985,3094,33,79,33.1
16986,3094,76,26,5.24
16987,3094,45,30,2.17
16988,3094,44,77,26.92
16989,3094,57,54,13.26
16990,3094,59,68,1.08
16991,3094,14,139,30.0
16992,3095,65,87,7.43
16993,3095,29,14,5.68
16994,3095,83,197,19.28
16995,3095,24,134,27.81
16996,3095,48,50,5.03
16997,3096,86,47,10.03
16998,3096,16,189,11.02
16999,3096,37,27,29.27
17000,3096,50,69,21.91
17001,3096,54,128,17.85
17002,3096,47,159,17.85
17003,3097,84,156,20.6
17004,3097,36,114,1.55
17005,3097,25,189,37.03
17006,3098,57,83,35.92
17007,3098,8,167,15.55
17008,3098,69,69,10.75
17009,3098,83,146,38.2
17010,3098,81,162,20.41
17011,3098,13,119,27.95
17012,3098,52,50,24.76
17013,3098,73,33,30.65
17014,3099,3,93,10.04
17015,3099,77,10,36.61
17016,3099,70,26,3.87
17017,3099,2,15,1.76
17018,3099,90,130,21.85
17019,3099,15,142,33.35
17020,3100,62,173,10.38
17021,3100,76,148,19.64
17022,3100,7,63,36.51
17023,3100,24,91,2.73
17024,3101,80,182,6.43
17025,3101,61,76,26.11
17026,3101,48,77,26.56
17027,3101,45,195,38.74
17028,3102,57,142,36.59
17029,3102,77,54,11.96
17030,3102,57,183,29.29
17031,3102,59,29,18.5
17032,3103,50,125,22.95
17033,3103,74,200,10.8
17034,3103,1,184,30.99
17035,3103,16,65,19.16
17036,3103,78,146,34.81
17037,3103,25,125,15.35
17038,3103,72,43,13.03
17039,3104,70,136,20.95
17040,3104,64,154,1.65
17041,3104,9,55,20.26
17042,3105,52,65,12.98
17043,3105,72,38,14.93
17044,3105,62,29,1.83
17045,3105,50,53,7.23
17046,3106,26,59,13.02
17047,3106,17,139,34.68
17048,3106,38,68,19.75
17049,3106,24,148,7.75
17050,3106,65,75,1.61
17051,3106,13,52,14.52
17052,3106,90,43,2.81
17053,3107,73,27,21.86
17054,3107,65,176,5.15
17055,3107,38,133,36.61
17056,3108,85,129,20.77
17057,3108,4,59,38.88
17058,3108,63,53,24.07
17059,3108,35,22,24.79
17060,3108,28,131,14.34
17061,3108,28,134,16.93
17062,3109,15,87,29.6
17063,3109,14,192,24.02
17064,3109,49,136,22.75
17065,3109,13,152,11.98
17066,3109,42,27,25.13
17067,3109,1,140,29.01
17068,3109,35,169,30.1
17069,3110,12,155,10.86
17070,3110,48,113,21.81
17071,3110,88,98,25.54
17072,3110,75,64,27.91
17073,3110,7,35,2.36
17074,3111,58,191,32.65
17075,3111,78,168,19.22
17076,3111,18,96,19.17
17077,3111,85,190,13.17
17078,3111,17,54,13.78
17079,3111,32,193,32.56
17080,3111,85,50,35.5
17081,3112,35,83,27.26
17082,3112,73,103,37.21
17083,3112,81,13,10.27
17084,3112,2,125,23.27
17085,3112,70,43,13.55
17086,3113,31,168,15.32
17087,3113,86,134,21.05
17088,3113,73,12,38.41
17089,3113,41,30,16.58
17090,3114,24,113,30.31
17091,3114,80,86,1.01
17092,3114,89,158,33.52
17093,3114,5,127,8.74
17094,3114,18,53,24.88
17095,3114,15,137,15.91
17096,3115,9,83,25.56
17097,3115,46,87,10.41
17098,3115,87,193,7.7
17099,3115,11,166,14.8
17100,3115,43,14,26.78
17101,3115,42,143,11.59
17102,3116,23,42,21.74
17103,3116,42,192,16.36
17104,3116,18,44,33.58
17105,3116,30,101,36.15
17106,3116,11,179,19.76
17107,3116,39,140,25.57
17108,3116,25,116,25.06
17109,3117,69,74,15.97
17110,3117,5,131,0.74
17111,3117,34,68,13.82
17112,3117,90,36,19.73
17113,3117,78,59,3.68
17114,3118,70,182,33.05
17115,3118,42,111,8.44
17116,3118,83,29,30.34
17117,3119,23,117,13.76
17118,3119,68,147,28.6
17119,3119,78,134,14.73
17120,3120,61,161,24.24
17121,3120,62,147,37.36
17122,3120,11,119,28.6
17123,3120,66,172,2.2
17124,3121,74,150,38.33
17125,3121,65,151,18.09
17126,3121,83,87,28.36
17127,3122,61,173,18.38
17128,3122,66,92,12.09
17129,3122,60,83,35.87
17130,3123,67,173,31.9
17131,3123,44,151,29.0
17132,3123,86,58,12.83
17133,3124,30,52,34.21
17134,3124,47,88,3.75
17135,3124,10,195,33.06
17136,3124,55,103,6.44
17137,3124,59,23,36.59
17138,3125,50,112,35.57
17139,3125,80,154,21.74
17140,3125,70,24,32.98
17141,3125,17,125,39.49
17142,3126,72,93,10.57
17143,3126,31,36,17.18
17144,3126,36,192,37.09
17145,3127,40,154,31.27
17146,3127,21,71,19.65
17147,3127,43,187,32.91
17148,3127,27,141,21.07
17149,3127,29,68,26.33
17150,3127,34,158,10.34
17151,3127,20,101,34.11
17152,3127,66,93,37.28
17153,3128,2,110,17.47
17154,3128,42,63,10.72
17155,3128,79,124,36.69
17156,3128,12,18,22.91
17157,3128,3,48,33.85
17158,3128,11,10,2.05
17159,3128,27,52,30.03
17160,3128,52,114,34.04
17161,3129,66,113,31.95
17162,3129,40,187,25.19
17163,3129,75,27,15.96
17164,3129,19,136,27.94
17165,3129,53,98,0.64
17166,3129,78,85,37.39
17167,3129,21,100,2.97
17168,3130,15,102,38.29
17169,3130,48,61,18.53
17170,3130,75,50,39.06
17171,3130,10,161,18.83
17172,3130,51,200,16.08
17173,3130,15,106,7.11
17174,3130,18,165,30.22
17175,3131,15,181,2.41
17176,3131,61,184,2.26
17177,3131,57,128,30.3
17178,3132,70,66,12.19
17179,3132,72,106,10.98
17180,3132,15,134,29.86
17181,3133,17,62,9.29
17182,3133,41,184,9.44
17183,3133,77,137,15.4
17184,3134,10,173,1.68
17185,3134,82,66,18.38
17186,3134,14,86,4.7
17187,3134,36,153,29.45
17188,3134,53,187,15.69
17189,3135,79,193,18.43
17190,3135,25,175,5.66
17191,3135,68,110,1.77
17192,3135,68,84,27.98
17193,3136,46,177,26.82
17194,3136,3,27,6.08
17195,3136,85,163,27.0
17196,3136,73,30,10.87
17197,3136,87,161,28.74
17198,3137,44,157,14.93
17199,3137,1,31,31.06
17200,3137,50,103,11.23
17201,3137,63,24,13.8
17202,3138,47,183,26.67
17203,3138,73,35,10.76
17204,3138,19,28,0.68
17205,3138,5,173,30.57
17206,3138,65,149,26.82
17207,3139,32,200,25.59
17208,3139,3,83,37.73
17209,3139,9,46,38.27
17210,3140,37,114,21.88
17211,3140,78,130,14.47
17212,3140,11,20,35.97
17213,3141,39,54,14.21
17214,3141,43,191,17.62
17215,3141,67,108,32.6
17216,3141,24,52,24.88
17217,3141,83,92,32.37
17218,3142,12,14,14.21
17219,3142,49,137,8.99
17220,3142,19,168,9.05
17221,3142,83,115,30.29
17222,3142,5,129,39.58
17223,3142,49,74,27.34
17224,3143,68,196,7.92
17225,3143,72,171,36.26
17226,3143,86,178,35.47
17227,3143,11,128,35.12
17228,3143,82,45,2.65
17229,3144,40,143,8.22
17230,3144,1,185,37.99
17231,3144,51,43,18.75
17232,3145,44,64,22.07
17233,3145,59,196,12.63
17234,3145,72,69,6.66
17235,3145,51,51,34.71
17236,3145,44,24,17.31
17237,3146,59,70,36.11
17238,3146,88,199,5.91
17239,3146,30,10,3.32
17240,3146,53,75,17.25
17241,3147,68,24,31.86
17242,3147,42,199,12.16
17243,3147,11,148,12.96
17244,3147,22,25,8.88
17245,3148,89,15,11.41
17246,3148,35,65,9.1
17247,3148,47,21,23.56
17248,3149,6,179,23.41
17249,3149,53,188,1.28
17250,3149,68,133,35.15
17251,3149,52,138,12.02
17252,3149,68,110,15.25
17253,3150,21,99,7.81
17254,3150,60,122,15.91
17255,3150,46,129,13.76
17256,3150,89,121,33.74
17257,3151,23,136,20.0
17258,3151,3,32,24.32
17259,3151,19,102,5.65
17260,3151,53,122,12.83
17261,3151,36,45,34.4
17262,3151,23,33,17.26
17263,3151,8,166,38.46
17264,3152,14,80,24.56
17265,3152,58,29,27.72
17266,3152,24,15,29.38
17267,3152,90,66,26.75
17268,3152,59,137,18.25
17269,3152,29,40,7.48
17270,3152,7,84,23.79
17271,3153,19,68,39.79
17272,3153,63,96,25.75
17273,3153,27,65,29.39
17274,3153,26,171,12.25
17275,3153,62,129,26.18
17276,3153,28,25,34.99
17277,3154,19,126,35.36
17278,3154,56,101,12.35
17279,3154,81,109,34.33
17280,3154,80,160,39.51
17281,3154,45,183,25.65
17282,3154,71,155,19.83
17283,3154,82,17,25.79
17284,3155,68,36,36.83
17285,3155,86,183,27.91
17286,3155,83,89,25.68
17287,3155,17,155,21.2
17288,3155,26,114,21.52
17289,3156,41,16,13.02
17290,3156,11,35,37.22
17291,3156,45,100,14.87
17292,3156,13,21,20.0
17293,3156,39,162,25.21
17294,3156,16,153,21.09
17295,3157,12,105,22.41
17296,3157,78,17,3.03
17297,3157,10,197,20.36
17298,3158,11,196,7.85
17299,3158,54,139,8.95
17300,3158,15,101,30.45
17301,3159,8,109,2.42
17302,3159,82,27,31.23
17303,3159,52,169,30.85
17304,3159,62,116,24.6
17305,3160,20,113,35.11
17306,3160,17,198,37.56
17307,3160,9,164,32.88
17308,3160,39,191,18.18
17309,3160,75,197,0.55
17310,3161,64,190,4.66
17311,3161,90,131,31.38
17312,3161,17,97,38.03
17313,3161,47,169,33.36
17314,3162,26,86,20.59
17315,3162,73,172,2.93
17316,3162,53,192,10.43
17317,3163,18,30,29.62
17318,3163,83,177,11.55
17319,3163,51,63,30.95
17320,3163,9,28,21.24
17321,3163,50,196,18.47
17322,3163,3,176,3.13
17323,3164,45,15,27.46
17324,3164,39,85,14.78
17325,3164,25,37,22.12
17326,3164,29,34,6.37
17327,3165,74,158,20.24
17328,3165,33,36,9.82
17329,3165,84,15,37.33
17330,3166,53,75,30.17
17331,3166,62,38,26.17
17332,3166,88,108,27.83
17333,3166,81,160,11.17
17334,3166,53,150,27.75
17335,3166,25,32,12.18
17336,3167,37,151,26.18
17337,3167,60,44,31.35
17338,3167,57,146,34.08
17339,3167,45,180,39.68
17340,3167,36,94,21.66
17341,3167,7,55,5.72
17342,3167,57,194,19.6
17343,3168,13,151,39.35
17344,3168,55,121,35.03
17345,3168,17,95,7.49
17346,3168,76,59,30.17
17347,3169,16,192,32.28
17348,3169,5,113,17.88
17349,3169,39,174,6.18
17350,3169,1,152,8.09
17351,3169,54,63,29.09
17352,3170,3,184,26.97
17353,3170,33,52,13.6
17354,3170,45,79,7.82
17355,3171,27,186,10.69
17356,3171,59,42,39.12
17357,3171,67,117,21.05
17358,3171,66,176,26.18
17359,3171,25,52,6.87
17360,3172,4,57,38.31
17361,3172,24,124,37.4
17362,3172,34,176,16.12
17363,3172,75,11,8.1
17364,3172,67,75,19.94
17365,3173,44,145,35.33
17366,3173,88,192,19.9
17367,3173,43,45,6.92
17368,3174,6,18,29.49
17369,3174,2,172,6.44
17370,3174,85,81,5.75
17371,3174,7,58,9.43
17372,3174,70,132,25.8
17373,3174,71,87,15.23
17374,3174,27,101,33.51
17375,3174,7,42,4.33
17376,3175,49,116,22.85
17377,3175,82,58,16.58
17378,3175,44,139,15.32
17379,3175,80,87,24.85
17380,3175,78,157,19.45
17381,3175,89,92,34.15
17382,3176,83,89,12.1
17383,3176,41,195,13.17
17384,3176,90,51,24.06
17385,3176,64,137,8.0
17386,3176,41,158,12.81
17387,3176,20,148,8.76
17388,3176,65,175,21.97
17389,3176,85,110,4.8
17390,3177,39,57,31.82
17391,3177,5,164,3.73
17392,3177,44,76,29.4
17393,3177,49,140,7.3
17394,3178,1,101,27.26
17395,3178,34,180,23.17
17396,3178,10,182,37.32
17397,3178,34,18,37.77
17398,3178,55,105,25.9
17399,3178,64,111,14.46
17400,3179,88,173,32.21
17401,3179,36,162,35.7
17402,3179,59,101,32.23
17403,3179,45,35,8.41
17404,3179,32,76,37.47
17405,3179,53,52,32.95
17406,3180,77,93,17.17
17407,3180,43,37,13.72
17408,3180,69,49,6.62
17409,3180,28,23,23.96
17410,3180,39,134,16.34
17411,3180,44,155,17.36
17412,3180,53,199,32.85
17413,3180,86,120,3.81
17414,3181,39,76,4.36
17415,3181,49,134,32.05
17416,3181,50,158,29.41
17417,3181,27,140,23.69
17418,3182,13,83,25.88
17419,3182,29,131,38.25
17420,3182,44,173,26.26
17421,3182,21,166,2.38
17422,3182,29,31,30.54
17423,3182,11,189,15.94
17424,3182,85,141,17.16
17425,3183,68,121,33.43
17426,3183,58,61,5.68
17427,3183,59,26,21.51
17428,3183,13,113,24.88
17429,3183,33,39,26.69
17430,3183,19,110,30.24
17431,3184,60,185,2.75
17432,3184,15,97,9.52
17433,3184,74,152,27.09
17434,3184,35,15,14.35
17435,3184,35,29,23.32
17436,3184,75,159,23.53
17437,3184,90,164,21.6
17438,3185,62,83,7.16
17439,3185,11,89,5.68
17440,3185,57,89,1.62
17441,3186,68,184,13.5
17442,3186,65,154,25.92
17443,3186,28,176,18.68
17444,3186,72,39,2.45
17445,3187,36,67,36.39
17446,3187,72,155,39.25
17447,3187,5,17,12.8
17448,3187,75,55,10.58
17449,3187,5,40,35.61
17450,3187,20,148,25.25
17451,3187,34,180,26.36
17452,3187,74,195,31.98
17453,3188,30,35,26.27
17454,3188,7,141,3.32
17455,3188,71,121,17.78
17456,3188,7,78,37.17
17457,3188,17,198,23.34
17458,3188,88,124,24.15
17459,3189,6,109,11.2
17460,3189,84,145,6.77
17461,3189,47,155,34.02
17462,3189,36,146,20.36
17463,3189,63,111,37.95
17464,3189,85,30,21.74
17465,3189,54,82,38.66
17466,3189,67,187,37.32
17467,3190,31,82,22.99
17468,3190,5,99,24.29
17469,3190,83,62,30.41
17470,3190,6,190,15.98
17471,3191,18,110,11.18
17472,3191,27,107,4.02
17473,3191,32,142,31.92
17474,3191,69,131,2.78
17475,3191,42,130,4.55
17476,3192,64,197,15.26
17477,3192,39,138,19.97
17478,3192,6,199,32.14
17479,3192,73,120,10.57
17480,3192,16,78,15.33
17481,3193,66,171,14.42
17482,3193,6,41,17.67
17483,3193,55,138,13.87
17484,3193,53,126,39.19
17485,3194,18,88,24.92
17486,3194,44,65,24.72
17487,3194,6,68,25.84
17488,3194,10,166,23.04
17489,3195,3,73,31.49
17490,3195,89,199,16.18
17491,3195,15,171,15.16
17492,3195,57,174,31.86
17493,3195,37,43,34.76
17494,3195,25,110,21.63
17495,3195,58,198,21.22
17496,3195,87,65,18.36
17497,3196,69,149,1.34
17498,3196,37,113,31.43
17499,3196,89,47,2.05
17500,3196,53,96,12.45
17501,3196,49,91,17.65
17502,3197,27,110,8.2
17503,3197,71,180,30.34
17504,3197,27,168,6.15
17505,3197,85,45,35.44
17506,3197,27,24,36.26
17507,3197,24,34,2.74
17508,3197,63,162,30.11
17509,3197,74,150,32.7
17510,3198,28,137,29.06
17511,3198,12,54,9.65
17512,3198,43,124,33.42
17513,3198,73,200,9.1
17514,3198,64,171,19.11
17515,3198,45,162,0.77
17516,3198,23,163,5.63
17517,3199,9,69,8.76
17518,3199,2,200,11.79
17519,3199,61,78,28.68
17520,3200,61,190,12.22
17521,3200,82,30,37.05
17522,3200,11,67,24.36
17523,3201,75,118,30.07
17524,3201,80,71,22.07
17525,3201,19,120,22.66
17526,3201,12,71,22.18
17527,3201,89,14,28.71
17528,3201,28,73,22.7
17529,3202,59,60,37.8
17530,3202,52,27,12.32
17531,3202,8,82,20.21
17532,3202,53,29,24.43
17533,3202,47,117,3.95
17534,3202,86,194,13.12
17535,3202,14,139,4.89
17536,3202,10,12,16.22
17537,3203,20,158,7.78
17538,3203,31,26,29.83
17539,3203,63,200,20.43
17540,3203,44,192,27.22
17541,3203,75,63,25.95
17542,3203,19,20,3.04
17543,3203,5,184,22.6
17544,3203,67,186,3.46
17545,3204,19,196,32.0
17546,3204,84,182,36.7
17547,3204,64,86,39.86
17548,3204,57,142,9.86
17549,3205,16,11,20.6
17550,3205,69,62,12.63
17551,3205,35,74,6.48
17552,3205,32,134,12.02
17553,3205,35,163,30.44
17554,3206,43,150,10.89
17555,3206,64,21,6.63
17556,3206,75,43,20.52
17557,3206,82,58,3.72
17558,3206,78,26,15.28
17559,3206,9,162,34.71
17560,3206,2,84,25.83
17561,3207,40,33,1.61
17562,3207,20,87,6.2
17563,3207,6,92,24.47
17564,3207,50,62,4.7
17565,3208,72,85,11.62
17566,3208,9,150,19.01
17567,3208,60,120,33.44
17568,3208,70,166,16.89
17569,3208,89,130,37.09
17570,3208,82,146,17.8
17571,3209,3,87,7.22
17572,3209,76,136,15.0
17573,3209,70,170,3.98
17574,3209,12,186,38.65
17575,3210,4,144,29.23
17576,3210,20,98,36.87
17577,3210,82,55,8.86
17578,3210,50,98,4.32
17579,3210,62,115,22.52
17580,3210,42,40,13.14
17581,3210,20,139,20.8
17582,3210,6,89,24.55
17583,3211,54,154,1.45
17584,3211,6,139,12.37
17585,3211,83,160,29.75
17586,3211,85,32,19.25
17587,3211,2,76,5.47
17588,3212,27,15,35.64
17589,3212,57,153,21.95
17590,3212,57,94,37.18
17591,3212,50,67,6.86
17592,3212,67,75,12.17
17593,3212,30,69,27.31
17594,3213,88,28,2.85
17595,3213,62,132,1.1
17596,3213,19,71,33.1
17597,3213,41,148,6.01
17598,3214,23,129,12.75
17599,3214,11,199,32.55
17600,3214,48,131,35.95
17601,3214,66,145,8.47
17602,3214,65,110,34.19
17603,3214,34,34,15.53
17604,3215,29,192,12.52
17605,3215,15,193,30.22
17606,3215,65,156,6.47
17607,3215,40,98,26.74
17608,3215,58,196,11.81
17609,3216,30,60,39.59
17610,3216,8,79,32.76
17611,3216,28,21,26.82
17612,3216,90,96,22.13
17613,3216,11,138,5.17
17614,3216,85,141,39.43
17615,3216,31,97,0.63
17616,3216,56,42,24.29
17617,3217,5,197,30.09
17618,3217,77,80,24.68
17619,3217,73,177,34.17
17620,3217,33,71,18.01
17621,3217,26,70,8.94
17622,3217,23,167,34.93
17623,3217,90,145,15.55
17624,3217,46,96,16.42
17625,3218,18,12,25.72
17626,3218,3,105,8.0
17627,3218,39,136,38.17
17628,3218,87,182,23.27
17629,3219,28,57,38.25
17630,3219,36,111,13.35
17631,3219,70,58,27.49
17632,3220,15,171,7.11
17633,3220,15,196,10.98
17634,3220,59,160,36.23
17635,3220,29,80,1.22
17636,3220,58,123,31.63
17637,3220,88,176,17.14
17638,3221,29,38,34.25
17639,3221,57,71,12.71
17640,3221,78,195,22.81
17641,3221,26,54,4.27
17642,3221,47,66,26.2
17643,3221,31,167,31.55
17644,3221,42,61,4.52
17645,3222,24,179,6.76
17646,3222,3,174,26.99
17647,3222,5,44,12.86
17648,3223,11,146,9.5
17649,3223,5,173,2.28
17650,3223,19,153,19.18
17651,3223,35,13,39.06
17652,3223,68,161,19.9
17653,3223,83,134,39.32
17654,3223,67,194,10.82
17655,3224,11,170,22.67
17656,3224,87,19,28.45
17657,3224,21,121,12.78
17658,3224,15,172,12.41
17659,3224,18,146,28.51
17660,3225,30,191,11.5
17661,3225,37,135,19.0
17662,3225,76,57,19.65
17663,3225,80,116,24.68
17664,3225,26,168,27.03
17665,3225,20,11,14.16
17666,3225,11,103,29.76
17667,3225,60,11,31.72
17668,3226,30,12,11.93
17669,3226,33,169,11.26
17670,3226,15,102,36.22
17671,3226,72,140,33.27
17672,3226,89,109,20.9
17673,3226,38,84,9.21
17674,3226,87,136,36.31
17675,3226,27,38,39.0
17676,3227,3,22,22.03
17677,3227,88,11,9.27
17678,3227,12,27,5.09
17679,3227,39,13,19.92
17680,3228,56,53,3.34
17681,3228,54,65,10.47
17682,3228,40,199,29.58
17683,3228,37,69,37.59
17684,3228,43,64,12.4
17685,3228,34,172,36.18
17686,3228,44,100,1.33
17687,3229,19,145,25.59
17688,3229,72,34,37.01
17689,3229,11,69,37.93
17690,3229,84,31,23.46
17691,3229,42,185,20.86
17692,3229,4,135,9.42
17693,3229,19,134,5.32
17694,3230,38,46,21.59
17695,3230,56,143,32.76
17696,3230,28,171,28.71
17697,3230,70,123,7.5
17698,3230,27,52,8.38
17699,3231,62,25,12.83
17700,3231,34,71,35.13
17701,3231,18,132,38.7
17702,3231,38,17,6.82
17703,3232,24,77,14.98
17704,3232,7,52,9.81
17705,3232,32,40,1.65
17706,3232,13,139,14.49
17707,3232,36,194,21.69
17708,3232,4,93,29.98
17709,3232,12,74,9.81
17710,3233,29,134,25.61
17711,3233,35,158,2.32
17712,3233,74,76,26.44
17713,3233,64,33,21.6
17714,3233,83,26,29.02
17715,3233,19,85,30.51
17716,3234,37,114,4.25
17717,3234,28,99,10.8
17718,3234,25,195,10.27
17719,3234,8,53,34.57
17720,3234,42,92,14.21
17721,3234,89,110,8.04
17722,3234,81,150,5.23
17723,3234,34,39,34.26
17724,3235,15,152,2.73
17725,3235,58,74,22.8
17726,3235,19,179,26.0
17727,3235,25,168,33.74
17728,3235,54,102,5.9
17729,3235,82,103,28.26
17730,3235,82,76,4.7
17731,3235,1,141,30.42
17732,3236,41,178,18.38
17733,3236,48,115,14.28
17734,3236,75,176,30.27
17735,3236,20,105,1.2
17736,3236,55,58,39.33
17737,3237,37,61,15.26
17738,3237,30,136,4.93
17739,3237,13,84,16.07
17740,3237,7,137,2.87
17741,3237,8,165,39.51
17742,3237,68,62,32.33
17743,3238,20,71,3.12
17744,3238,23,113,14.68
17745,3238,41,137,11.61
17746,3238,34,184,12.0
17747,3239,30,93,37.85
17748,3239,13,112,1.14
17749,3239,32,86,2.32
17750,3239,65,161,18.52
17751,3239,36,10,24.9
17752,3239,88,159,8.54
17753,3240,61,163,37.51
17754,3240,47,66,25.03
17755,3240,44,109,6.97
17756,3240,14,199,13.32
17757,3240,20,190,32.21
17758,3241,11,144,21.77
17759,3241,83,50,37.23
17760,3241,62,25,4.05
17761,3241,56,26,23.54
17762,3241,53,109,17.85
17763,3241,24,46,5.25
17764,3242,76,80,32.55
17765,3242,39,77,19.72
17766,3242,23,16,30.84
17767,3242,44,67,35.73
17768,3242,57,197,31.54
17769,3243,13,188,17.69
17770,3243,59,112,6.44
17771,3243,35,72,23.24
17772,3243,85,22,30.25
17773,3243,29,19,2.03
17774,3243,60,160,21.46
17775,3243,23,63,28.49
17776,3244,65,135,30.31
17777,3244,86,170,14.92
17778,3244,54,66,25.07
17779,3244,10,37,20.39
17780,3244,59,151,35.96
17781,3244,14,199,15.67
17782,3245,57,66,13.47
17783,3245,87,39,37.18
17784,3245,46,185,31.97
17785,3245,82,169,18.76
17786,3245,39,86,31.34
17787,3245,53,143,14.06
17788,3246,79,183,10.81
17789,3246,86,161,6.97
17790,3246,30,175,16.25
17791,3246,84,35,15.82
17792,3246,53,49,36.35
17793,3246,90,166,37.83
17794,3247,51,148,39.63
17795,3247,50,69,26.07
17796,3247,55,197,29.91
17797,3247,58,119,9.61
17798,3247,49,108,9.6
17799,3247,48,42,19.27
17800,3247,52,12,1.23
17801,3248,33,12,26.22
17802,3248,36,39,28.52
17803,3248,66,69,31.34
17804,3249,59,91,36.68
17805,3249,70,175,5.68
17806,3249,83,130,24.09
17807,3250,69,184,16.38
17808,3250,67,54,15.26
17809,3250,9,116,17.34
17810,3250,6,53,22.31
17811,3250,1,43,35.67
17812,3250,72,16,6.22
17813,3250,23,183,12.39
17814,3250,50,120,3.79
17815,3251,90,102,22.68
17816,3251,51,114,39.72
17817,3251,52,100,38.95
17818,3251,7,86,36.32
17819,3251,70,145,8.44
17820,3251,74,54,8.31
17821,3252,74,192,5.18
17822,3252,51,163,3.57
17823,3252,52,75,23.25
17824,3252,47,124,18.05
17825,3252,38,52,18.05
17826,3252,41,155,22.34
17827,3252,34,24,27.32
17828,3253,60,49,2.4
17829,3253,80,44,17.62
17830,3253,50,186,13.43
17831,3253,19,160,38.04
17832,3253,59,193,23.97
17833,3254,65,164,33.72
17834,3254,10,189,17.46
17835,3254,70,21,19.86
17836,3255,11,124,22.98
17837,3255,61,112,15.63
17838,3255,86,21,2.57
17839,3256,32,186,28.16
17840,3256,40,43,9.08
17841,3256,22,44,10.31
17842,3256,41,56,6.07
17843,3256,78,89,4.51
17844,3256,34,96,26.36
17845,3256,52,57,25.52
17846,3256,14,47,29.76
17847,3257,83,16,23.29
17848,3257,14,30,35.42
17849,3257,73,113,13.67
17850,3257,45,50,13.51
17851,3257,41,34,18.06
17852,3258,79,153,9.2
17853,3258,39,164,37.63
17854,3258,4,163,26.36
17855,3258,23,114,6.33
17856,3258,79,133,15.14
17857,3258,63,49,2.85
17858,3258,85,195,8.07
17859,3258,13,83,27.85
17860,3259,31,55,20.65
17861,3259,47,145,23.31
17862,3259,38,125,2.04
17863,3259,85,159,32.63
17864,3259,3,116,24.11
17865,3260,61,28,2.87
17866,3260,39,158,2.82
17867,3260,13,178,4.63
17868,3260,85,118,10.53
17869,3261,69,145,18.95
17870,3261,41,147,37.16
17871,3261,25,163,4.47
17872,3261,83,127,31.94
17873,3261,62,168,31.62
17874,3261,44,58,38.48
17875,3262,10,194,27.86
17876,3262,89,169,13.96
17877,3262,33,56,39.6
17878,3262,74,125,25.83
17879,3262,7,68,22.95
17880,3263,30,141,0.63
17881,3263,4,74,36.24
17882,3263,33,180,38.18
17883,3263,25,52,26.29
17884,3264,39,41,31.51
17885,3264,34,44,37.75
17886,3264,19,13,1.83
17887,3264,90,184,22.29
17888,3264,50,103,22.08
17889,3264,23,188,36.37
17890,3264,25,67,10.75
17891,3264,63,144,3.15
17892,3265,9,82,17.8
17893,3265,37,111,19.01
17894,3265,63,66,7.17
17895,3266,43,117,3.26
17896,3266,25,32,7.51
17897,3266,29,48,5.07
17898,3267,61,188,28.16
17899,3267,15,128,11.32
17900,3267,30,93,25.65
17901,3267,27,191,1.98
17902,3267,43,108,21.07
17903,3268,63,63,11.21
17904,3268,51,154,33.54
17905,3268,63,94,10.88
17906,3268,30,56,15.66
17907,3269,8,151,37.91
17908,3269,75,43,5.69
17909,3269,65,61,2.27
17910,3269,20,47,3.48
17911,3269,29,62,35.2
17912,3270,6,65,26.11
17913,3270,66,114,38.88
17914,3270,64,52,24.97
17915,3270,25,18,16.7
17916,3270,65,127,7.92
17917,3270,36,95,5.38
17918,3270,74,104,33.14
17919,3270,79,123,27.12
17920,3271,70,108,20.22
17921,3271,31,40,15.49
17922,3271,6,175,37.81
17923,3271,61,141,17.29
17924,3271,38,146,37.09
17925,3272,51,200,4.28
17926,3272,68,24,39.69
17927,3272,53,165,33.66
17928,3272,45,91,31.48
17929,3272,21,41,4.66
17930,3272,90,162,30.51
17931,3272,28,30,16.21
17932,3272,15,95,15.6
17933,3273,57,36,8.83
17934,3273,10,39,39.9
17935,3273,17,165,6.32
17936,3273,69,185,33.76
17937,3273,9,12,11.17
17938,3273,28,151,25.38
17939,3273,42,170,7.65
17940,3274,89,101,11.96
17941,3274,46,21,32.34
17942,3274,42,92,10.82
17943,3274,67,95,24.22
17944,3274,81,187,34.44
17945,3275,31,158,31.48
17946,3275,61,141,21.36
17947,3275,78,158,23.33
17948,3275,80,173,33.39
17949,3275,39,81,33.87
17950,3276,75,18,23.06
17951,3276,47,162,12.65
17952,3276,45,183,25.93
17953,3276,14,154,21.29
17954,3276,80,14,7.9
17955,3276,1,137,18.87
17956,3277,12,94,9.58
17957,3277,21,158,9.21
17958,3277,26,109,32.0
17959,3277,60,124,2.89
17960,3277,19,154,19.98
17961,3277,18,100,9.75
17962,3277,40,35,28.36
17963,3278,81,36,31.6
17964,3278,19,105,9.2
17965,3278,32,45,28.26
17966,3278,67,153,20.62
17967,3278,34,175,31.33
17968,3278,89,14,12.5
17969,3278,11,118,7.33
17970,3279,17,181,33.16
17971,3279,12,200,33.69
17972,3279,42,87,26.23
17973,3280,2,47,27.25
17974,3280,53,188,3.39
17975,3280,87,186,3.29
17976,3280,69,33,35.26
17977,3280,64,36,10.25
17978,3281,2,168,25.55
17979,3281,43,34,28.37
17980,3281,82,110,0.91
17981,3281,25,136,7.29
17982,3282,23,182,31.65
17983,3282,2,82,12.48
17984,3282,3,36,6.75
17985,3282,57,152,14.03
17986,3282,55,191,39.72
17987,3282,27,177,30.38
17988,3282,26,112,3.24
17989,3282,44,103,33.05
17990,3283,31,31,36.53
17991,3283,68,121,21.68
17992,3283,55,119,18.56
17993,3283,45,108,12.09
17994,3283,79,138,30.98
17995,3284,20,18,22.96
17996,3284,67,200,4.24
17997,3284,65,100,8.03
17998,3284,75,158,26.56
17999,3285,5,27,30.37
18000,3285,49,38,37.16
18001,3285,61,24,31.47
18002,3285,21,131,28.05
18003,3285,30,169,5.61
18004,3285,50,128,21.76
18005,3286,50,81,6.73
18006,3286,4,140,32.48
18007,3286,23,70,6.08
18008,3286,34,171,8.34
18009,3286,53,156,17.56
18010,3286,81,194,12.55
18011,3286,86,124,27.27
18012,3286,63,64,37.99
18013,3287,76,192,28.76
18014,3287,78,52,26.15
18015,3287,32,69,5.96
18016,3287,1,110,3.34
18017,3287,52,185,24.77
18018,3288,51,160,32.62
18019,3288,20,124,10.47
18020,3288,48,16,37.0
18021,3288,90,114,24.9
18022,3288,86,144,7.13
18023,3289,75,34,8.39
18024,3289,29,170,30.5
18025,3289,87,28,6.67
18026,3289,44,153,37.27
18027,3289,24,91,34.66
18028,3289,22,31,24.18
18029,3289,35,131,17.72
18030,3289,39,197,12.23
18031,3290,37,47,27.87
18032,3290,54,90,15.32
18033,3290,55,28,34.9
18034,3291,32,16,35.21
18035,3291,4,122,6.83
18036,3291,60,110,35.78
18037,3291,89,12,38.49
18038,3291,46,193,9.11
18039,3292,27,128,11.71
18040,3292,49,107,31.83
18041,3292,78,67,19.97
18042,3292,62,57,12.55
18043,3292,23,75,7.17
18044,3292,66,89,31.41
18045,3292,10,55,33.94
18046,3293,18,198,20.43
18047,3293,55,37,6.8
18048,3293,75,166,34.73
18049,3294,73,163,33.83
18050,3294,85,139,3.39
18051,3294,40,187,34.24
18052,3294,53,190,22.28
18053,3294,23,127,14.21
18054,3294,12,195,0.92
18055,3294,5,153,17.3
18056,3295,51,138,38.48
18057,3295,67,28,1.69
18058,3295,21,80,18.68
18059,3295,50,98,36.68
18060,3295,79,59,25.34
18061,3295,90,147,29.7
18062,3295,41,27,37.23
18063,3296,46,42,20.34
18064,3296,62,138,17.13
18065,3296,39,128,30.77
18066,3297,49,45,36.82
18067,3297,20,179,9.96
18068,3297,49,42,19.92
18069,3297,4,112,15.16
18070,3297,32,182,22.61
18071,3297,27,130,21.83
18072,3297,43,109,27.74
18073,3298,47,176,37.28
18074,3298,21,160,39.28
18075,3298,40,102,22.03
18076,3298,73,116,9.15
18077,3299,38,22,13.91
18078,3299,6,24,11.46
18079,3299,41,32,29.99
18080,3299,3,197,16.27
18081,3300,48,152,20.78
18082,3300,75,90,22.97
18083,3300,83,76,8.84
18084,3301,81,140,10.22
18085,3301,20,105,33.15
18086,3301,8,53,4.87
18087,3301,53,148,30.08
18088,3301,52,180,32.82
18089,3301,21,147,24.57
18090,3301,90,56,21.22
18091,3302,51,99,35.6
18092,3302,85,160,26.64
18093,3302,13,192,19.55
18094,3302,15,103,39.65
18095,3302,87,151,28.1
18096,3302,50,32,29.74
18097,3302,9,90,10.03
18098,3303,82,88,11.75
18099,3303,26,82,18.92
18100,3303,37,68,2.57
18101,3303,38,174,6.1
18102,3303,60,150,30.01
18103,3303,35,97,32.15
18104,3304,43,99,16.26
18105,3304,83,29,35.81
18106,3304,1,162,39.21
18107,3305,57,140,19.99
18108,3305,55,116,1.58
18109,3305,10,130,37.34
18110,3305,21,183,38.03
18111,3305,49,34,34.7
18112,3306,3,125,12.05
18113,3306,70,194,1.63
18114,3306,59,163,20.17
18115,3306,90,44,37.82
18116,3307,76,167,17.38
18117,3307,75,88,16.11
18118,3307,48,49,4.68
18119,3308,51,90,22.46
18120,3308,89,149,21.66
18121,3308,26,151,17.24
18122,3308,38,87,33.78
18123,3308,89,152,1.39
18124,3308,51,143,11.31
18125,3308,39,105,18.92
18126,3308,74,100,39.94
18127,3309,82,118,28.82
18128,3309,74,162,39.6
18129,3309,83,43,21.41
18130,3309,45,118,3.81
18131,3309,84,15,5.44
18132,3310,52,65,24.0
18133,3310,12,110,28.59
18134,3310,80,82,31.25
18135,3310,64,62,38.89
18136,3310,74,125,16.03
18137,3310,60,184,27.93
18138,3311,64,37,21.56
18139,3311,11,182,37.42
18140,3311,46,68,11.02
18141,3311,75,120,4.75
18142,3311,82,157,36.24
18143,3312,12,134,12.98
18144,3312,28,82,32.93
18145,3312,8,115,2.47
18146,3313,24,120,24.79
18147,3313,80,117,36.98
18148,3313,21,126,31.63
18149,3313,65,188,33.45
18150,3313,31,64,7.42
18151,3313,23,107,36.94
18152,3314,53,142,7.39
18153,3314,25,117,23.47
18154,3314,10,42,35.56
18155,3314,6,120,19.17
18156,3314,89,167,18.23
18157,3314,55,127,5.26
18158,3314,48,118,23.6
18159,3315,10,50,24.94
18160,3315,70,64,38.11
18161,3315,76,75,27.59
18162,3316,50,16,19.76
18163,3316,14,99,2.17
18164,3316,56,173,27.96
18165,3316,51,98,36.58
18166,3316,71,94,36.23
18167,3317,48,130,27.95
18168,3317,66,112,21.59
18169,3317,43,168,7.7
18170,3317,20,42,34.7
18171,3317,7,14,30.89
18172,3318,58,88,25.85
18173,3318,39,79,5.85
18174,3318,8,31,20.55
18175,3318,1,63,36.83
18176,3318,19,10,28.84
18177,3318,71,129,34.0
18178,3318,23,27,37.01
18179,3318,4,81,33.47
18180,3319,83,17,38.39
18181,3319,86,152,5.27
18182,3319,63,166,15.82
18183,3319,16,30,38.25
18184,3319,62,37,6.3
18185,3319,6,77,15.89
18186,3320,47,164,24.56
18187,3320,1,200,27.14
18188,3320,13,114,26.97
18189,3320,46,149,32.75
18190,3320,14,67,17.17
18191,3320,53,189,6.97
18192,3321,49,26,27.55
18193,3321,18,35,9.89
18194,3321,3,191,28.08
18195,3321,4,156,37.1
18196,3321,31,164,23.16
18197,3321,63,150,8.17
18198,3321,38,145,22.11
18199,3322,72,47,10.77
18200,3322,57,87,1.11
18201,3322,60,155,27.77
18202,3322,39,63,12.77
18203,3322,37,38,26.99
18204,3322,60,104,15.38
18205,3322,50,32,33.33
18206,3322,77,111,7.84
18207,3323,24,168,15.25
18208,3323,15,182,38.08
18209,3323,76,133,32.49
18210,3323,11,20,30.68
18211,3323,18,36,15.99
18212,3323,65,190,0.68
18213,3323,72,127,6.43
18214,3324,43,178,3.49
18215,3324,15,168,9.36
18216,3324,68,147,8.95
18217,3324,87,25,24.31
18218,3324,35,97,25.25
18219,3324,12,111,26.78
18220,3324,61,57,24.24
18221,3324,11,163,37.71
18222,3325,12,153,14.94
18223,3325,8,99,6.82
18224,3325,30,38,3.59
18225,3326,53,135,36.95
18226,3326,24,80,4.75
18227,3326,66,109,36.99
18228,3326,4,189,10.31
18229,3326,67,89,5.43
18230,3327,78,170,28.6
18231,3327,21,56,10.95
18232,3327,23,186,35.08
18233,3327,33,77,1.58
18234,3327,52,120,37.09
18235,3327,11,98,23.16
18236,3327,23,187,5.55
18237,3328,90,182,11.46
18238,3328,70,108,3.1
18239,3328,25,153,7.14
18240,3328,44,186,23.73
18241,3328,38,66,7.47
18242,3328,10,39,28.48
18243,3329,8,98,3.54
18244,3329,23,24,21.32
18245,3329,5,151,16.85
18246,3329,58,141,0.58
18247,3329,64,38,8.39
18248,3329,29,142,28.88
18249,3330,34,49,36.3
18250,3330,89,101,18.84
18251,3330,29,120,14.87
18252,3330,48,158,7.88
18253,3331,24,132,33.76
18254,3331,74,50,24.25
18255,3331,90,77,28.48
18256,3331,74,200,24.81
18257,3331,10,27,29.28
18258,3331,19,31,26.15
18259,3331,30,132,2.52
18260,3331,90,120,29.1
18261,3332,89,131,7.65
18262,3332,64,23,6.47
18263,3332,38,30,2.0
18264,3332,22,116,6.9
18265,3332,3,146,8.66
18266,3332,71,62,33.46
18267,3333,29,173,5.32
18268,3333,74,70,21.67
18269,3333,33,27,31.39
18270,3333,32,33,27.25
18271,3333,67,162,7.12
18272,3334,30,160,18.77
18273,3334,73,148,21.02
18274,3334,23,145,18.29
18275,3335,6,87,6.06
18276,3335,30,139,19.03
18277,3335,52,139,35.91
18278,3335,76,11,1.05
18279,3335,62,182,29.66
18280,3335,79,119,11.63
18281,3335,59,126,29.62
18282,3335,78,128,21.43
18283,3336,76,168,39.49
18284,3336,25,144,13.24
18285,3336,40,27,9.42
18286,3336,59,170,26.12
18287,3337,16,159,14.67
18288,3337,36,53,27.01
18289,3337,27,76,10.59
18290,3337,23,105,28.85
18291,3337,84,139,38.18
18292,3337,43,26,0.87
18293,3337,68,165,6.51
18294,3337,14,123,4.29
18295,3338,58,80,21.65
18296,3338,32,30,13.91
18297,3338,81,162,17.62
18298,3338,87,111,28.07
18299,3338,72,200,18.22
18300,3338,18,96,10.41
18301,3338,64,137,13.56
18302,3338,66,150,5.17
18303,3339,29,104,8.0
18304,3339,36,130,21.2
18305,3339,15,12,33.96
18306,3339,85,40,31.83
18307,3339,20,39,38.99
18308,3339,67,155,34.88
18309,3339,62,75,31.35
18310,3340,54,153,27.85
18311,3340,90,98,27.28
18312,3340,10,109,11.86
18313,3341,7,171,11.2
18314,3341,36,97,5.08
18315,3341,89,106,11.9
18316,3341,74,56,9.93
18317,3341,4,107,27.94
18318,3341,55,26,34.08
18319,3342,84,79,31.38
18320,3342,38,51,38.83
18321,3342,21,78,34.4
18322,3342,60,40,24.18
18323,3342,8,107,28.73
18324,3342,84,85,33.09
18325,3343,75,16,30.93
18326,3343,62,100,8.11
18327,3343,69,177,22.78
18328,3343,27,51,29.17
18329,3343,27,94,26.84
18330,3343,47,39,9.81
18331,3343,29,27,36.18
18332,3343,53,200,24.11
18333,3344,24,80,16.9
18334,3344,29,99,14.56
18335,3344,54,167,20.1
18336,3344,67,59,26.45
18337,3345,21,23,12.67
18338,3345,73,137,34.32
18339,3345,65,141,22.18
18340,3345,35,46,18.88
18341,3345,15,198,15.35
18342,3345,80,118,13.0
18343,3346,28,163,34.43
18344,3346,21,143,10.8
18345,3346,27,78,19.73
18346,3346,77,112,12.34
18347,3346,48,187,11.02
18348,3347,67,162,23.87
18349,3347,39,48,13.93
18350,3347,21,141,7.96
18351,3347,75,69,0.72
18352,3347,81,151,1.69
18353,3347,13,175,26.91
18354,3348,84,58,22.92
18355,3348,25,196,1.17
18356,3348,22,19,27.94
18357,3349,22,180,8.52
18358,3349,55,180,5.36
18359,3349,7,29,22.03
18360,3349,55,27,23.47
18361,3349,32,196,37.11
18362,3349,56,183,11.19
18363,3350,43,148,1.77
18364,3350,47,200,36.5
18365,3350,66,89,2.33
18366,3350,83,136,36.38
18367,3350,31,100,1.91
18368,3350,16,141,31.51
18369,3350,39,160,18.67
18370,3351,24,52,39.33
18371,3351,41,100,16.55
18372,3351,29,68,17.18
18373,3351,85,11,38.19
18374,3352,12,137,25.41
18375,3352,85,44,39.99
18376,3352,14,40,34.2
18377,3352,23,146,23.17
18378,3353,3,49,18.41
18379,3353,79,14,14.39
18380,3353,83,143,3.96
18381,3354,7,191,13.65
18382,3354,18,72,39.09
18383,3354,28,19,23.83
18384,3354,59,157,29.76
18385,3354,58,113,37.99
18386,3354,68,96,29.18
18387,3354,26,76,31.75
18388,3354,50,80,13.33
18389,3355,52,62,38.66
18390,3355,62,63,10.31
18391,3355,2,20,9.3
18392,3355,1,79,18.52
18393,3355,49,180,16.5
18394,3356,23,103,10.27
18395,3356,83,21,39.28
18396,3356,17,172,21.29
18397,3356,81,32,23.92
18398,3356,2,10,4.79
18399,3356,18,160,14.09
18400,3356,7,134,26.72
18401,3356,65,36,21.65
18402,3357,45,116,33.13
18403,3357,84,70,18.3
18404,3357,64,19,25.45
18405,3357,89,70,25.79
18406,3357,61,59,30.74
18407,3357,59,190,15.01
18408,3358,42,99,29.81
18409,3358,55,199,7.03
18410,3358,20,184,21.65
18411,3358,39,127,30.64
18412,3359,79,134,12.62
18413,3359,74,10,23.23
18414,3359,12,175,6.59
18415,3360,72,35,15.07
18416,3360,39,34,21.99
18417,3360,48,169,33.09
18418,3360,39,24,2.78
18419,3360,66,164,32.22
18420,3361,33,108,22.75
18421,3361,35,181,11.25
18422,3361,41,106,29.9
18423,3361,73,129,38.32
18424,3361,47,104,17.42
18425,3361,9,51,10.21
18426,3361,3,21,39.35
18427,3362,4,85,1.5
18428,3362,12,101,1.51
18429,3362,56,52,23.95
18430,3362,35,53,1.42
18431,3362,19,200,4.81
18432,3362,18,57,2.16
18433,3362,39,66,10.6
18434,3363,39,31,27.09
18435,3363,71,177,14.7
18436,3363,59,196,20.73
18437,3363,28,83,4.86
18438,3364,6,193,28.26
18439,3364,29,90,19.97
18440,3364,82,64,15.91
18441,3364,9,138,18.06
18442,3365,76,102,8.75
18443,3365,88,103,36.35
18444,3365,21,92,21.57
18445,3365,32,91,13.28
18446,3365,80,156,13.95
18447,3365,41,79,4.66
18448,3365,38,73,17.13
18449,3366,64,42,35.65
18450,3366,31,10,39.4
18451,3366,66,85,22.56
18452,3366,52,197,1.79
18453,3366,34,176,5.19
18454,3366,39,86,29.66
18455,3366,47,186,2.47
18456,3367,64,94,28.13
18457,3367,74,184,2.43
18458,3367,42,101,38.31
18459,3367,68,149,0.54
18460,3368,37,95,11.23
18461,3368,1,170,13.16
18462,3368,85,175,7.65
18463,3368,78,109,14.09
18464,3368,62,21,33.93
18465,3368,33,131,16.73
18466,3368,65,25,24.53
18467,3369,31,90,2.64
18468,3369,13,144,9.87
18469,3369,40,17,7.7
18470,3369,47,102,10.84
18471,3369,63,183,2.59
18472,3369,36,55,35.47
18473,3369,76,96,1.31
18474,3370,70,67,12.32
18475,3370,20,36,5.37
18476,3370,35,98,12.27
18477,3370,74,143,2.13
18478,3370,81,171,11.86
18479,3370,4,111,14.7
18480,3371,80,118,16.73
18481,3371,56,60,12.74
18482,3371,16,116,15.35
18483,3372,58,58,34.07
18484,3372,74,20,10.81
18485,3372,44,173,12.18
18486,3372,54,57,32.32
18487,3372,25,30,24.22
18488,3372,81,64,3.42
18489,3373,6,152,5.41
18490,3373,88,20,9.07
18491,3373,63,130,8.05
18492,3373,71,16,35.58
18493,3373,58,199,20.23
18494,3373,72,163,31.48
18495,3373,67,34,34.43
18496,3373,89,113,22.3
18497,3374,54,108,37.69
18498,3374,66,179,20.53
18499,3374,26,60,37.56
18500,3374,56,92,1.78
18501,3374,70,64,9.39
18502,3374,69,26,26.72
18503,3374,63,45,31.65
18504,3374,78,21,4.77
18505,3375,26,162,9.59
18506,3375,49,169,20.91
18507,3375,67,77,19.4
18508,3375,32,141,35.09
18509,3375,32,161,13.0
18510,3376,48,194,20.93
18511,3376,12,96,30.94
18512,3376,86,104,21.09
18513,3376,74,115,6.54
18514,3377,29,19,6.91
18515,3377,15,194,24.53
18516,3377,49,178,21.67
18517,3377,52,25,33.88
18518,3378,42,186,14.89
18519,3378,46,22,14.15
18520,3378,81,149,4.13
18521,3378,60,183,37.04
18522,3378,12,87,6.79
18523,3379,30,115,20.03
18524,3379,1,75,25.36
18525,3379,90,32,3.93
18526,3379,65,20,2.61
18527,3379,23,174,34.75
18528,3380,42,178,23.77
18529,3380,34,144,23.91
18530,3380,52,78,6.02
18531,3380,20,135,13.88
18532,3381,75,27,0.76
18533,3381,30,123,7.41
18534,3381,46,114,14.09
18535,3381,29,63,20.12
18536,3381,33,59,34.0
18537,3381,70,151,24.51
18538,3382,4,53,10.4
18539,3382,3,28,32.24
18540,3382,58,128,15.33
18541,3383,48,181,23.5
18542,3383,61,149,19.16
18543,3383,39,38,4.34
18544,3383,65,89,20.3
18545,3384,23,134,10.51
18546,3384,81,48,3.57
18547,3384,80,75,2.67
18548,3384,37,131,22.5
18549,3384,73,181,3.91
18550,3384,56,132,4.87
18551,3384,9,171,16.99
18552,3384,38,160,26.9
18553,3385,20,108,34.99
18554,3385,89,145,27.67
18555,3385,17,125,35.25
18556,3385,40,32,12.61
18557,3385,83,98,0.63
18558,3385,60,71,35.0
18559,3385,28,60,35.73
18560,3385,78,143,19.33
18561,3386,36,53,36.46
18562,3386,70,102,30.1
18563,3386,64,25,12.04
18564,3386,58,170,26.78
18565,3387,27,178,12.13
18566,3387,34,133,10.67
18567,3387,56,96,22.92
18568,3387,32,35,3.78
18569,3387,10,105,5.52
18570,3387,22,194,3.42
18571,3388,46,148,21.54
18572,3388,21,60,17.31
18573,3388,72,144,16.77
18574,3388,5,140,26.46
18575,3388,23,69,6.35
18576,3388,48,35,3.32
18577,3388,85,159,13.48
18578,3389,34,157,27.45
18579,3389,37,102,18.26
18580,3389,27,30,19.05
18581,3389,70,178,4.56
18582,3389,12,177,8.98
18583,3389,21,81,19.06
18584,3389,62,58,2.74
18585,3389,13,84,3.61
18586,3390,57,80,28.49
18587,3390,88,80,39.67
18588,3390,48,176,5.34
18589,3390,57,69,30.43
18590,3390,25,11,3.15
18591,3391,59,110,15.07
18592,3391,68,33,38.36
18593,3391,48,198,22.76
18594,3391,54,110,37.3
18595,3391,46,95,25.62
18596,3391,12,122,6.23
18597,3391,72,109,10.4
18598,3392,7,39,19.47
18599,3392,12,87,37.56
18600,3392,21,54,32.72
18601,3392,17,165,38.53
18602,3392,89,82,13.56
18603,3392,13,154,16.52
18604,3393,38,35,22.12
18605,3393,2,95,11.09
18606,3393,2,17,21.0
18607,3393,29,142,29.56
18608,3393,2,180,26.69
18609,3394,60,167,16.22
18610,3394,14,188,24.73
18611,3394,5,171,24.82
18612,3395,74,188,3.65
18613,3395,13,36,22.46
18614,3395,64,15,39.07
18615,3395,85,143,18.64
18616,3395,10,95,18.18
18617,3396,63,27,17.23
18618,3396,42,120,19.15
18619,3396,87,157,21.28
18620,3396,56,120,19.94
18621,3396,70,146,13.53
18622,3396,55,150,7.53
18623,3397,84,142,14.95
18624,3397,79,86,32.43
18625,3397,9,96,37.94
18626,3397,37,189,3.79
18627,3398,75,152,13.93
18628,3398,14,149,22.35
18629,3398,12,30,15.53
18630,3398,63,146,19.85
18631,3398,35,140,39.54
18632,3398,72,92,5.11
18633,3398,33,167,35.87
18634,3399,85,35,27.99
18635,3399,49,156,13.0
18636,3399,4,45,8.08
18637,3399,26,197,11.85
18638,3399,24,185,15.71
18639,3399,26,166,26.34
18640,3400,13,66,32.62
18641,3400,82,172,24.66
18642,3400,46,128,1.37
18643,3400,14,118,22.11
18644,3400,38,98,3.1
18645,3400,19,53,29.43
18646,3401,57,147,24.76
18647,3401,25,21,8.52
18648,3401,15,85,29.35
18649,3401,51,23,11.36
18650,3401,74,111,35.04
18651,3401,24,198,36.59
18652,3401,19,154,38.47
18653,3402,57,119,7.14
18654,3402,1,195,22.83
18655,3402,47,61,7.66
18656,3402,57,43,17.86
18657,3403,51,128,15.06
18658,3403,36,158,26.08
18659,3403,47,157,20.16
18660,3403,3,71,18.54
18661,3403,86,71,19.17
18662,3403,33,105,39.32
18663,3404,1,193,16.33
18664,3404,18,154,10.78
18665,3404,16,123,36.96
18666,3404,7,81,37.75
18667,3405,39,44,18.11
18668,3405,80,31,36.45
18669,3405,9,119,36.35
18670,3405,28,125,27.9
18671,3405,67,17,1.91
18672,3405,58,47,0.56
18673,3405,89,196,21.46
18674,3406,75,123,22.72
18675,3406,63,10,30.8
18676,3406,57,131,2.04
18677,3406,9,90,26.87
18678,3407,37,73,3.95
18679,3407,17,168,23.15
18680,3407,19,34,1.35
18681,3407,28,113,19.13
18682,3407,34,19,1.9
18683,3408,34,47,20.13
18684,3408,76,141,9.0
18685,3408,89,141,34.23
18686,3408,70,25,9.87
18687,3408,36,58,1.66
18688,3408,59,36,12.42
18689,3408,70,150,25.87
18690,3408,6,94,30.0
18691,3409,17,136,25.66
18692,3409,88,163,22.01
18693,3409,51,142,15.07
18694,3409,71,34,24.0
18695,3409,64,81,20.5
18696,3409,88,189,31.69
18697,3409,54,177,17.85
18698,3410,25,53,31.74
18699,3410,52,75,7.02
18700,3410,43,12,12.46
18701,3410,36,128,4.2
18702,3411,47,149,22.02
18703,3411,39,23,38.72
18704,3411,53,121,31.85
18705,3411,20,79,14.13
18706,3411,11,27,17.6
18707,3411,5,35,6.7
18708,3412,14,35,27.78
18709,3412,7,126,16.19
18710,3412,13,15,23.59
18711,3412,52,166,26.15
18712,3412,21,114,29.49
18713,3412,12,106,22.66
18714,3412,61,56,29.38
18715,3413,9,89,3.18
18716,3413,5,161,5.67
18717,3413,33,64,7.69
18718,3413,46,86,0.67
18719,3414,90,109,11.77
18720,3414,74,110,29.93
18721,3414,63,54,30.8
18722,3414,59,45,32.25
18723,3414,87,63,3.2
18724,3414,72,155,19.89
18725,3414,56,22,12.69
18726,3415,57,82,37.28
18727,3415,46,131,3.4
18728,3415,80,29,26.85
18729,3415,88,132,8.4
18730,3416,19,33,4.42
18731,3416,4,128,26.42
18732,3416,10,69,38.64
18733,3416,85,107,32.94
18734,3416,77,43,33.12
18735,3417,67,66,34.03
18736,3417,38,54,18.76
18737,3417,29,196,10.97
18738,3417,39,135,2.74
18739,3418,17,90,27.96
18740,3418,13,117,29.11
18741,3418,38,22,31.85
18742,3418,36,138,36.27
18743,3419,16,78,9.27
18744,3419,36,190,28.71
18745,3419,47,119,12.66
18746,3419,51,65,24.34
18747,3419,11,138,2.16
18748,3420,27,71,14.48
18749,3420,64,101,25.65
18750,3420,79,192,19.35
18751,3420,35,162,18.97
18752,3420,52,127,14.56
18753,3420,36,106,26.57
18754,3421,33,157,28.72
18755,3421,29,87,28.25
18756,3421,14,110,36.72
18757,3421,36,13,8.89
18758,3421,39,46,6.88
18759,3421,55,189,10.61
18760,3422,37,194,39.92
18761,3422,89,172,5.76
18762,3422,40,112,4.26
18763,3422,3,82,23.1
18764,3422,25,90,37.8
18765,3422,6,23,13.71
18766,3422,65,35,30.69
18767,3422,72,59,17.19
18768,3423,75,24,13.25
18769,3423,86,31,21.71
18770,3423,30,133,16.8
18771,3423,27,168,18.56
18772,3423,5,19,13.17
18773,3423,69,65,30.74
18774,3424,46,19,38.76
18775,3424,76,94,2.83
18776,3424,28,92,11.26
18777,3424,48,38,8.77
18778,3424,56,80,1.98
18779,3424,90,165,35.66
18780,3425,6,180,27.27
18781,3425,43,159,13.19
18782,3425,25,35,6.22
18783,3425,90,34,14.72
18784,3425,74,101,23.2
18785,3425,48,156,31.13
18786,3425,35,27,24.5
18787,3425,57,38,17.62
18788,3426,6,40,22.06
18789,3426,14,175,19.08
18790,3426,1,62,5.63
18791,3426,6,181,10.33
18792,3426,89,100,8.44
18793,3426,26,111,3.3
18794,3427,75,49,33.02
18795,3427,84,117,13.85
18796,3427,40,149,5.27
18797,3427,9,35,34.64
18798,3427,38,114,22.34
18799,3427,23,107,5.06
18800,3428,23,41,15.31
18801,3428,70,75,14.33
18802,3428,27,102,13.37
18803,3429,29,32,8.35
18804,3429,14,48,5.13
18805,3429,10,194,35.95
18806,3429,24,89,8.32
18807,3429,86,107,15.49
18808,3429,50,42,33.21
18809,3430,11,95,9.47
18810,3430,36,76,1.07
18811,3430,50,10,3.54
18812,3430,38,117,29.25
18813,3431,71,80,24.04
18814,3431,37,75,37.39
18815,3431,48,66,24.95
18816,3431,55,25,1.6
18817,3431,38,142,4.81
18818,3431,26,185,7.96
18819,3431,31,64,38.45
18820,3431,32,119,36.39
18821,3432,15,138,1.66
18822,3432,1,124,26.7
18823,3432,50,104,21.64
18824,3432,44,93,10.81
18825,3432,31,139,17.32
18826,3433,88,97,30.81
18827,3433,63,166,0.58
18828,3433,44,11,19.43
18829,3433,27,20,28.25
18830,3434,73,74,38.25
18831,3434,87,145,12.89
18832,3434,32,109,17.33
18833,3434,57,59,4.36
18834,3435,23,186,21.0
18835,3435,32,62,22.02
18836,3435,59,95,12.66
18837,3435,3,40,26.91
18838,3435,24,31,11.85
18839,3435,46,165,33.09
18840,3435,25,168,9.48
18841,3435,34,51,36.01
18842,3436,66,40,30.85
18843,3436,54,104,29.85
18844,3436,49,13,12.11
18845,3436,23,152,26.48
18846,3436,37,88,18.68
18847,3436,3,108,11.58
18848,3436,11,62,9.97
18849,3437,76,49,11.09
18850,3437,37,43,9.66
18851,3437,42,21,16.53
18852,3437,67,89,9.0
18853,3437,76,73,23.83
18854,3437,29,180,33.24
18855,3437,80,109,1.55
18856,3438,70,190,6.33
18857,3438,80,38,24.18
18858,3438,75,85,19.08
18859,3438,90,200,20.34
18860,3439,47,117,28.81
18861,3439,2,59,26.72
18862,3439,84,172,33.64
18863,3439,70,115,20.42
18864,3439,50,102,23.51
18865,3440,15,171,7.48
18866,3440,83,115,12.15
18867,3440,37,143,33.45
18868,3440,17,127,20.07
18869,3440,73,197,29.22
18870,3440,78,30,38.09
18871,3440,16,169,30.09
18872,3441,39,89,27.33
18873,3441,61,51,23.35
18874,3441,16,148,20.35
18875,3441,37,89,2.21
18876,3441,15,75,18.16
18877,3441,90,10,22.49
18878,3442,61,176,6.16
18879,3442,66,149,5.77
18880,3442,85,142,10.71
18881,3443,16,173,32.36
18882,3443,4,77,14.76
18883,3443,79,33,39.07
18884,3443,70,165,22.83
18885,3443,15,51,4.81
18886,3443,87,132,36.15
18887,3444,55,195,29.88
18888,3444,51,97,5.4
18889,3444,65,65,31.45
18890,3444,61,16,12.47
18891,3444,6,191,6.98
18892,3445,89,51,14.83
18893,3445,49,140,7.82
18894,3445,18,11,37.15
18895,3445,29,104,20.82
18896,3445,31,167,25.37
18897,3445,57,168,26.6
18898,3445,11,169,31.85
18899,3445,88,120,25.54
18900,3446,5,103,14.81
18901,3446,73,129,7.36
18902,3446,47,162,3.0
18903,3446,73,180,25.17
18904,3446,67,90,31.13
18905,3447,20,166,17.84
18906,3447,5,56,14.92
18907,3447,75,151,11.7
18908,3447,72,91,36.57
18909,3447,37,44,6.73
18910,3447,5,92,12.13
18911,3447,65,195,36.24
18912,3448,77,139,26.45
18913,3448,88,154,16.38
18914,3448,31,73,26.25
18915,3448,87,185,9.81
18916,3449,28,47,8.64
18917,3449,1,170,3.43
18918,3449,11,165,39.02
18919,3449,46,101,35.07
18920,3449,62,120,7.96
18921,3449,77,105,26.14
18922,3449,16,110,34.22
18923,3449,17,28,35.09
18924,3450,72,199,15.37
18925,3450,64,82,32.75
18926,3450,7,70,25.9
18927,3450,28,115,16.03
18928,3450,67,119,26.88
18929,3451,66,126,33.2
18930,3451,88,126,13.68
18931,3451,65,76,36.36
18932,3451,3,95,9.44
18933,3451,9,146,25.26
18934,3451,53,94,22.07
18935,3451,24,57,20.52
18936,3451,82,130,15.92
18937,3452,35,116,2.79
18938,3452,32,85,4.05
18939,3452,48,153,37.72
18940,3452,72,54,32.27
18941,3452,58,17,33.7
18942,3452,48,32,19.33
18943,3453,89,154,18.07
18944,3453,44,13,33.88
18945,3453,3,164,19.33
18946,3453,55,78,37.97
18947,3453,34,22,32.17
18948,3453,89,131,26.57
18949,3453,10,173,7.36
18950,3453,42,68,32.09
18951,3454,43,170,13.71
18952,3454,34,171,1.69
18953,3454,18,122,22.63
18954,3454,87,196,7.79
18955,3454,15,102,22.32
18956,3455,84,68,23.98
18957,3455,25,38,3.45
18958,3455,56,173,25.01
18959,3455,82,185,33.64
18960,3455,16,100,32.25
18961,3455,19,62,10.88
18962,3455,8,150,22.81
18963,3456,28,134,34.39
18964,3456,50,108,32.41
18965,3456,2,178,35.03
18966,3457,7,97,28.82
18967,3457,8,192,17.08
18968,3457,4,100,4.27
18969,3457,70,68,7.53
18970,3457,36,15,33.19
18971,3457,13,178,12.11
18972,3458,3,79,8.48
18973,3458,67,154,35.58
18974,3458,25,92,9.39
18975,3458,59,58,29.68
18976,3458,38,120,4.81
18977,3458,86,101,6.67
18978,3458,38,176,28.52
18979,3459,38,151,33.03
18980,3459,14,45,16.88
18981,3459,71,154,5.76
18982,3460,82,54,19.13
18983,3460,69,62,34.06
18984,3460,84,167,16.69
18985,3460,65,149,13.29
18986,3460,4,193,37.07
18987,3461,66,171,33.99
18988,3461,57,23,38.45
18989,3461,28,30,24.97
18990,3461,63,155,26.8
18991,3461,55,94,22.83
18992,3461,24,171,10.14
18993,3462,78,75,24.86
18994,3462,1,128,26.26
18995,3462,71,89,13.49
18996,3462,65,77,10.39
18997,3462,84,194,2.95
18998,3462,22,69,2.8
18999,3462,61,39,35.2
19000,3462,40,177,15.75
19001,3463,87,48,22.47
19002,3463,2,29,39.94
19003,3463,65,73,18.06
19004,3463,79,27,1.75
19005,3463,10,149,28.62
19006,3463,70,34,27.96
19007,3463,29,131,21.36
19008,3463,15,38,2.24
19009,3464,83,78,11.45
19010,3464,33,75,12.98
19011,3464,30,182,5.8
19012,3464,52,130,5.79
19013,3464,89,26,22.73
19014,3464,43,29,38.35
19015,3464,12,11,22.95
19016,3464,47,195,27.61
19017,3465,82,43,3.3
19018,3465,44,101,4.0
19019,3465,56,54,27.38
19020,3465,2,10,0.77
19021,3465,66,148,30.07
19022,3465,84,130,25.87
19023,3465,39,200,31.6
19024,3466,22,50,7.56
19025,3466,48,93,37.71
19026,3466,55,158,38.6
19027,3466,88,58,3.59
19028,3466,36,154,9.65
19029,3466,37,147,22.56
19030,3467,19,128,16.94
19031,3467,10,161,27.17
19032,3467,78,194,2.11
19033,3467,58,130,18.33
19034,3468,41,186,32.52
19035,3468,59,178,13.08
19036,3468,75,66,8.73
19037,3468,70,90,5.02
19038,3469,38,157,11.33
19039,3469,86,15,20.05
19040,3469,56,131,5.81
19041,3469,76,127,31.02
19042,3469,67,147,38.93
19043,3469,14,144,38.75
19044,3469,19,34,30.38
19045,3469,7,122,15.42
19046,3470,69,178,25.53
19047,3470,88,128,39.77
19048,3470,6,74,6.19
19049,3470,29,187,17.8
19050,3470,60,114,23.93
19051,3471,48,79,23.71
19052,3471,49,17,36.03
19053,3471,63,11,7.45
19054,3471,82,130,8.98
19055,3472,71,17,14.75
19056,3472,15,49,5.08
19057,3472,56,56,24.32
19058,3472,87,108,21.14
19059,3473,22,144,22.77
19060,3473,8,177,32.42
19061,3473,22,111,21.92
19062,3473,88,84,11.98
19063,3473,1,171,26.35
19064,3474,43,139,38.88
19065,3474,78,71,39.37
19066,3474,10,169,3.55
19067,3474,30,58,29.48
19068,3474,36,86,5.5
19069,3474,62,164,13.35
19070,3474,27,86,38.32
19071,3475,33,99,30.05
19072,3475,37,89,16.88
19073,3475,34,16,34.33
19074,3475,40,185,30.75
19075,3475,84,84,39.88
19076,3475,13,113,37.3
19077,3476,13,134,2.67
19078,3476,8,66,9.15
19079,3476,76,14,10.66
19080,3476,57,78,32.01
19081,3476,15,43,30.07
19082,3477,48,182,30.41
19083,3477,4,187,33.35
19084,3477,42,117,23.94
19085,3478,72,180,23.47
19086,3478,81,137,2.56
19087,3478,65,138,0.96
19088,3478,19,80,6.44
19089,3478,8,132,13.52
19090,3478,3,153,37.65
19091,3478,57,128,6.26
19092,3478,49,163,17.24
19093,3479,36,168,12.95
19094,3479,67,188,38.44
19095,3479,56,25,4.03
19096,3479,42,192,1.91
19097,3480,74,27,28.62
19098,3480,89,109,14.33
19099,3480,56,137,31.61
19100,3480,75,53,38.39
19101,3480,19,122,3.07
19102,3481,52,33,19.58
19103,3481,66,117,19.08
19104,3481,86,159,17.5
19105,3481,31,188,28.68
19106,3482,56,75,21.88
19107,3482,41,76,18.77
19108,3482,32,66,5.8
19109,3483,75,190,16.62
19110,3483,33,151,35.31
19111,3483,30,14,33.8
19112,3483,39,184,38.75
19113,3483,31,108,35.2
19114,3483,48,174,36.84
19115,3483,73,39,26.89
19116,3483,32,174,29.24
19117,3484,11,147,20.24
19118,3484,49,52,36.77
19119,3484,1,81,36.94
19120,3484,49,33,1.59
19121,3484,9,18,17.67
19122,3484,88,189,3.07
19123,3484,45,200,20.54
19124,3485,68,166,8.51
19125,3485,20,156,28.0
19126,3485,56,93,8.12
19127,3486,46,14,26.97
19128,3486,71,28,22.68
19129,3486,72,102,35.06
19130,3486,30,128,12.38
19131,3486,26,108,26.02
19132,3487,22,179,26.57
19133,3487,50,34,38.58
19134,3487,68,164,27.23
19135,3487,17,89,3.0
19136,3487,21,27,6.64
19137,3488,59,62,1.18
19138,3488,88,108,2.04
19139,3488,31,176,6.81
19140,3488,65,160,18.03
19141,3488,89,101,37.92
19142,3488,30,129,29.83
19143,3488,60,104,17.71
19144,3489,71,161,34.37
19145,3489,48,45,1.74
19146,3489,17,96,24.56
19147,3490,64,108,10.86
19148,3490,39,187,3.64
19149,3490,31,15,37.42
19150,3490,66,75,29.41
19151,3491,42,84,38.36
19152,3491,80,190,10.6
19153,3491,17,53,20.63
19154,3491,10,76,4.1
19155,3491,31,110,29.59
19156,3492,56,37,9.79
19157,3492,25,177,8.94
19158,3492,45,119,4.43
19159,3492,81,68,4.76
19160,3492,16,181,26.42
19161,3492,32,136,6.02
19162,3492,27,188,39.42
19163,3493,24,200,38.08
19164,3493,28,199,34.82
19165,3493,81,55,29.73
19166,3493,20,29,32.64
19167,3493,10,36,20.9
19168,3493,4,156,22.2
19169,3493,85,197,2.43
19170,3494,27,21,24.24
19171,3494,9,58,20.89
19172,3494,84,164,3.76
19173,3494,83,165,22.71
19174,3495,3,140,6.55
19175,3495,73,114,26.46
19176,3495,85,197,20.51
19177,3495,16,149,5.21
19178,3496,67,117,7.58
19179,3496,70,73,35.38
19180,3496,48,139,28.85
19181,3496,2,102,39.16
19182,3496,68,125,19.7
19183,3496,76,121,20.26
19184,3496,59,114,22.48
19185,3496,73,23,7.55
19186,3497,21,61,26.42
19187,3497,74,145,29.03
19188,3497,82,194,15.57
19189,3497,66,79,1.62
19190,3497,75,57,27.61
19191,3498,6,134,36.34
19192,3498,33,47,31.94
19193,3498,20,173,10.91
19194,3498,75,151,1.96
19195,3498,39,128,15.78
19196,3498,74,150,31.13
19197,3498,27,112,8.01
19198,3499,80,110,14.6
19199,3499,66,106,16.95
19200,3499,68,194,37.92
19201,3499,35,23,31.32
19202,3499,35,147,34.09
19203,3500,54,126,22.88
19204,3500,25,176,30.34
19205,3500,54,58,9.1
19206,3500,45,184,18.08
19207,3501,61,101,39.23
19208,3501,76,106,16.62
19209,3501,12,190,12.01
19210,3502,86,78,37.41
19211,3502,8,144,27.9
19212,3502,45,130,5.35
19213,3502,62,21,15.67
19214,3502,13,75,34.82
19215,3502,23,52,26.52
19216,3502,82,96,35.83
19217,3503,45,143,13.72
19218,3503,46,54,7.52
19219,3503,76,102,1.4
19220,3503,86,87,11.9
19221,3503,56,14,32.17
19222,3503,35,146,20.81
19223,3504,9,146,4.82
19224,3504,37,92,17.87
19225,3504,41,122,16.4
19226,3504,17,120,26.23
19227,3504,56,163,28.07
19228,3504,2,172,1.93
19229,3504,65,158,26.52
19230,3504,30,175,31.56
19231,3505,90,18,18.87
19232,3505,36,118,17.78
19233,3505,33,65,8.21
19234,3505,1,155,28.42
19235,3505,59,23,13.16
19236,3505,44,17,4.85
19237,3505,87,61,8.66
19238,3506,12,130,29.14
19239,3506,88,134,28.14
19240,3506,80,118,27.97
19241,3506,13,138,39.19
19242,3506,46,70,29.93
19243,3506,3,47,15.95
19244,3506,16,183,2.42
19245,3506,43,200,21.07
19246,3507,27,53,8.72
19247,3507,11,21,18.08
19248,3507,67,190,25.26
19249,3507,44,130,19.21
19250,3507,89,150,11.61
19251,3507,19,18,15.19
19252,3508,90,32,4.07
19253,3508,54,110,35.06
19254,3508,23,130,7.01
19255,3508,30,200,12.48
19256,3508,11,140,22.06
19257,3508,37,154,17.82
19258,3508,57,195,10.62
19259,3508,71,29,32.95
19260,3509,46,36,31.1
19261,3509,15,161,11.19
19262,3509,22,199,21.76
19263,3509,18,129,16.89
19264,3509,29,79,8.79
19265,3509,77,77,17.57
19266,3509,48,124,29.48
19267,3509,69,187,32.35
19268,3510,36,130,38.63
19269,3510,60,83,13.65
19270,3510,15,89,33.44
19271,3510,58,57,18.21
19272,3510,87,200,18.48
19273,3511,10,42,10.29
19274,3511,55,123,20.75
19275,3511,88,47,29.1
19276,3511,43,100,11.18
19277,3511,21,66,17.84
19278,3511,76,184,23.87
19279,3512,87,36,10.39
19280,3512,90,96,36.73
19281,3512,70,146,36.19
19282,3512,11,65,16.09
19283,3512,25,48,10.12
19284,3513,32,42,35.65
19285,3513,59,125,13.17
19286,3513,44,76,28.93
19287,3513,65,83,1.98
19288,3513,2,82,6.42
19289,3513,1,185,24.08
19290,3514,43,127,16.59
19291,3514,1,27,27.32
19292,3514,52,193,17.0
19293,3514,85,109,27.64
19294,3514,74,62,33.0
19295,3514,73,199,7.9
19296,3514,69,182,37.5
19297,3515,64,158,21.0
19298,3515,6,192,34.08
19299,3515,63,198,27.36
19300,3515,69,163,25.34
19301,3515,3,137,26.53
19302,3515,74,140,39.53
19303,3515,90,72,21.05
19304,3515,2,37,36.25
19305,3516,1,139,29.86
19306,3516,11,166,13.7
19307,3516,88,48,28.76
19308,3516,49,76,31.13
19309,3516,62,83,35.06
19310,3517,23,47,37.46
19311,3517,43,15,14.94
19312,3517,84,107,18.91
19313,3517,67,143,33.28
19314,3517,37,138,34.97
19315,3517,2,105,23.34
19316,3517,34,132,11.83
19317,3517,1,17,5.54
19318,3518,39,66,26.64
19319,3518,13,85,34.65
19320,3518,37,59,27.21
19321,3518,85,141,2.88
19322,3519,85,79,24.5
19323,3519,69,151,34.73
19324,3519,5,198,31.87
19325,3519,52,165,30.91
19326,3520,88,96,9.73
19327,3520,60,90,33.74
19328,3520,14,55,37.45
19329,3520,2,134,5.92
19330,3520,41,156,27.34
19331,3520,82,22,13.53
19332,3520,1,55,36.62
19333,3521,5,69,7.17
19334,3521,89,31,9.85
19335,3521,25,128,21.61
19336,3521,3,25,15.84
19337,3521,40,12,24.84
19338,3521,53,81,39.43
19339,3521,19,156,32.93
19340,3521,72,102,13.4
19341,3522,1,19,27.71
19342,3522,68,44,26.49
19343,3522,39,78,27.42
19344,3522,76,41,9.19
19345,3523,66,104,13.05
19346,3523,63,24,11.54
19347,3523,75,58,16.6
19348,3524,13,105,33.68
19349,3524,16,140,5.89
19350,3524,22,83,4.95
19351,3524,86,192,34.82
19352,3524,74,105,2.94
19353,3525,25,199,6.74
19354,3525,16,65,22.98
19355,3525,82,184,5.86
19356,3525,70,90,37.1
19357,3526,24,136,9.72
19358,3526,5,54,5.93
19359,3526,35,168,3.85
19360,3526,12,23,27.77
19361,3526,11,163,33.0
19362,3527,19,33,0.5
19363,3527,79,132,20.35
19364,3527,39,179,31.72
19365,3527,85,148,4.01
19366,3527,38,177,34.67
19367,3527,82,92,33.71
19368,3527,84,168,26.08
19369,3527,89,190,5.33
19370,3528,53,71,1.35
19371,3528,14,162,32.69
19372,3528,14,37,14.24
19373,3528,27,197,5.0
19374,3528,56,186,18.11
19375,3528,7,30,26.87
19376,3529,87,153,21.11
19377,3529,4,114,10.86
19378,3529,45,107,38.12
19379,3529,83,170,1.67
19380,3529,4,167,22.11
19381,3530,56,104,6.23
19382,3530,89,181,22.74
19383,3530,27,166,18.5
19384,3530,48,173,29.32
19385,3531,45,115,27.66
19386,3531,60,168,28.81
19387,3531,55,123,37.87
19388,3531,10,46,18.82
19389,3531,79,89,32.25
19390,3531,3,34,9.52
19391,3532,42,61,10.3
19392,3532,22,89,31.01
19393,3532,75,126,32.33
19394,3532,59,180,8.31
19395,3533,66,130,38.58
19396,3533,56,39,23.19
19397,3533,8,192,27.05
19398,3533,18,187,6.07
19399,3533,90,98,11.91
19400,3533,35,13,6.09
19401,3533,12,119,34.63
19402,3534,88,25,4.46
19403,3534,56,177,5.63
19404,3534,44,148,10.84
19405,3534,15,169,30.38
19406,3534,53,13,11.97
19407,3535,57,150,3.07
19408,3535,61,19,13.99
19409,3535,56,87,24.7
19410,3535,60,183,4.3
19411,3535,62,47,23.47
19412,3535,22,112,22.75
19413,3535,13,90,33.03
19414,3535,29,79,38.2
19415,3536,39,63,1.33
19416,3536,82,45,16.99
19417,3536,59,139,20.64
19418,3536,26,63,5.16
19419,3536,23,22,20.38
19420,3536,89,49,2.21
19421,3536,47,112,10.72
19422,3537,34,75,2.55
19423,3537,69,101,17.77
19424,3537,79,103,3.62
19425,3537,61,75,28.11
19426,3538,33,85,30.22
19427,3538,86,172,26.73
19428,3538,90,154,29.41
19429,3539,48,81,13.15
19430,3539,35,164,3.93
19431,3539,68,63,3.36
19432,3539,13,125,35.61
19433,3539,74,82,37.2
19434,3539,75,85,36.2
19435,3539,17,57,33.67
19436,3540,65,127,39.6
19437,3540,38,49,17.81
19438,3540,77,115,29.79
19439,3540,1,81,24.8
19440,3540,42,175,13.97
19441,3540,73,87,38.91
19442,3540,69,176,27.12
19443,3540,37,27,35.32
19444,3541,86,26,1.03
19445,3541,44,194,33.54
19446,3541,21,99,4.54
19447,3541,14,40,34.91
19448,3541,65,161,29.25
19449,3541,37,107,6.79
19450,3541,14,31,17.65
19451,3542,29,171,17.33
19452,3542,29,10,2.41
19453,3542,88,85,32.91
19454,3542,25,61,13.13
19455,3542,6,30,14.26
19456,3542,38,13,18.61
19457,3543,52,155,11.79
19458,3543,12,77,37.3
19459,3543,57,63,13.94
19460,3543,19,186,20.43
19461,3543,87,167,15.63
19462,3543,20,104,30.31
19463,3543,59,77,28.15
19464,3543,85,110,5.34
19465,3544,88,110,30.17
19466,3544,60,112,12.74
19467,3544,51,64,10.12
19468,3544,46,97,20.6
19469,3544,15,124,5.07
19470,3544,8,118,23.03
19471,3545,29,167,35.47
19472,3545,24,81,35.72
19473,3545,83,114,37.2
19474,3545,30,89,11.69
19475,3545,55,163,36.74
19476,3545,65,90,3.8
19477,3545,54,57,28.67
19478,3546,58,171,11.94
19479,3546,64,198,9.02
19480,3546,90,73,16.88
19481,3546,8,39,2.6
19482,3546,61,147,37.75
19483,3546,62,108,31.01
19484,3547,43,19,8.59
19485,3547,71,186,31.31
19486,3547,13,119,27.06
19487,3547,85,179,14.82
19488,3547,40,166,28.98
19489,3548,87,110,4.81
19490,3548,40,107,12.41
19491,3548,64,106,0.75
19492,3548,67,181,38.3
19493,3548,58,110,12.58
19494,3548,4,62,34.15
19495,3548,26,179,7.17
19496,3548,37,43,21.73
19497,3549,64,35,36.67
19498,3549,81,46,3.94
19499,3549,29,114,15.8
19500,3549,44,121,17.04
19501,3550,88,21,37.29
19502,3550,21,137,27.38
19503,3550,21,180,8.21
19504,3550,48,192,18.13
19505,3550,10,76,18.65
19506,3550,56,115,14.43
19507,3551,33,17,35.97
19508,3551,21,111,4.85
19509,3551,85,199,38.64
19510,3551,26,75,34.51
19511,3551,75,190,10.58
19512,3551,44,196,18.22
19513,3552,12,126,17.5
19514,3552,69,193,36.38
19515,3552,55,34,12.4
19516,3552,68,172,3.39
19517,3552,75,162,36.24
19518,3552,44,175,19.39
19519,3552,10,153,10.15
19520,3553,2,66,25.46
19521,3553,15,99,16.05
19522,3553,54,133,0.87
19523,3553,25,73,26.07
19524,3553,86,20,21.55
19525,3553,43,32,24.18
19526,3554,51,155,16.4
19527,3554,24,88,39.78
19528,3554,71,164,14.88
19529,3555,25,13,37.78
19530,3555,76,122,35.05
19531,3555,68,108,8.91
19532,3556,38,78,4.36
19533,3556,50,29,16.14
19534,3556,82,174,39.45
19535,3557,26,93,11.72
19536,3557,45,59,23.15
19537,3557,54,32,25.36
19538,3557,2,84,31.51
19539,3557,3,141,22.7
19540,3557,1,90,33.88
19541,3558,75,143,28.51
19542,3558,63,102,21.43
19543,3558,33,194,34.06
19544,3558,22,86,30.65
19545,3558,32,138,18.66
19546,3558,28,147,24.2
19547,3558,19,127,22.94
19548,3558,30,96,26.94
19549,3559,70,168,1.42
19550,3559,57,61,26.25
19551,3559,16,161,29.99
19552,3559,42,43,16.13
19553,3559,36,189,14.43
19554,3560,38,104,29.47
19555,3560,52,118,9.52
19556,3560,28,22,14.67
19557,3560,18,142,36.71
19558,3561,75,121,9.53
19559,3561,12,127,10.07
19560,3561,26,153,33.46
19561,3561,51,151,25.36
19562,3561,51,156,30.68
19563,3561,43,124,2.07
19564,3561,81,25,31.84
19565,3562,32,79,8.57
19566,3562,55,49,24.57
19567,3562,26,196,13.21
19568,3562,24,41,34.19
19569,3562,34,59,9.95
19570,3562,58,32,31.09
19571,3562,23,14,35.64
19572,3562,42,134,12.75
19573,3563,82,146,17.28
19574,3563,49,139,7.88
19575,3563,79,125,30.78
19576,3563,86,179,20.69
19577,3564,52,89,32.04
19578,3564,42,69,35.68
19579,3564,87,22,19.08
19580,3564,82,159,28.22
19581,3564,62,17,1.09
19582,3565,74,121,18.86
19583,3565,34,68,25.95
19584,3565,42,160,30.86
19585,3565,36,103,38.15
19586,3565,64,28,16.56
19587,3565,87,38,37.64
19588,3565,47,176,25.9
19589,3566,3,114,27.32
19590,3566,11,14,30.14
19591,3566,87,30,33.84
19592,3566,88,51,8.92
19593,3566,24,58,1.35
19594,3566,52,137,6.8
19595,3567,6,148,3.91
19596,3567,77,20,8.31
19597,3567,4,63,29.12
19598,3567,35,42,2.23
19599,3568,68,200,0.85
19600,3568,18,84,35.76
19601,3568,71,94,32.64
19602,3568,13,170,3.53
19603,3568,56,144,28.92
19604,3568,29,159,6.82
19605,3568,9,89,31.69
19606,3568,82,106,20.07
19607,3569,25,200,27.41
19608,3569,34,108,15.45
19609,3569,62,119,37.32
19610,3569,52,145,5.58
19611,3570,63,63,19.14
19612,3570,31,139,38.32
19613,3570,64,84,33.96
19614,3570,35,69,20.55
19615,3570,44,14,21.23
19616,3570,22,105,27.06
19617,3570,4,82,10.99
19618,3570,44,99,10.52
19619,3571,66,148,38.04
19620,3571,81,75,7.29
19621,3571,7,158,11.03
19622,3571,70,21,14.26
19623,3571,37,185,31.54
19624,3571,76,176,29.25
19625,3571,66,161,20.69
19626,3571,1,40,21.08
19627,3572,4,193,19.02
19628,3572,29,156,9.56
19629,3572,76,151,34.89
19630,3572,49,125,30.62
19631,3572,55,12,38.3
19632,3572,33,56,19.42
19633,3572,76,141,9.97
19634,3573,68,170,23.6
19635,3573,39,171,8.28
19636,3573,28,141,25.99
19637,3573,2,197,15.0
19638,3573,53,69,10.45
19639,3574,65,20,10.68
19640,3574,57,176,26.78
19641,3574,71,25,14.12
19642,3574,88,189,12.75
19643,3574,45,43,23.64
19644,3574,48,141,7.86
19645,3575,70,11,22.56
19646,3575,34,93,23.09
19647,3575,13,176,20.51
19648,3575,26,35,31.1
19649,3575,6,98,21.09
19650,3576,77,196,10.65
19651,3576,49,26,22.22
19652,3576,36,31,15.67
19653,3576,64,26,10.77
19654,3576,85,137,36.06
19655,3576,87,125,30.64
19656,3577,53,59,35.25
19657,3577,53,55,33.83
19658,3577,55,65,37.31
19659,3577,5,56,37.59
19660,3577,44,198,27.49
19661,3577,64,148,29.6
19662,3578,62,151,15.65
19663,3578,51,127,36.11
19664,3578,55,17,9.15
19665,3578,19,34,4.89
19666,3578,87,193,7.07
19667,3579,46,80,19.56
19668,3579,74,139,34.38
19669,3579,39,77,27.73
19670,3580,77,162,16.74
19671,3580,27,186,6.77
19672,3580,54,46,31.69
19673,3581,19,66,19.66
19674,3581,4,105,23.89
19675,3581,2,52,8.29
19676,3581,89,165,20.63
19677,3581,36,124,28.47
19678,3581,32,48,37.0
19679,3581,24,42,11.27
19680,3582,13,36,17.33
19681,3582,45,156,15.93
19682,3582,79,200,33.93
19683,3582,58,26,20.39
19684,3582,10,40,11.1
19685,3582,57,123,18.9
19686,3582,16,108,8.5
19687,3583,7,162,31.87
19688,3583,19,176,29.56
19689,3583,60,140,30.16
19690,3583,15,33,20.98
19691,3583,74,26,22.86
19692,3583,72,69,27.61
19693,3583,36,192,27.53
19694,3584,83,192,32.93
19695,3584,86,141,35.53
19696,3584,29,95,26.64
19697,3584,70,155,18.85
19698,3584,82,173,8.89
19699,3584,83,88,2.9
19700,3585,38,50,33.96
19701,3585,39,166,30.57
19702,3585,81,74,36.98
19703,3585,23,138,20.07
19704,3585,60,181,13.89
19705,3585,58,90,9.49
19706,3585,67,114,16.66
19707,3586,83,64,30.32
19708,3586,17,182,12.61
19709,3586,12,61,29.84
19710,3586,26,135,8.55
19711,3586,23,111,26.52
19712,3587,82,86,12.75
19713,3587,72,156,38.49
19714,3587,19,16,21.08
19715,3587,18,129,9.73
19716,3587,79,158,4.81
19717,3587,17,33,12.97
19718,3587,86,139,17.41
19719,3588,68,51,22.76
19720,3588,56,30,32.32
19721,3588,2,90,6.35
19722,3588,66,124,1.58
19723,3588,16,157,2.38
19724,3588,21,83,17.35
19725,3588,48,48,36.22
19726,3588,9,170,26.74
19727,3589,52,49,10.47
19728,3589,29,128,16.89
19729,3589,20,166,38.13
19730,3589,5,118,17.04
19731,3589,45,76,15.0
19732,3590,7,58,17.9
19733,3590,7,122,2.36
19734,3590,7,154,36.28
19735,3590,48,193,35.23
19736,3590,62,100,9.73
19737,3590,65,145,38.11
19738,3591,33,186,8.63
19739,3591,12,36,19.29
19740,3591,10,183,27.7
19741,3591,72,99,34.22
19742,3591,90,174,16.44
19743,3591,14,186,2.97
19744,3591,61,149,3.69
19745,3592,12,102,22.22
19746,3592,16,145,25.41
19747,3592,55,45,9.82
19748,3592,27,129,20.97
19749,3592,8,138,26.09
19750,3592,9,157,14.88
19751,3592,11,98,34.39
19752,3593,7,14,10.71
19753,3593,63,190,31.49
19754,3593,74,84,2.26
19755,3594,44,161,2.02
19756,3594,8,59,36.1
19757,3594,1,148,37.37
19758,3594,9,87,17.21
19759,3594,27,160,3.75
19760,3594,19,127,25.52
19761,3594,23,65,19.1
19762,3595,55,45,36.1
19763,3595,15,195,34.77
19764,3595,36,130,0.66
19765,3595,12,47,16.05
19766,3595,3,104,35.39
19767,3595,90,50,39.93
19768,3595,17,113,15.81
19769,3595,21,69,15.82
19770,3596,19,36,10.43
19771,3596,66,137,17.77
19772,3596,4,47,28.34
19773,3596,65,110,39.98
19774,3596,65,38,3.7
19775,3597,51,186,21.07
19776,3597,43,59,14.91
19777,3597,9,59,29.73
19778,3597,65,57,27.11
19779,3597,32,137,36.39
19780,3597,37,124,21.24
19781,3597,67,189,21.41
19782,3598,80,41,24.51
19783,3598,64,146,4.96
19784,3598,28,64,22.94
19785,3598,63,48,8.31
19786,3598,17,151,20.99
19787,3598,83,67,24.94
19788,3598,90,127,13.13
19789,3598,12,62,35.33
19790,3599,37,82,1.56
19791,3599,43,186,12.24
19792,3599,42,100,8.09
19793,3599,38,38,36.88
19794,3599,54,168,2.1
19795,3600,83,86,23.56
19796,3600,16,81,27.14
19797,3600,2,186,19.05
19798,3600,13,130,32.82
19799,3600,59,141,22.82
19800,3600,64,101,29.72
19801,3600,89,107,36.65
19802,3600,1,80,33.43
19803,3601,64,165,11.64
19804,3601,64,104,9.59
19805,3601,28,126,8.7
19806,3601,51,186,23.23
19807,3601,45,61,18.32
19808,3602,61,195,38.04
19809,3602,21,50,15.42
19810,3602,76,90,37.46
19811,3602,38,176,35.56
19812,3602,31,116,24.1
19813,3602,6,25,23.4
19814,3602,19,98,28.88
19815,3603,7,44,24.26
19816,3603,3,140,36.95
19817,3603,46,70,20.55
19818,3603,78,130,1.37
19819,3603,56,179,10.77
19820,3604,71,157,15.98
19821,3604,64,152,32.51
19822,3604,55,66,36.25
19823,3604,49,165,5.49
19824,3604,51,27,0.75
19825,3605,70,15,12.13
19826,3605,39,134,24.56
19827,3605,4,93,2.0
19828,3606,75,79,24.4
19829,3606,53,25,10.08
19830,3606,43,117,25.52
19831,3606,21,128,39.12
19832,3606,50,29,1.2
19833,3607,13,134,32.34
19834,3607,80,170,14.85
19835,3607,57,48,22.46
19836,3607,13,128,19.58
19837,3607,34,11,22.54
19838,3607,72,144,12.8
19839,3607,74,123,14.86
19840,3608,38,92,37.81
19841,3608,9,117,12.31
19842,3608,32,186,25.82
19843,3608,68,43,21.02
19844,3608,31,108,33.85
19845,3609,59,74,34.01
19846,3609,71,150,16.9
19847,3609,18,151,27.65
19848,3609,63,196,14.43
19849,3609,13,160,27.13
19850,3609,70,149,18.66
19851,3609,24,172,31.07
19852,3610,89,98,33.29
19853,3610,71,114,33.15
19854,3610,13,107,13.01
19855,3610,71,74,4.46
19856,3610,26,11,1.96
19857,3611,3,114,12.05
19858,3611,23,15,17.09
19859,3611,55,134,7.29
19860,3611,65,71,16.96
19861,3612,11,195,34.49
19862,3612,24,138,28.21
19863,3612,90,55,24.07
19864,3612,26,194,30.16
19865,3612,88,11,7.48
19866,3612,40,162,34.95
19867,3612,20,153,2.65
19868,3612,10,98,4.74
19869,3613,83,144,3.86
19870,3613,57,128,7.4
19871,3613,83,175,7.79
19872,3613,60,145,8.29
19873,3613,30,116,21.48
19874,3614,89,66,6.37
19875,3614,42,45,17.31
19876,3614,6,27,25.59
19877,3614,70,173,4.73
19878,3614,24,72,36.73
19879,3615,72,178,2.92
19880,3615,10,171,6.1
19881,3615,12,44,10.92
19882,3615,26,184,31.77
19883,3615,54,99,37.8
19884,3615,13,25,3.56
19885,3615,57,173,11.27
19886,3616,45,190,2.52
19887,3616,76,157,3.66
19888,3616,78,170,29.09
19889,3616,15,92,20.43
19890,3616,66,105,25.3
19891,3616,11,187,3.0
19892,3616,42,15,26.73
19893,3616,39,37,7.04
19894,3617,10,39,39.06
19895,3617,65,126,31.21
19896,3617,43,25,39.55
19897,3618,25,154,2.67
19898,3618,63,73,22.53
19899,3618,57,167,23.78
19900,3619,14,163,4.18
19901,3619,36,104,4.88
19902,3619,16,75,15.57
19903,3619,69,138,31.84
19904,3619,16,136,13.06
19905,3619,53,26,2.16
19906,3620,70,195,9.96
19907,3620,77,26,32.75
19908,3620,60,95,35.1
19909,3620,54,200,7.8
19910,3620,61,167,39.23
19911,3621,88,59,37.68
19912,3621,85,194,12.66
19913,3621,44,13,32.3
19914,3621,74,27,35.8
19915,3622,54,59,36.79
19916,3622,49,79,33.82
19917,3622,81,171,26.94
19918,3622,68,94,20.49
19919,3622,10,35,22.04
19920,3622,45,125,19.27
19921,3622,61,15,17.98
19922,3622,58,102,19.16
19923,3623,10,24,34.11
19924,3623,50,36,37.85
19925,3623,37,54,31.24
19926,3623,5,73,1.33
19927,3623,27,190,29.49
19928,3623,30,153,15.93
19929,3624,42,169,33.27
19930,3624,60,147,1.34
19931,3624,60,176,34.17
19932,3625,78,10,2.95
19933,3625,67,91,10.19
19934,3625,60,93,12.93
19935,3625,57,86,38.61
19936,3625,13,76,12.32
19937,3625,40,70,30.63
19938,3626,78,53,16.3
19939,3626,23,116,30.97
19940,3626,77,98,4.28
19941,3626,90,143,4.75
19942,3626,30,146,35.27
19943,3626,30,58,11.53
19944,3626,90,167,25.97
19945,3626,11,91,36.68
19946,3627,60,130,39.75
19947,3627,59,32,8.01
19948,3627,69,168,24.39
19949,3627,83,115,5.14
19950,3627,51,15,2.81
19951,3627,27,36,5.1
19952,3628,70,130,26.51
19953,3628,60,180,28.48
19954,3628,83,158,7.04
19955,3629,61,46,32.86
19956,3629,71,86,2.42
19957,3629,7,165,25.83
19958,3629,54,57,25.52
19959,3629,4,159,39.89
19960,3629,35,114,28.34
19961,3630,54,142,22.9
19962,3630,24,103,29.77
19963,3630,21,139,21.07
19964,3631,82,153,10.9
19965,3631,57,178,0.94
19966,3631,15,158,1.56
19967,3631,35,40,16.71
19968,3631,87,36,20.08
19969,3631,18,58,37.83
19970,3632,5,155,33.91
19971,3632,43,67,32.49
19972,3632,25,24,5.08
19973,3632,76,51,13.52
19974,3633,3,76,21.37
19975,3633,41,21,7.24
19976,3633,11,73,31.32
19977,3633,38,191,11.19
19978,3633,63,40,34.27
19979,3633,49,101,2.55
19980,3634,4,12,19.63
19981,3634,72,141,9.25
19982,3634,66,48,17.73
19983,3634,19,24,3.73
19984,3634,5,46,28.84
19985,3634,14,91,32.38
19986,3634,52,54,2.4
19987,3634,85,183,31.22
19988,3635,64,90,27.33
19989,3635,14,196,30.38
19990,3635,56,163,31.52
19991,3635,58,46,15.01
19992,3635,4,121,34.06
19993,3635,60,72,17.24
19994,3635,66,124,32.21
19995,3635,83,191,23.52
19996,3636,27,40,25.49
19997,3636,14,38,0.82
19998,3636,82,152,3.6
19999,3636,64,141,8.32
20000,3636,30,94,33.91
20001,3636,10,168,2.82
20002,3636,89,60,27.85
20003,3636,53,118,28.91
20004,3637,65,31,21.27
20005,3637,66,71,32.24
20006,3637,49,15,17.13
20007,3637,84,189,18.3
20008,3637,17,100,13.98
20009,3637,8,125,14.1
20010,3637,34,156,8.23
20011,3638,21,117,11.01
20012,3638,8,150,38.29
20013,3638,35,179,11.29
20014,3638,27,80,2.93
20015,3638,67,143,13.73
20016,3638,41,161,23.98
20017,3638,11,24,20.69
20018,3639,56,106,29.25
20019,3639,32,90,19.85
20020,3639,1,59,33.21
20021,3639,65,27,21.79
20022,3639,67,61,6.88
20023,3640,88,110,13.49
20024,3640,38,69,18.07
20025,3640,14,41,5.72
20026,3640,51,162,23.61
20027,3640,68,165,18.63
20028,3640,18,44,10.86
20029,3640,57,114,4.06
20030,3641,69,136,19.23
20031,3641,88,107,2.22
20032,3641,29,36,1.38
20033,3641,80,146,36.95
20034,3641,17,76,14.86
20035,3642,64,37,22.03
20036,3642,18,109,13.76
20037,3642,24,126,5.12
20038,3642,2,113,21.44
20039,3642,53,118,33.75
20040,3643,70,74,1.78
20041,3643,24,172,28.7
20042,3643,75,31,25.96
20043,3643,28,123,11.05
20044,3643,58,59,17.26
20045,3644,21,30,28.26
20046,3644,39,165,22.31
20047,3644,58,120,25.78
20048,3645,61,200,32.84
20049,3645,18,41,27.3
20050,3645,9,188,39.14
20051,3645,11,73,23.51
20052,3645,49,144,36.74
20053,3646,65,50,23.28
20054,3646,56,134,29.13
20055,3646,23,14,20.07
20056,3646,11,174,3.53
20057,3647,53,115,21.01
20058,3647,76,83,32.86
20059,3647,37,164,6.06
20060,3647,72,62,17.34
20061,3648,25,53,38.32
20062,3648,43,125,5.02
20063,3648,74,94,38.11
20064,3648,47,79,22.84
20065,3648,56,148,10.5
20066,3648,21,126,27.63
20067,3649,23,149,4.16
20068,3649,64,38,19.7
20069,3649,50,159,23.8
20070,3649,37,79,12.74
20071,3649,83,153,7.93
20072,3649,49,64,37.63
20073,3649,23,79,19.97
20074,3649,2,89,7.12
20075,3650,15,52,2.46
20076,3650,57,69,39.19
20077,3650,12,108,22.45
20078,3650,69,21,15.54
20079,3650,72,56,11.16
20080,3650,32,168,25.56
20081,3651,89,133,38.72
20082,3651,26,42,37.64
20083,3651,73,155,21.69
20084,3651,74,35,22.26
20085,3651,90,97,24.49
20086,3651,7,102,20.33
20087,3652,24,80,16.99
20088,3652,38,184,36.63
20089,3652,15,27,34.76
20090,3652,67,11,33.72
20091,3652,35,112,18.35
20092,3652,90,14,17.19
20093,3652,55,164,8.98
20094,3653,10,17,30.54
20095,3653,51,72,20.18
20096,3653,1,185,17.85
20097,3653,10,153,15.2
20098,3653,72,42,5.91
20099,3653,9,112,10.3
20100,3653,6,97,11.64
20101,3654,79,15,30.33
20102,3654,61,98,38.98
20103,3654,40,25,28.08
20104,3654,2,28,18.44
20105,3654,47,16,12.07
20106,3655,15,83,4.2
20107,3655,61,134,1.44
20108,3655,47,71,8.15
20109,3655,67,136,24.1
20110,3655,18,179,21.78
20111,3655,76,53,23.97
20112,3655,20,71,20.34
20113,3656,71,135,11.48
20114,3656,84,21,2.69
20115,3656,64,74,9.33
20116,3656,19,108,7.0
20117,3656,81,74,8.87
20118,3656,29,179,19.71
20119,3656,6,196,25.43
20120,3656,28,91,15.39
20121,3657,19,83,32.85
20122,3657,23,45,6.71
20123,3657,55,83,37.32
20124,3657,20,138,34.64
20125,3657,83,72,9.16
20126,3658,88,182,9.07
20127,3658,18,48,26.51
20128,3658,43,106,4.46
20129,3659,88,79,27.02
20130,3659,10,126,9.15
20131,3659,80,139,32.17
20132,3659,90,31,29.37
20133,3659,66,31,28.87
20134,3660,85,46,11.56
20135,3660,22,163,17.77
20136,3660,29,101,32.52
20137,3660,64,104,6.86
20138,3660,66,188,20.58
20139,3661,63,77,24.9
20140,3661,5,16,32.94
20141,3661,78,55,24.63
20142,3661,53,123,17.83
20143,3661,48,31,11.39
20144,3661,45,97,11.15
20145,3661,77,89,11.72
20146,3662,63,47,17.42
20147,3662,25,51,31.79
20148,3662,27,74,21.55
20149,3662,26,134,27.1
20150,3663,81,66,19.96
20151,3663,44,33,9.66
20152,3663,77,60,39.14
20153,3663,10,37,34.67
20154,3663,50,94,9.02
20155,3663,19,117,10.46
20156,3663,49,187,29.83
20157,3663,49,123,36.46
20158,3664,14,132,4.2
20159,3664,80,175,3.93
20160,3664,70,67,36.38
20161,3664,29,69,14.96
20162,3664,22,171,26.31
20163,3664,48,96,1.18
20164,3665,8,190,29.35
20165,3665,34,31,3.58
20166,3665,30,122,8.11
20167,3666,5,31,39.06
20168,3666,59,68,38.57
20169,3666,70,54,34.08
20170,3666,81,120,31.1
20171,3667,51,171,39.17
20172,3667,72,188,29.95
20173,3667,53,117,9.6
20174,3667,62,14,25.17
20175,3667,53,82,21.99
20176,3667,70,114,32.19
20177,3667,77,166,20.63
20178,3668,13,157,7.18
20179,3668,73,94,23.18
20180,3668,11,32,38.82
20181,3668,17,168,37.47
20182,3668,40,158,26.16
20183,3668,68,58,13.13
20184,3668,73,72,6.28
20185,3669,80,194,15.85
20186,3669,38,138,29.9
20187,3669,25,185,26.59
20188,3669,8,188,37.07
20189,3670,42,60,8.46
20190,3670,31,163,27.8
20191,3670,51,165,3.3
20192,3670,13,179,22.54
20193,3670,49,89,35.42
20194,3670,15,28,13.89
20195,3671,43,164,35.06
20196,3671,25,169,16.91
20197,3671,48,162,19.16
20198,3671,20,120,23.6
20199,3671,7,144,1.08
20200,3671,37,126,0.62
20201,3672,2,145,20.41
20202,3672,69,88,34.42
20203,3672,85,58,36.55
20204,3673,59,72,5.15
20205,3673,3,103,8.9
20206,3673,67,145,25.99
20207,3673,77,66,4.48
20208,3673,21,169,28.29
20209,3673,40,198,11.26
20210,3673,65,47,9.91
20211,3674,11,15,26.72
20212,3674,80,135,6.36
20213,3674,72,169,25.43
20214,3675,9,42,33.93
20215,3675,82,34,2.05
20216,3675,47,35,0.72
20217,3675,54,22,34.13
20218,3676,73,133,27.21
20219,3676,37,182,25.78
20220,3676,90,18,23.47
20221,3676,87,127,33.42
20222,3676,52,119,26.99
20223,3677,78,89,13.7
20224,3677,10,162,29.23
20225,3677,81,81,6.01
20226,3678,31,52,19.18
20227,3678,34,133,31.13
20228,3678,23,174,27.3
20229,3678,2,133,37.78
20230,3678,20,60,9.51
20231,3678,17,127,36.45
20232,3678,48,20,23.47
20233,3678,35,89,32.81
20234,3679,64,180,39.23
20235,3679,75,64,39.7
20236,3679,2,28,16.23
20237,3680,50,67,29.57
20238,3680,63,61,18.87
20239,3680,20,178,12.99
20240,3680,48,149,10.82
20241,3680,31,113,8.74
20242,3680,16,123,33.06
20243,3681,79,152,22.04
20244,3681,1,46,22.98
20245,3681,57,152,21.02
20246,3681,23,182,8.74
20247,3681,30,183,39.45
20248,3681,44,145,17.46
20249,3681,28,80,39.27
20250,3682,38,43,6.19
20251,3682,39,29,1.16
20252,3682,34,172,11.35
20253,3682,19,59,35.82
20254,3683,57,125,17.14
20255,3683,52,37,25.48
20256,3683,20,101,39.35
20257,3683,63,76,9.9
20258,3683,23,41,1.61
20259,3684,26,188,38.43
20260,3684,4,73,28.35
20261,3684,56,164,16.77
20262,3684,50,120,37.9
20263,3684,2,48,33.12
20264,3684,51,180,34.66
20265,3684,72,131,12.03
20266,3685,81,36,18.09
20267,3685,55,179,38.12
20268,3685,90,119,5.02
20269,3685,36,135,38.29
20270,3685,88,106,36.88
20271,3685,71,93,31.53
20272,3685,75,126,15.43
20273,3685,39,119,22.76
20274,3686,71,50,19.19
20275,3686,59,188,12.25
20276,3686,79,81,39.74
20277,3686,70,56,13.62
20278,3687,49,72,12.13
20279,3687,58,181,22.56
20280,3687,22,20,2.39
20281,3687,25,135,26.69
20282,3687,66,73,14.8
20283,3687,21,196,29.77
20284,3688,17,182,10.93
20285,3688,6,83,17.07
20286,3688,47,68,38.21
20287,3688,41,50,3.13
20288,3688,64,172,2.94
20289,3688,44,131,5.81
20290,3689,7,47,29.0
20291,3689,7,59,2.02
20292,3689,25,61,2.43
20293,3690,4,173,4.14
20294,3690,12,102,35.32
20295,3690,24,73,20.35
20296,3690,40,25,34.3
20297,3690,79,96,15.13
20298,3690,2,119,33.43
20299,3690,63,41,22.51
20300,3690,7,108,8.4
20301,3691,36,200,21.96
20302,3691,56,109,18.27
20303,3691,49,79,28.39
20304,3691,56,45,25.64
20305,3691,88,18,26.78
20306,3692,45,31,5.73
20307,3692,52,91,34.87
20308,3692,33,131,33.73
20309,3692,62,19,11.27
20310,3692,84,26,31.55
20311,3692,16,103,6.21
20312,3693,64,25,30.8
20313,3693,1,155,21.42
20314,3693,35,98,2.71
20315,3693,82,162,8.6
20316,3693,44,170,19.26
20317,3693,31,181,8.67
20318,3693,84,39,7.85
20319,3694,25,177,8.96
20320,3694,6,110,6.61
20321,3694,27,136,39.1
20322,3694,8,43,25.7
20323,3694,5,171,20.17
20324,3694,58,73,19.06
20325,3694,51,117,33.18
20326,3694,6,71,4.08
20327,3695,3,124,28.73
20328,3695,2,78,35.91
20329,3695,83,120,1.36
20330,3695,44,95,23.87
20331,3695,31,199,3.06
20332,3695,75,81,23.16
20333,3696,78,27,26.29
20334,3696,50,31,14.88
20335,3696,6,57,31.72
20336,3696,57,166,28.1
20337,3696,20,116,26.41
20338,3696,18,93,13.78
20339,3696,43,124,35.59
20340,3697,45,172,38.32
20341,3697,6,143,25.53
20342,3697,79,19,17.64
20343,3697,4,69,16.92
20344,3697,35,13,23.49
20345,3697,12,191,30.36
20346,3697,11,116,22.85
20347,3697,16,72,37.19
20348,3698,38,92,31.86
20349,3698,23,146,1.73
20350,3698,86,66,7.96
20351,3698,50,75,11.46
20352,3699,52,87,23.61
20353,3699,35,116,36.46
20354,3699,43,50,25.6
20355,3700,79,37,14.78
20356,3700,60,87,26.24
20357,3700,3,171,19.73
20358,3700,76,74,23.06
20359,3700,57,177,27.92
20360,3701,3,181,29.48
20361,3701,70,35,6.0
20362,3701,57,25,16.02
20363,3701,20,188,24.86
20364,3701,22,47,10.99
20365,3701,71,159,35.74
20366,3702,7,114,19.78
20367,3702,78,110,32.73
20368,3702,5,14,31.12
20369,3702,85,14,7.71
20370,3702,15,183,22.98
20371,3702,58,168,18.11
20372,3703,84,89,27.74
20373,3703,53,179,1.63
20374,3703,52,97,16.24
20375,3704,18,95,16.78
20376,3704,75,98,3.04
20377,3704,48,27,17.17
20378,3704,18,138,29.13
20379,3704,4,54,15.59
20380,3704,14,80,7.57
20381,3705,38,137,11.84
20382,3705,76,134,21.1
20383,3705,16,63,17.18
20384,3705,68,28,24.48
20385,3705,70,15,25.83
20386,3705,35,197,15.36
20387,3705,44,185,22.23
20388,3705,5,20,29.93
20389,3706,79,33,18.14
20390,3706,35,41,4.67
20391,3706,14,56,24.6
20392,3706,45,143,20.33
20393,3707,26,110,25.51
20394,3707,22,106,25.39
20395,3707,90,63,4.09
20396,3707,29,186,12.41
20397,3707,33,118,1.59
20398,3707,66,27,28.92
20399,3707,21,169,13.84
20400,3708,44,51,5.79
20401,3708,79,65,5.3
20402,3708,9,89,37.43
20403,3708,29,30,3.63
20404,3708,40,133,32.8
20405,3708,75,187,18.36
20406,3708,2,75,34.92
20407,3709,66,178,39.69
20408,3709,11,191,37.35
20409,3709,3,106,26.61
20410,3709,41,68,23.51
20411,3709,40,72,30.42
20412,3709,22,141,11.44
20413,3709,83,29,37.21
20414,3709,77,180,30.46
20415,3710,67,140,11.18
20416,3710,10,10,17.81
20417,3710,74,30,10.88
20418,3710,68,125,16.88
20419,3710,36,55,17.95
20420,3710,1,11,23.61
20421,3710,7,35,21.56
20422,3710,63,25,35.35
20423,3711,74,47,32.64
20424,3711,8,30,5.05
20425,3711,23,140,37.27
20426,3711,12,116,21.86
20427,3712,22,142,4.64
20428,3712,74,128,35.38
20429,3712,81,175,25.83
20430,3712,5,126,19.89
20431,3713,54,99,25.9
20432,3713,85,95,17.31
20433,3713,48,69,11.54
20434,3713,3,22,32.02
20435,3713,56,184,35.64
20436,3713,11,115,3.21
20437,3714,41,69,27.17
20438,3714,73,94,10.73
20439,3714,27,183,4.2
20440,3714,81,171,26.26
20441,3714,13,28,21.83
20442,3714,76,142,4.88
20443,3715,15,139,15.12
20444,3715,24,155,37.22
20445,3715,7,16,35.22
20446,3715,87,80,24.45
20447,3715,21,158,11.03
20448,3715,71,169,18.99
20449,3715,81,36,16.6
20450,3715,53,41,5.1
20451,3716,7,33,33.32
20452,3716,74,50,2.87
20453,3716,61,69,18.0
20454,3716,90,121,16.37
20455,3716,46,181,36.03
20456,3716,61,39,24.53
20457,3716,43,133,7.02
20458,3716,6,58,10.98
20459,3717,10,128,15.7
20460,3717,64,183,36.42
20461,3717,85,174,37.52
20462,3717,84,176,9.59
20463,3717,62,48,31.98
20464,3718,25,98,24.69
20465,3718,29,40,6.68
20466,3718,16,188,14.71
20467,3718,85,21,1.7
20468,3718,77,164,4.78
20469,3718,80,160,21.32
20470,3719,28,185,3.79
20471,3719,1,58,35.37
20472,3719,67,16,18.46
20473,3720,8,185,10.52
20474,3720,44,182,23.42
20475,3720,66,131,24.51
20476,3720,78,106,9.42
20477,3721,36,110,22.1
20478,3721,15,168,16.99
20479,3721,23,59,35.72
20480,3721,87,22,0.86
20481,3721,57,69,15.94
20482,3722,5,142,3.26
20483,3722,9,187,21.76
20484,3722,2,197,31.66
20485,3722,64,148,9.44
20486,3722,55,144,7.81
20487,3722,9,84,27.86
20488,3723,47,124,14.35
20489,3723,29,27,2.93
20490,3723,6,44,39.66
20491,3723,55,153,24.56
20492,3723,57,89,34.01
20493,3724,10,79,21.17
20494,3724,9,55,39.97
20495,3724,45,43,24.98
20496,3724,87,113,14.13
20497,3724,78,136,22.92
20498,3724,36,125,10.43
20499,3725,83,115,32.85
20500,3725,54,144,34.54
20501,3725,37,157,32.74
20502,3725,57,50,14.75
20503,3725,43,53,34.94
20504,3725,25,195,34.59
20505,3725,20,80,1.65
20506,3726,75,194,3.38
20507,3726,21,200,23.43
20508,3726,25,167,17.88
20509,3726,41,19,4.73
20510,3726,20,181,10.25
20511,3726,39,39,12.69
20512,3726,17,182,27.77
20513,3727,16,123,33.16
20514,3727,34,169,25.54
20515,3727,13,155,7.41
20516,3728,73,104,32.82
20517,3728,15,11,23.83
20518,3728,55,189,33.59
20519,3728,58,17,27.48
20520,3728,23,85,25.1
20521,3729,78,67,31.89
20522,3729,59,174,22.51
20523,3729,58,128,16.86
20524,3729,78,130,11.28
20525,3729,50,122,24.47
20526,3729,1,187,35.69
20527,3729,19,40,37.43
20528,3730,83,159,28.18
20529,3730,18,133,24.35
20530,3730,4,192,32.25
20531,3731,33,110,11.98
20532,3731,69,137,38.01
20533,3731,39,103,26.62
20534,3731,50,58,27.2
20535,3731,47,141,34.14
20536,3731,59,59,4.34
20537,3731,11,65,14.95
20538,3731,79,56,12.88
20539,3732,53,84,12.84
20540,3732,29,40,8.62
20541,3732,69,38,35.0
20542,3732,48,108,3.57
20543,3732,54,138,7.83
20544,3733,5,191,12.03
20545,3733,56,10,34.27
20546,3733,38,108,27.47
20547,3733,86,123,39.01
20548,3733,5,130,5.76
20549,3733,68,21,30.44
20550,3733,14,141,19.37
20551,3734,63,164,36.8
20552,3734,70,75,22.5
20553,3734,41,188,39.56
20554,3735,46,198,36.36
20555,3735,64,92,28.24
20556,3735,60,172,29.45
20557,3736,31,57,1.9
20558,3736,8,111,33.73
20559,3736,21,53,8.16
20560,3737,83,192,29.59
20561,3737,75,126,22.74
20562,3737,11,36,31.68
20563,3738,54,109,4.06
20564,3738,77,190,16.49
20565,3738,15,158,17.87
20566,3738,56,162,17.81
20567,3739,49,135,4.24
20568,3739,35,26,17.63
20569,3739,70,54,16.58
20570,3739,89,103,23.43
20571,3739,6,23,18.08
20572,3739,21,38,39.94
20573,3740,18,31,32.56
20574,3740,16,168,32.12
20575,3740,84,14,24.47
20576,3740,52,49,18.62
20577,3740,14,119,19.26
20578,3740,33,155,25.03
20579,3740,71,76,6.21
20580,3740,63,143,16.86
20581,3741,36,12,13.3
20582,3741,70,99,37.03
20583,3741,84,38,5.56
20584,3741,53,37,5.5
20585,3741,49,141,32.76
20586,3741,32,130,1.0
20587,3741,35,78,24.94
20588,3742,90,186,15.0
20589,3742,83,165,29.94
20590,3742,17,136,22.41
20591,3743,46,162,20.49
20592,3743,28,193,39.36
20593,3743,88,154,3.53
20594,3743,63,195,26.78
20595,3743,28,117,20.31
20596,3743,35,50,5.14
20597,3743,9,30,36.43
20598,3743,18,191,32.34
20599,3744,18,145,28.62
20600,3744,62,134,12.95
20601,3744,85,99,8.05
20602,3744,73,153,28.26
20603,3744,63,119,28.76
20604,3744,81,129,9.52
20605,3744,21,117,30.3
20606,3744,40,51,17.71
20607,3745,28,17,3.94
20608,3745,18,61,13.94
20609,3745,18,134,27.17
20610,3745,87,78,9.95
20611,3745,5,127,3.36
20612,3745,52,46,30.81
20613,3746,62,145,28.69
20614,3746,90,88,21.11
20615,3746,4,174,12.96
20616,3746,33,40,9.56
20617,3746,3,112,16.37
20618,3747,90,136,6.17
20619,3747,39,95,5.15
20620,3747,46,115,0.75
20621,3747,76,23,3.51
20622,3747,34,143,1.06
20623,3747,71,28,2.81
20624,3747,55,170,13.88
20625,3748,1,62,25.84
20626,3748,28,184,31.37
20627,3748,56,53,39.19
20628,3748,61,92,1.36
20629,3748,81,85,8.78
20630,3748,24,194,17.07
20631,3748,21,133,22.62
20632,3748,50,189,36.91
20633,3749,89,142,8.58
20634,3749,58,95,24.0
20635,3749,34,193,14.58
20636,3749,62,188,2.65
20637,3749,19,64,30.2
20638,3749,61,173,31.8
20639,3750,40,20,29.77
20640,3750,53,125,37.7
20641,3750,14,105,21.23
20642,3750,64,166,13.07
20643,3750,17,83,29.16
20644,3750,82,147,20.07
20645,3751,84,174,15.11
20646,3751,3,126,13.61
20647,3751,54,76,12.59
20648,3751,49,170,10.28
20649,3751,74,56,4.29
20650,3752,51,89,7.06
20651,3752,36,193,35.69
20652,3752,37,60,16.32
20653,3752,38,200,13.27
20654,3752,76,29,28.64
20655,3752,55,22,2.49
20656,3752,23,191,5.95
20657,3753,55,136,35.12
20658,3753,80,50,17.09
20659,3753,18,87,9.56
20660,3753,36,193,29.29
20661,3753,13,128,31.61
20662,3753,85,26,34.04
20663,3753,67,183,29.6
20664,3753,69,166,28.34
20665,3754,39,114,24.71
20666,3754,85,39,27.83
20667,3754,75,66,32.82
20668,3755,62,80,39.47
20669,3755,22,54,28.71
20670,3755,61,119,19.68
20671,3755,87,74,11.05
20672,3755,61,28,21.78
20673,3756,78,23,10.53
20674,3756,70,23,20.55
20675,3756,53,45,28.67
20676,3756,67,192,9.64
20677,3757,37,57,18.94
20678,3757,76,65,37.0
20679,3757,77,31,29.21
20680,3758,75,95,9.55
20681,3758,43,64,25.34
20682,3758,37,40,7.0
20683,3758,55,116,16.42
20684,3758,23,178,2.29
20685,3758,72,93,15.99
20686,3758,6,167,0.64
20687,3758,20,141,22.15
20688,3759,16,172,5.7
20689,3759,12,101,1.83
20690,3759,49,33,34.53
20691,3760,20,128,39.33
20692,3760,89,124,26.99
20693,3760,12,175,11.28
20694,3760,7,89,36.74
20695,3760,18,143,21.68
20696,3760,53,84,29.38
20697,3760,65,140,1.34
20698,3760,80,16,28.46
20699,3761,49,17,13.75
20700,3761,14,199,29.78
20701,3761,48,85,29.48
20702,3761,50,80,39.73
20703,3762,14,37,5.54
20704,3762,27,29,12.47
20705,3762,72,146,16.54
20706,3762,30,116,17.22
20707,3762,5,54,24.53
20708,3762,48,78,36.87
20709,3762,44,154,28.3
20710,3763,53,98,35.05
20711,3763,63,19,33.02
20712,3763,45,115,6.01
20713,3763,90,84,11.71
20714,3764,83,18,28.57
20715,3764,70,32,28.39
20716,3764,55,21,28.67
20717,3764,77,115,7.53
20718,3764,88,73,22.83
20719,3764,42,196,31.44
20720,3764,82,121,4.11
20721,3765,2,11,8.54
20722,3765,34,170,25.57
20723,3765,74,185,6.36
20724,3766,66,108,1.94
20725,3766,89,193,20.1
20726,3766,88,93,18.17
20727,3766,12,102,14.8
20728,3766,43,108,5.96
20729,3766,89,58,23.22
20730,3766,37,137,16.93
20731,3767,37,96,18.53
20732,3767,48,168,33.27
20733,3767,85,197,0.77
20734,3767,44,40,24.29
20735,3767,71,17,23.66
20736,3767,77,168,31.02
20737,3767,8,101,15.36
20738,3767,28,42,15.9
20739,3768,89,97,29.46
20740,3768,8,69,4.33
20741,3768,32,16,20.61
20742,3768,5,71,9.46
20743,3768,21,80,16.71
20744,3768,62,117,26.75
20745,3768,54,151,26.28
20746,3768,58,197,0.71
20747,3769,7,169,26.61
20748,3769,9,11,19.06
20749,3769,20,154,24.76
20750,3769,56,136,7.26
20751,3769,37,144,13.88
20752,3769,15,97,33.85
20753,3769,58,19,37.58
20754,3770,12,122,32.38
20755,3770,10,179,2.48
20756,3770,30,177,25.25
20757,3770,44,136,38.6
20758,3770,6,95,35.36
20759,3770,30,177,9.16
20760,3770,83,88,33.58
20761,3771,63,105,2.83
20762,3771,27,112,36.04
20763,3771,44,63,22.77
20764,3771,89,57,20.54
20765,3771,27,106,37.43
20766,3772,47,45,14.56
20767,3772,35,35,26.17
20768,3772,46,22,17.54
20769,3773,45,85,2.91
20770,3773,52,155,17.32
20771,3773,13,80,20.7
20772,3774,19,96,16.55
20773,3774,32,169,10.28
20774,3774,8,158,32.39
20775,3774,19,184,6.63
20776,3774,10,33,19.23
20777,3774,16,104,14.4
20778,3775,15,191,19.6
20779,3775,38,50,31.53
20780,3775,14,97,5.72
20781,3775,89,158,36.91
20782,3776,77,70,17.08
20783,3776,74,160,20.06
20784,3776,61,58,34.68
20785,3776,80,104,14.88
20786,3776,30,33,1.43
20787,3776,31,171,34.05
20788,3776,69,119,30.91
20789,3776,67,119,8.18
20790,3777,29,12,27.02
20791,3777,61,101,15.46
20792,3777,58,87,12.85
20793,3777,60,194,19.83
20794,3778,18,103,16.84
20795,3778,66,103,3.18
20796,3778,4,60,4.82
20797,3778,9,168,39.95
20798,3779,25,148,36.97
20799,3779,40,94,33.72
20800,3779,8,72,5.95
20801,3779,35,36,14.03
20802,3779,56,74,7.73
20803,3779,47,104,22.94
20804,3779,18,137,3.42
20805,3779,80,56,39.01
20806,3780,11,181,4.67
20807,3780,87,142,15.7
20808,3780,78,181,28.78
20809,3780,66,58,39.35
20810,3780,82,139,35.52
20811,3781,22,156,29.71
20812,3781,81,121,17.64
20813,3781,8,78,28.01
20814,3782,55,148,29.5
20815,3782,6,26,19.07
20816,3782,10,104,27.92
20817,3782,69,77,26.03
20818,3782,60,82,10.73
20819,3782,6,25,2.89
20820,3782,33,185,39.21
20821,3782,83,33,38.99
20822,3783,54,86,23.53
20823,3783,24,66,6.64
20824,3783,22,86,25.55
20825,3783,88,172,27.02
20826,3783,5,66,20.39
20827,3783,27,87,19.51
20828,3783,84,81,38.35
20829,3783,75,92,7.74
20830,3784,61,131,26.0
20831,3784,24,50,25.8
20832,3784,57,26,15.52
20833,3784,71,75,10.03
20834,3785,37,195,27.08
20835,3785,18,109,2.08
20836,3785,44,68,20.38
20837,3785,47,100,14.32
20838,3785,65,96,39.41
20839,3786,8,66,37.27
20840,3786,61,127,27.52
20841,3786,33,80,29.93
20842,3786,74,99,31.53
20843,3786,72,95,8.86
20844,3786,78,36,5.39
20845,3786,9,67,35.12
20846,3787,11,57,4.64
20847,3787,55,35,35.76
20848,3787,83,125,17.07
20849,3787,46,33,30.51
20850,3788,13,173,1.69
20851,3788,82,179,24.24
20852,3788,82,73,9.13
20853,3788,13,46,17.76
20854,3788,19,177,20.27
20855,3788,1,24,36.16
20856,3788,37,166,22.09
20857,3788,85,177,21.77
20858,3789,33,143,12.02
20859,3789,36,72,34.96
20860,3789,72,23,2.76
20861,3789,49,114,16.72
20862,3789,67,177,3.55
20863,3790,20,47,35.1
20864,3790,31,71,37.45
20865,3790,27,108,11.4
20866,3790,55,156,14.31
20867,3790,73,184,12.78
20868,3790,47,188,37.31
20869,3791,47,86,21.16
20870,3791,68,102,2.53
20871,3791,28,48,15.04
20872,3792,85,174,24.96
20873,3792,8,133,36.03
20874,3792,22,116,24.44
20875,3792,47,57,8.8
20876,3793,19,125,39.38
20877,3793,18,97,31.67
20878,3793,63,12,3.24
20879,3793,5,13,34.2
20880,3793,37,21,19.29
20881,3793,67,141,6.85
20882,3794,40,141,13.17
20883,3794,79,67,35.34
20884,3794,64,141,35.17
20885,3794,65,130,20.45
20886,3794,85,133,8.61
20887,3794,7,99,9.7
20888,3794,51,132,39.61
20889,3794,52,122,18.5
20890,3795,81,58,17.97
20891,3795,52,131,32.98
20892,3795,72,20,8.51
20893,3795,57,41,28.51
20894,3795,74,157,23.27
20895,3795,88,113,29.78
20896,3796,44,133,21.29
20897,3796,23,60,25.77
20898,3796,35,166,29.71
20899,3796,5,148,9.2
20900,3797,19,169,15.06
20901,3797,30,111,12.84
20902,3797,10,79,21.78
20903,3797,61,135,17.89
20904,3797,82,85,13.88
20905,3797,73,80,5.3
20906,3798,1,148,23.41
20907,3798,68,144,36.62
20908,3798,8,160,30.54
20909,3798,22,15,17.83
20910,3798,50,82,12.05
20911,3798,68,26,19.29
20912,3798,46,100,38.44
20913,3799,9,170,7.71
20914,3799,45,92,5.97
20915,3799,42,17,36.09
20916,3799,25,23,21.99
20917,3799,89,129,36.94
20918,3799,61,114,2.5
20919,3799,23,130,38.54
20920,3800,18,39,33.61
20921,3800,44,138,31.04
20922,3800,81,113,8.72
20923,3800,26,190,34.75
20924,3801,55,129,39.12
20925,3801,29,171,15.69
20926,3801,38,138,27.55
20927,3801,68,143,9.77
20928,3801,51,45,29.56
20929,3801,88,176,5.01
20930,3801,57,197,36.5
20931,3802,76,85,28.71
20932,3802,60,26,21.61
20933,3802,66,142,1.0
20934,3802,86,109,27.1
20935,3802,83,186,14.14
20936,3802,30,31,23.62
20937,3802,36,51,22.81
20938,3802,58,61,31.26
20939,3803,50,199,8.57
20940,3803,49,85,15.86
20941,3803,10,25,35.99
20942,3803,59,150,27.76
20943,3803,13,53,18.33
20944,3803,77,75,24.98
20945,3803,61,118,13.35
20946,3804,29,163,3.07
20947,3804,19,133,1.86
20948,3804,80,35,11.75
20949,3804,83,40,21.11
20950,3805,31,62,21.51
20951,3805,87,70,4.84
20952,3805,64,55,23.44
20953,3805,5,70,18.37
20954,3806,85,159,26.69
20955,3806,16,195,24.65
20956,3806,46,32,8.23
20957,3807,19,163,1.87
20958,3807,2,60,14.35
20959,3807,22,173,1.3
20960,3807,47,132,26.04
20961,3807,5,151,8.26
20962,3808,31,195,0.59
20963,3808,27,23,20.12
20964,3808,30,170,20.13
20965,3808,83,114,31.58
20966,3808,19,196,24.46
20967,3808,52,35,6.29
20968,3809,69,179,26.59
20969,3809,89,52,7.96
20970,3809,16,185,17.16
20971,3809,4,60,2.53
20972,3809,79,163,7.81
20973,3809,87,105,16.41
20974,3809,87,30,39.41
20975,3810,13,99,8.79
20976,3810,7,140,32.34
20977,3810,37,24,6.84
20978,3810,53,28,18.94
20979,3811,89,141,23.78
20980,3811,32,43,9.16
20981,3811,48,75,5.93
20982,3811,19,197,8.62
20983,3812,64,142,4.84
20984,3812,50,55,32.08
20985,3812,36,50,19.27
20986,3812,47,176,17.56
20987,3812,57,15,19.37
20988,3812,20,27,27.72
20989,3812,16,114,9.13
20990,3812,41,24,27.3
20991,3813,3,106,26.22
20992,3813,16,77,35.09
20993,3813,6,109,38.35
20994,3814,1,16,27.47
20995,3814,33,26,27.85
20996,3814,35,74,14.69
20997,3814,49,34,39.5
20998,3815,32,128,0.6
20999,3815,20,65,29.95
21000,3815,86,130,24.52
21001,3815,67,70,32.26
21002,3815,24,170,9.31
21003,3816,57,16,24.1
21004,3816,73,104,8.55
21005,3816,39,47,14.49
21006,3816,9,137,2.87
21007,3816,25,191,13.01
21008,3816,69,33,27.29
21009,3817,18,77,22.59
21010,3817,80,73,34.51
21011,3817,65,130,5.37
21012,3817,2,36,16.47
21013,3817,72,143,38.31
21014,3818,90,56,35.54
21015,3818,9,179,5.66
21016,3818,16,22,23.81
21017,3819,18,195,23.08
21018,3819,50,130,11.07
21019,3819,54,190,23.97
21020,3820,37,156,31.41
21021,3820,14,121,32.06
21022,3820,77,65,27.97
21023,3820,39,149,9.8
21024,3821,4,148,13.99
21025,3821,39,134,3.79
21026,3821,57,37,13.13
21027,3821,53,84,21.11
21028,3821,89,106,10.48
21029,3821,20,48,28.68
21030,3821,51,160,15.76
21031,3822,13,93,36.85
21032,3822,77,166,17.11
21033,3822,76,167,8.28
21034,3822,83,171,6.8
21035,3822,26,74,8.25
21036,3822,77,48,17.51
21037,3822,3,82,20.74
21038,3822,33,15,4.9
21039,3823,27,148,4.86
21040,3823,9,178,21.11
21041,3823,79,123,9.92
21042,3823,27,187,25.2
21043,3823,37,132,4.39
21044,3823,85,51,13.99
21045,3824,30,167,2.89
21046,3824,14,109,22.97
21047,3824,23,143,4.54
21048,3824,70,140,15.1
21049,3824,69,74,1.97
21050,3824,31,84,9.54
21051,3825,58,189,8.88
21052,3825,51,168,38.77
21053,3825,67,191,17.7
21054,3825,60,96,27.55
21055,3825,77,131,2.9
21056,3825,43,193,27.87
21057,3825,37,48,35.63
21058,3825,18,179,25.31
21059,3826,61,126,35.15
21060,3826,21,18,35.52
21061,3826,7,194,13.19
21062,3826,30,116,31.24
21063,3826,68,194,31.22
21064,3827,29,90,36.57
21065,3827,32,149,7.46
21066,3827,14,148,19.02
21067,3827,53,125,27.99
21068,3827,21,156,11.12
21069,3828,48,66,25.45
21070,3828,79,37,6.41
21071,3828,64,195,2.73
21072,3829,23,23,38.92
21073,3829,53,175,32.24
21074,3829,20,137,5.44
21075,3829,36,126,37.28
21076,3829,73,158,38.22
21077,3829,55,130,10.77
21078,3830,19,69,23.84
21079,3830,46,44,17.68
21080,3830,45,182,32.39
21081,3830,43,187,25.48
21082,3830,44,123,16.61
21083,3830,86,141,5.34
21084,3831,46,117,33.67
21085,3831,88,91,14.16
21086,3831,32,22,30.11
21087,3832,36,60,25.27
21088,3832,77,62,21.47
21089,3832,21,179,18.25
21090,3832,2,131,26.31
21091,3832,47,165,28.85
21092,3832,30,100,24.96
21093,3832,23,83,7.11
21094,3832,72,86,10.4
21095,3833,76,13,4.33
21096,3833,61,26,1.95
21097,3833,26,134,21.24
21098,3833,10,186,32.3
21099,3833,16,149,17.53
21100,3833,76,72,21.97
21101,3833,75,185,28.31
21102,3834,36,170,13.66
21103,3834,64,187,27.76
21104,3834,18,153,11.75
21105,3834,28,139,10.88
21106,3835,68,128,31.43
21107,3835,33,167,29.55
21108,3835,12,155,8.34
21109,3835,15,150,26.25
21110,3835,29,43,9.71
21111,3835,25,93,4.52
21112,3835,43,23,24.81
21113,3836,35,16,27.16
21114,3836,73,194,26.9
21115,3836,71,197,24.81
21116,3836,31,72,38.69
21117,3836,27,124,27.34
21118,3837,68,25,13.39
21119,3837,71,51,24.7
21120,3837,75,145,24.29
21121,3837,44,155,30.04
21122,3837,9,82,38.19
21123,3838,43,27,14.32
21124,3838,53,134,11.33
21125,3838,39,44,33.9
21126,3838,24,128,8.36
21127,3838,5,116,9.97
21128,3838,38,128,2.01
21129,3838,68,132,2.87
21130,3839,86,148,35.96
21131,3839,79,37,24.35
21132,3839,80,84,36.19
21133,3839,35,123,17.17
21134,3839,26,172,26.52
21135,3840,3,75,31.3
21136,3840,6,39,10.13
21137,3840,2,60,39.61
21138,3840,56,12,36.7
21139,3840,76,37,23.66
21140,3840,13,198,19.98
21141,3840,73,129,1.34
21142,3841,13,15,20.41
21143,3841,23,134,29.87
21144,3841,30,118,7.06
21145,3841,24,91,15.02
21146,3842,2,73,6.37
21147,3842,18,28,5.12
21148,3842,90,139,20.57
21149,3842,79,174,36.5
21150,3842,9,152,16.49
21151,3842,4,130,1.07
21152,3842,40,30,27.8
21153,3843,33,32,37.0
21154,3843,72,97,29.81
21155,3843,85,173,10.61
21156,3843,90,63,29.18
21157,3844,5,99,8.39
21158,3844,40,12,14.86
21159,3844,38,137,33.75
21160,3844,73,56,35.95
21161,3844,82,64,2.14
21162,3844,70,26,30.87
21163,3844,61,195,25.08
21164,3844,30,79,14.49
21165,3845,86,16,33.6
21166,3845,86,53,15.83
21167,3845,39,179,33.64
21168,3845,32,197,9.39
21169,3845,49,43,13.02
21170,3845,74,161,22.82
21171,3845,57,150,33.78
21172,3846,24,45,18.38
21173,3846,62,189,6.87
21174,3846,18,115,8.38
21175,3846,68,118,4.91
21176,3846,60,38,15.52
21177,3847,68,36,31.57
21178,3847,65,34,1.65
21179,3847,46,49,12.27
21180,3847,42,13,7.93
21181,3847,59,174,21.64
21182,3848,15,190,35.05
21183,3848,84,171,13.85
21184,3848,80,111,4.12
21185,3849,43,127,23.58
21186,3849,63,164,22.17
21187,3849,29,31,35.33
21188,3850,80,31,4.85
21189,3850,87,129,12.55
21190,3850,45,97,37.53
21191,3850,52,104,30.65
21192,3850,31,12,7.59
21193,3850,1,16,17.23
21194,3850,52,98,26.24
21195,3850,25,50,2.49
21196,3851,37,50,6.35
21197,3851,36,129,36.08
21198,3851,2,76,6.68
21199,3851,38,138,39.28
21200,3851,7,29,8.45
21201,3851,62,45,12.18
21202,3851,3,153,24.81
21203,3851,19,194,2.61
21204,3852,89,150,27.35
21205,3852,57,92,6.22
21206,3852,73,67,6.82
21207,3852,78,86,11.43
21208,3852,49,88,9.18
21209,3852,3,42,23.75
21210,3852,18,16,22.78
21211,3852,56,177,13.99
21212,3853,15,174,28.23
21213,3853,61,143,30.64
21214,3853,18,13,21.08
21215,3853,77,54,18.55
21216,3853,74,136,24.83
21217,3853,33,152,8.92
21218,3854,64,77,6.06
21219,3854,65,169,0.85
21220,3854,58,100,2.91
21221,3855,58,99,1.78
21222,3855,83,29,39.84
21223,3855,81,187,33.86
21224,3855,66,41,14.63
21225,3855,25,119,17.42
21226,3856,1,39,7.44
21227,3856,3,63,22.87
21228,3856,68,176,37.55
21229,3856,90,162,18.69
21230,3856,8,181,12.63
21231,3856,52,96,38.49
21232,3856,43,85,35.03
21233,3857,70,152,20.28
21234,3857,2,60,32.2
21235,3857,21,27,36.71
21236,3857,74,62,1.57
21237,3857,12,152,31.62
21238,3857,67,177,12.29
21239,3857,17,160,30.92
21240,3858,21,24,32.58
21241,3858,71,137,9.66
21242,3858,71,88,9.21
21243,3858,22,35,14.97
21244,3858,51,69,31.67
21245,3858,38,60,39.29
21246,3859,81,99,5.57
21247,3859,32,139,4.27
21248,3859,37,131,12.63
21249,3859,27,190,7.25
21250,3860,58,100,12.86
21251,3860,68,68,14.81
21252,3860,56,98,27.94
21253,3860,33,28,7.96
21254,3860,74,17,39.88
21255,3861,32,42,23.06
21256,3861,73,43,27.76
21257,3861,1,57,35.81
21258,3861,18,57,5.38
21259,3861,19,70,27.29
21260,3862,30,49,25.57
21261,3862,84,187,5.95
21262,3862,65,146,24.5
21263,3862,61,25,27.29
21264,3862,87,198,17.64
21265,3862,8,172,14.41
21266,3862,8,118,33.94
21267,3862,15,17,30.31
21268,3863,50,159,36.44
21269,3863,89,136,19.22
21270,3863,83,128,13.82
21271,3864,86,173,19.63
21272,3864,27,113,29.38
21273,3864,19,39,17.97
21274,3864,43,192,39.57
21275,3865,86,14,32.63
21276,3865,35,190,27.99
21277,3865,51,164,4.05
21278,3865,38,57,29.65
21279,3865,71,23,30.46
21280,3865,84,147,17.71
21281,3865,12,158,39.58
21282,3866,39,91,13.5
21283,3866,17,192,18.25
21284,3866,41,173,8.36
21285,3866,2,16,10.43
21286,3866,15,18,7.34
21287,3866,26,66,33.92
21288,3867,11,27,15.99
21289,3867,78,42,19.88
21290,3867,84,22,10.14
21291,3867,71,162,9.7
21292,3867,10,181,9.35
21293,3868,3,72,17.56
21294,3868,42,125,3.48
21295,3868,68,142,24.09
21296,3868,19,161,26.2
21297,3868,10,163,1.69
21298,3868,5,31,21.92
21299,3868,46,79,0.95
21300,3869,67,134,34.88
21301,3869,29,152,3.89
21302,3869,64,34,19.6
21303,3869,35,133,11.99
21304,3869,3,131,24.69
21305,3870,26,70,35.67
21306,3870,32,111,6.28
21307,3870,4,187,13.57
21308,3870,57,112,6.46
21309,3870,89,22,28.27
21310,3871,78,72,5.33
21311,3871,69,193,14.94
21312,3871,65,96,7.34
21313,3871,84,35,37.64
21314,3871,56,46,15.09
21315,3871,77,101,37.16
21316,3872,69,135,11.64
21317,3872,18,75,8.55
21318,3872,38,159,2.77
21319,3872,26,75,6.13
21320,3872,75,50,16.67
21321,3872,40,75,12.33
21322,3872,27,11,10.42
21323,3872,3,104,39.85
21324,3873,50,12,3.27
21325,3873,29,173,18.41
21326,3873,22,151,15.88
21327,3873,64,91,25.86
21328,3873,56,113,29.71
21329,3873,4,135,8.19
21330,3873,44,188,27.69
21331,3874,60,36,18.59
21332,3874,3,114,39.84
21333,3874,42,19,7.29
21334,3875,26,29,10.83
21335,3875,53,184,12.08
21336,3875,20,21,6.49
21337,3875,58,111,14.65
21338,3876,59,99,21.13
21339,3876,89,62,12.33
21340,3876,38,187,11.2
21341,3876,57,199,15.52
21342,3876,22,69,16.17
21343,3876,90,155,15.7
21344,3877,24,11,33.66
21345,3877,46,169,20.0
21346,3877,53,133,34.01
21347,3878,45,17,16.14
21348,3878,83,163,7.08
21349,3878,11,164,37.54
21350,3878,16,32,14.2
21351,3878,48,119,14.06
21352,3878,23,167,34.47
21353,3878,59,181,22.43
21354,3879,88,150,0.93
21355,3879,35,120,19.51
21356,3879,78,66,36.1
21357,3879,72,70,23.53
21358,3879,7,48,25.2
21359,3880,21,182,36.29
21360,3880,26,183,34.81
21361,3880,34,32,9.53
21362,3880,5,59,27.72
21363,3880,78,125,21.19
21364,3880,41,30,12.34
21365,3880,10,55,1.12
21366,3880,9,28,30.75
21367,3881,30,116,22.01
21368,3881,23,183,9.8
21369,3881,83,89,37.13
21370,3881,60,116,5.32
21371,3881,43,97,21.49
21372,3881,37,159,38.28
21373,3882,39,12,0.63
21374,3882,15,29,33.21
21375,3882,46,46,4.1
21376,3882,34,15,26.84
21377,3882,62,118,29.08
21378,3882,62,143,15.44
21379,3882,13,167,21.5
21380,3883,32,142,8.38
21381,3883,30,62,5.35
21382,3883,57,171,33.17
21383,3883,57,112,1.49
21384,3884,57,127,8.03
21385,3884,48,73,9.82
21386,3884,53,77,3.63
21387,3884,40,33,7.01
21388,3884,48,132,32.74
21389,3884,73,147,22.31
21390,3885,79,165,33.94
21391,3885,26,94,6.98
21392,3885,47,28,6.6
21393,3886,44,89,37.36
21394,3886,52,137,34.87
21395,3886,8,12,11.8
21396,3886,46,184,22.13
21397,3886,6,35,39.77
21398,3887,25,80,4.44
21399,3887,16,110,8.25
21400,3887,54,28,1.89
21401,3888,14,105,8.16
21402,3888,87,172,5.95
21403,3888,58,152,1.37
21404,3889,69,114,8.11
21405,3889,72,178,32.12
21406,3889,11,163,38.38
21407,3889,18,149,12.82
21408,3889,14,163,10.83
21409,3889,57,82,15.87
21410,3889,4,195,14.71
21411,3890,85,197,2.99
21412,3890,70,60,23.07
21413,3890,62,116,28.32
21414,3890,45,60,21.39
21415,3891,17,189,11.06
21416,3891,78,98,3.77
21417,3891,72,112,9.77
21418,3891,70,176,23.51
21419,3891,23,128,20.97
21420,3891,80,153,25.99
21421,3892,73,108,35.52
21422,3892,59,189,8.49
21423,3892,89,162,29.27
21424,3892,79,102,15.63
21425,3892,67,18,29.36
21426,3892,67,92,29.69
21427,3892,77,178,39.6
21428,3892,56,99,6.15
21429,3893,82,171,12.51
21430,3893,61,151,39.63
21431,3893,49,78,39.98
21432,3893,67,16,5.44
21433,3893,43,39,26.17
21434,3893,65,82,32.1
21435,3893,18,179,29.92
21436,3893,49,87,5.38
21437,3894,47,146,9.95
21438,3894,75,92,25.62
21439,3894,71,143,1.35
21440,3895,49,54,29.19
21441,3895,58,72,38.16
21442,3895,86,147,7.62
21443,3895,51,14,17.73
21444,3896,47,11,37.24
21445,3896,11,181,19.12
21446,3896,84,167,7.13
21447,3896,52,35,4.22
21448,3897,42,121,28.27
21449,3897,49,175,23.13
21450,3897,31,195,7.64
21451,3897,18,198,8.17
21452,3897,63,187,36.94
21453,3897,52,188,13.93
21454,3897,33,194,38.11
21455,3898,16,27,4.05
21456,3898,22,15,33.87
21457,3898,19,128,7.18
21458,3898,15,110,10.06
21459,3899,87,170,4.27
21460,3899,77,67,39.93
21461,3899,73,42,26.58
21462,3899,32,67,39.46
21463,3899,3,165,28.62
21464,3899,69,111,10.15
21465,3899,38,121,23.63
21466,3899,32,45,15.64
21467,3900,75,196,23.92
21468,3900,55,106,32.87
21469,3900,76,14,34.8
21470,3900,58,80,5.7
21471,3901,65,170,25.15
21472,3901,23,47,21.35
21473,3901,4,12,7.82
21474,3901,29,174,19.16
21475,3902,37,26,18.6
21476,3902,32,186,34.62
21477,3902,50,38,6.82
21478,3903,12,150,23.85
21479,3903,44,171,11.55
21480,3903,84,159,37.23
21481,3903,45,30,27.69
21482,3903,88,96,6.73
21483,3903,68,184,13.98
21484,3903,74,122,6.46
21485,3904,10,67,6.1
21486,3904,88,66,18.29
21487,3904,3,158,1.14
21488,3904,31,36,9.97
21489,3904,51,89,12.02
21490,3904,30,164,0.89
21491,3905,74,95,22.64
21492,3905,25,187,5.78
21493,3905,86,118,14.75
21494,3905,79,13,5.17
21495,3906,84,146,24.7
21496,3906,82,109,12.34
21497,3906,77,25,10.25
21498,3906,87,23,30.71
21499,3906,50,129,37.19
21500,3907,26,82,16.63
21501,3907,6,107,25.3
21502,3907,4,108,14.2
21503,3907,9,47,4.93
21504,3907,64,89,19.14
21505,3907,53,134,7.6
21506,3907,39,19,39.27
21507,3907,70,149,36.78
21508,3908,44,173,8.34
21509,3908,54,109,22.2
21510,3908,89,134,28.45
21511,3908,57,63,33.09
21512,3908,39,175,39.87
21513,3908,14,147,36.14
21514,3909,87,62,4.79
21515,3909,78,139,5.82
21516,3909,26,194,20.19
21517,3909,76,200,15.18
21518,3909,39,44,27.36
21519,3909,4,94,16.73
21520,3909,65,15,38.51
21521,3910,51,125,13.03
21522,3910,50,100,35.31
21523,3910,80,183,28.28
21524,3910,1,105,10.09
21525,3911,16,12,32.62
21526,3911,35,170,17.68
21527,3911,81,15,33.12
21528,3911,43,37,0.59
21529,3911,3,34,36.0
21530,3911,80,97,0.63
21531,3912,51,79,34.94
21532,3912,19,125,4.52
21533,3912,59,99,32.11
21534,3912,2,102,23.16
21535,3913,48,137,29.38
21536,3913,31,158,20.09
21537,3913,24,74,31.9
21538,3914,76,34,25.16
21539,3914,75,191,12.98
21540,3914,63,89,17.43
21541,3914,42,32,23.19
21542,3914,38,118,27.41
21543,3914,48,106,8.84
21544,3914,15,111,1.67
21545,3915,34,181,21.63
21546,3915,74,133,22.54
21547,3915,79,87,4.65
21548,3915,64,42,17.51
21549,3915,29,187,28.37
21550,3915,18,142,22.26
21551,3915,65,12,27.32
21552,3916,40,59,39.71
21553,3916,5,179,38.64
21554,3916,45,48,2.07
21555,3917,4,84,6.89
21556,3917,54,156,27.95
21557,3917,6,148,19.39
21558,3917,23,90,9.84
21559,3917,49,136,26.45
21560,3917,76,159,38.21
21561,3917,85,139,30.07
21562,3918,50,27,10.34
21563,3918,84,48,37.61
21564,3918,59,145,21.59
21565,3919,81,32,17.66
21566,3919,24,110,17.18
21567,3919,52,166,20.57
21568,3919,35,45,6.83
21569,3919,31,68,36.84
21570,3919,68,83,12.53
21571,3919,40,112,3.2
21572,3919,59,155,29.33
21573,3920,59,27,27.38
21574,3920,11,122,31.3
21575,3920,38,167,37.92
21576,3920,83,189,12.72
21577,3920,82,28,14.85
21578,3920,25,108,39.92
21579,3920,33,95,34.27
21580,3920,88,180,25.85
21581,3921,30,48,4.24
21582,3921,88,144,4.84
21583,3921,49,131,32.42
21584,3922,51,37,0.94
21585,3922,8,134,5.55
21586,3922,8,129,37.63
21587,3922,66,184,35.13
21588,3922,10,117,35.15
21589,3923,55,83,1.82
21590,3923,7,96,22.27
21591,3923,37,85,14.21
21592,3923,18,138,35.14
21593,3923,62,45,25.07
21594,3923,21,147,25.03
21595,3923,10,38,33.86
21596,3923,56,82,32.53
21597,3924,35,144,30.01
21598,3924,20,90,31.95
21599,3924,42,136,12.35
21600,3924,71,103,25.06
21601,3924,29,62,36.65
21602,3924,46,158,23.35
21603,3924,26,67,10.6
21604,3924,71,57,31.28
21605,3925,65,135,4.92
21606,3925,76,74,15.64
21607,3925,57,98,17.58
21608,3926,81,56,12.74
21609,3926,59,114,21.01
21610,3926,61,44,13.53
21611,3926,85,156,17.98
21612,3926,81,28,8.0
21613,3926,42,200,11.5
21614,3926,25,118,20.2
21615,3927,88,121,32.75
21616,3927,56,47,24.83
21617,3927,76,80,37.43
21618,3927,60,170,38.05
21619,3928,42,180,19.71
21620,3928,77,160,23.58
21621,3928,64,90,3.16
21622,3928,80,83,21.38
21623,3928,32,182,8.49
21624,3929,73,120,39.89
21625,3929,9,89,37.7
21626,3929,64,39,14.9
21627,3929,88,199,23.32
21628,3929,88,127,20.08
21629,3929,10,157,10.71
21630,3929,81,79,13.47
21631,3930,34,19,35.13
21632,3930,59,126,32.8
21633,3930,11,140,11.62
21634,3931,4,93,34.06
21635,3931,32,102,5.84
21636,3931,77,66,33.79
21637,3931,18,128,16.52
21638,3931,90,134,8.02
21639,3932,16,140,17.52
21640,3932,44,183,9.24
21641,3932,85,121,4.14
21642,3932,52,168,3.52
21643,3933,79,81,14.14
21644,3933,21,52,18.16
21645,3933,76,35,20.93
21646,3933,2,100,12.91
21647,3933,34,135,2.51
21648,3933,54,153,21.4
21649,3933,31,193,0.68
21650,3933,18,154,16.99
21651,3934,53,175,10.23
21652,3934,51,76,2.39
21653,3934,75,125,16.62
21654,3934,70,51,18.01
21655,3934,85,50,29.99
21656,3934,72,150,7.46
21657,3934,53,72,5.35
21658,3934,73,113,30.27
21659,3935,39,21,17.88
21660,3935,33,147,37.33
21661,3935,68,194,30.3
21662,3935,10,116,34.63
21663,3935,20,12,11.52
21664,3936,18,128,19.67
21665,3936,15,126,30.35
21666,3936,38,183,35.12
21667,3937,78,174,30.78
21668,3937,25,132,22.01
21669,3937,72,130,6.82
21670,3937,18,128,14.3
21671,3937,11,79,1.49
21672,3937,49,93,33.39
21673,3937,43,149,0.82
21674,3938,14,119,35.45
21675,3938,57,22,15.27
21676,3938,82,77,22.22
21677,3938,72,129,13.87
21678,3939,81,170,37.58
21679,3939,24,147,25.61
21680,3939,45,106,33.07
21681,3939,66,182,23.17
21682,3939,19,45,33.78
21683,3939,68,26,25.68
21684,3939,62,32,33.57
21685,3939,5,150,7.88
21686,3940,28,61,10.65
21687,3940,90,132,18.57
21688,3940,82,171,24.83
21689,3941,70,69,14.61
21690,3941,71,82,13.98
21691,3941,75,18,27.07
21692,3941,53,134,25.53
21693,3941,68,34,8.77
21694,3941,87,46,30.15
21695,3942,53,192,20.24
21696,3942,51,181,11.61
21697,3942,41,180,21.08
21698,3942,32,72,14.57
21699,3942,49,73,20.98
21700,3942,86,52,36.26
21701,3942,22,56,18.14
21702,3943,59,134,9.83
21703,3943,69,89,39.12
21704,3943,75,139,12.87
21705,3943,8,125,33.32
21706,3943,5,172,6.03
21707,3943,56,148,4.03
21708,3944,30,109,26.87
21709,3944,19,200,1.25
21710,3944,45,86,15.34
21711,3944,17,28,10.61
21712,3944,76,33,29.49
21713,3944,82,56,21.69
21714,3945,14,179,23.8
21715,3945,16,173,26.37
21716,3945,33,156,38.35
21717,3945,83,116,36.88
21718,3946,69,94,28.13
21719,3946,65,24,33.7
21720,3946,1,56,26.15
21721,3947,86,189,29.81
21722,3947,70,13,22.99
21723,3947,53,27,6.67
21724,3948,71,194,32.6
21725,3948,39,200,9.64
21726,3948,77,131,31.46
21727,3949,53,91,19.1
21728,3949,62,58,21.03
21729,3949,14,116,28.06
21730,3950,25,56,27.48
21731,3950,45,83,29.86
21732,3950,47,67,17.57
21733,3950,52,93,17.17
21734,3950,13,92,10.8
21735,3950,2,163,21.06
21736,3951,58,190,19.16
21737,3951,82,154,17.75
21738,3951,20,158,7.84
21739,3952,14,148,12.38
21740,3952,54,29,26.48
21741,3952,25,45,18.38
21742,3952,32,16,26.53
21743,3952,51,195,27.0
21744,3952,85,190,15.67
21745,3953,13,172,21.0
21746,3953,39,128,32.07
21747,3953,83,119,36.47
21748,3954,45,156,15.34
21749,3954,57,32,6.26
21750,3954,7,150,39.67
21751,3954,86,131,15.61
21752,3955,45,107,7.38
21753,3955,88,86,30.58
21754,3955,16,146,2.84
21755,3955,82,142,21.35
21756,3955,10,170,33.69
21757,3955,81,71,18.52
21758,3955,8,83,28.82
21759,3955,41,174,21.16
21760,3956,5,16,29.24
21761,3956,41,24,18.66
21762,3956,74,126,13.78
21763,3956,19,51,32.62
21764,3956,59,139,0.85
21765,3956,53,136,18.03
21766,3956,39,138,3.27
21767,3956,75,61,0.95
21768,3957,86,120,20.34
21769,3957,35,42,34.87
21770,3957,55,71,37.13
21771,3957,56,30,22.11
21772,3957,76,34,39.0
21773,3957,41,97,35.91
21774,3957,56,103,18.56
21775,3957,60,47,22.22
21776,3958,87,39,29.09
21777,3958,60,107,7.8
21778,3958,87,70,20.62
21779,3958,21,110,32.63
21780,3958,63,24,31.44
21781,3959,72,119,18.76
21782,3959,62,32,35.21
21783,3959,53,81,3.37
21784,3960,33,179,27.09
21785,3960,75,32,6.48
21786,3960,85,66,17.45
21787,3961,67,17,35.98
21788,3961,85,52,24.47
21789,3961,77,140,0.68
21790,3961,10,64,30.61
21791,3962,56,135,36.38
21792,3962,69,195,36.98
21793,3962,50,133,14.12
21794,3962,80,120,15.29
21795,3962,57,109,39.62
21796,3962,4,72,34.97
21797,3962,23,133,12.42
21798,3963,70,70,24.87
21799,3963,57,182,13.11
21800,3963,1,97,35.64
21801,3963,2,150,37.0
21802,3964,14,85,17.46
21803,3964,63,38,14.34
21804,3964,11,172,21.82
21805,3965,7,71,6.79
21806,3965,22,85,29.02
21807,3965,79,26,9.85
21808,3965,5,88,35.56
21809,3965,58,78,14.1
21810,3965,58,175,16.11
21811,3966,69,31,23.06
21812,3966,17,137,13.6
21813,3966,65,80,28.5
21814,3967,76,87,36.2
21815,3967,58,164,7.85
21816,3967,22,128,26.97
21817,3967,7,31,38.59
21818,3967,20,75,26.3
21819,3968,79,171,15.62
21820,3968,32,131,5.24
21821,3968,89,28,24.23
21822,3968,41,40,34.76
21823,3968,4,151,18.5
21824,3968,15,116,12.88
21825,3969,7,62,32.19
21826,3969,57,111,3.2
21827,3969,42,51,11.87
21828,3969,71,36,17.41
21829,3969,36,94,9.99
21830,3969,90,191,21.98
21831,3970,82,172,32.55
21832,3970,60,44,11.49
21833,3970,82,122,14.16
21834,3970,26,168,33.53
21835,3971,5,32,11.65
21836,3971,67,47,39.84
21837,3971,79,52,8.36
21838,3971,62,166,39.66
21839,3971,24,103,27.25
21840,3971,87,163,15.56
21841,3971,53,180,13.21
21842,3971,49,116,1.51
21843,3972,68,112,14.48
21844,3972,11,98,39.03
21845,3972,4,70,13.3
21846,3972,48,151,4.57
21847,3972,70,183,2.71
21848,3973,4,101,17.22
21849,3973,88,133,19.46
21850,3973,24,173,4.65
21851,3973,56,14,2.09
21852,3973,35,197,28.96
21853,3973,28,148,1.86
21854,3973,4,197,17.29
21855,3973,32,194,24.55
21856,3974,32,118,23.61
21857,3974,15,13,24.33
21858,3974,80,195,35.71
21859,3974,85,144,18.39
21860,3975,26,181,0.76
21861,3975,85,167,35.47
21862,3975,56,94,4.11
21863,3975,70,20,1.73
21864,3975,62,57,4.52
21865,3975,26,94,19.13
21866,3976,66,125,35.12
21867,3976,63,25,36.04
21868,3976,2,23,26.58
21869,3976,45,93,37.67
21870,3976,47,13,26.28
21871,3977,75,13,36.35
21872,3977,8,177,13.33
21873,3977,24,160,24.43
21874,3977,34,46,9.38
21875,3977,46,98,26.72
21876,3977,26,175,8.27
21877,3977,78,53,27.61
21878,3978,87,87,8.36
21879,3978,1,46,13.58
21880,3978,85,172,36.57
21881,3978,32,187,1.16
21882,3979,18,45,39.29
21883,3979,55,197,23.4
21884,3979,33,176,27.11
21885,3979,62,177,10.91
21886,3980,78,172,28.98
21887,3980,14,40,33.63
21888,3980,57,173,28.99
21889,3981,49,133,21.34
21890,3981,44,62,39.49
21891,3981,26,84,25.7
21892,3981,25,196,10.08
21893,3981,87,127,20.74
21894,3981,29,126,2.06
21895,3982,88,21,8.37
21896,3982,52,31,8.58
21897,3982,28,133,28.37
21898,3982,42,16,17.15
21899,3982,41,25,9.22
21900,3982,48,34,35.98
21901,3982,15,111,9.83
21902,3983,88,125,25.19
21903,3983,31,115,32.59
21904,3983,22,99,35.57
21905,3983,31,13,10.18
21906,3983,85,176,5.46
21907,3984,57,70,7.87
21908,3984,17,112,35.62
21909,3984,78,43,37.75
21910,3984,58,44,25.65
21911,3985,78,87,29.93
21912,3985,3,160,28.78
21913,3985,43,30,33.95
21914,3985,9,10,31.27
21915,3986,74,157,16.81
21916,3986,54,129,34.23
21917,3986,72,155,36.8
21918,3987,87,144,26.54
21919,3987,57,26,8.83
21920,3987,5,66,6.86
21921,3987,76,47,31.5
21922,3987,38,86,7.36
21923,3987,22,37,8.87
21924,3987,38,198,8.55
21925,3988,5,25,26.04
21926,3988,38,197,36.8
21927,3988,80,94,15.33
21928,3988,25,17,30.21
21929,3989,44,138,19.87
21930,3989,24,16,7.21
21931,3989,58,101,6.55
21932,3989,3,187,7.3
21933,3989,46,110,23.96
21934,3989,11,140,39.51
21935,3989,1,121,28.4
21936,3990,31,144,19.45
21937,3990,39,69,19.99
21938,3990,32,11,14.35
21939,3990,46,167,17.08
21940,3990,63,115,9.83
21941,3991,30,172,7.87
21942,3991,18,127,26.45
21943,3991,78,122,36.21
21944,3991,63,76,22.2
21945,3991,12,69,37.97
21946,3991,13,80,6.28
21947,3992,51,167,37.84
21948,3992,9,89,10.3
21949,3992,39,17,4.52
21950,3992,76,145,22.66
21951,3992,90,153,12.69
21952,3993,26,194,36.84
21953,3993,14,141,37.13
21954,3993,33,57,21.66
21955,3993,37,13,31.79
21956,3993,90,170,21.56
21957,3993,65,103,16.76
21958,3993,29,138,0.82
21959,3993,85,149,31.23
21960,3994,7,83,25.85
21961,3994,52,78,37.37
21962,3994,90,102,28.51
21963,3995,70,132,33.18
21964,3995,25,44,37.29
21965,3995,67,128,1.09
21966,3995,79,103,29.24
21967,3995,86,150,31.38
21968,3996,22,69,26.87
21969,3996,47,168,10.97
21970,3996,18,197,32.13
21971,3996,53,157,21.86
21972,3996,6,118,22.3
21973,3997,88,192,38.86
21974,3997,19,46,11.18
21975,3997,37,120,30.94
21976,3997,55,95,14.87
21977,3998,58,42,32.9
21978,3998,30,96,26.54
21979,3998,11,132,5.72
21980,3998,36,186,22.2
21981,3998,59,162,27.44
21982,3998,60,20,35.61
21983,3998,75,163,10.98
21984,3998,36,106,4.4
21985,3999,8,117,28.4
21986,3999,37,84,20.19
21987,3999,88,10,17.18
21988,3999,90,135,12.64
21989,3999,78,199,3.01
21990,3999,21,108,1.68
21991,4000,58,26,4.75
21992,4000,55,85,20.59
21993,4000,19,59,6.22
