compra_id,fecha,tienda_id,proveedor_id,total
1,2023-04-12,1,7,7118.21
2,2023-12-21,5,11,15922.74
3,2024-08-01,12,9,8036.21
4,2024-10-16,20,7,16778.61
5,2024-08-24,18,3,4086.05
6,2024-09-20,12,4,18293.97
7,2024-09-03,13,9,4186.14
8,2023-12-12,7,13,12006.86
9,2024-05-24,1,11,6883.1
10,2025-12-01,15,12,13772.12
11,2024-06-07,2,7,7206.37
12,2025-12-01,4,11,9573.19
13,2025-04-19,7,6,12220.52
14,2025-11-13,3,13,4017.0
15,2024-08-18,2,14,9060.64
16,2023-07-10,9,15,14504.58
17,2023-11-23,2,14,9756.96
18,2023-09-25,20,1,12407.36
19,2025-06-05,20,2,16684.52
20,2024-04-26,13,14,5520.43
21,2023-02-06,16,12,4866.24
22,2024-02-28,17,9,16801.43
23,2023-08-06,12,12,1518.44
24,2025-07-25,13,4,11538.7
25,2025-10-18,17,3,5123.03
26,2023-09-20,6,12,15271.45
27,2025-03-25,8,5,13867.74
28,2024-08-18,7,10,21274.42
29,2023-10-25,1,7,3177.77
30,2023-03-08,10,4,14382.36
31,2025-02-20,2,15,14367.58
32,2025-07-08,7,5,5130.09
33,2024-06-06,19,14,4218.39
34,2024-09-08,20,14,6997.52
35,2024-08-24,11,6,10858.36
36,2024-10-19,8,1,7591.14
37,2023-01-16,18,9,15399.93
38,2024-04-11,18,2,14261.12
39,2025-10-26,3,6,6537.63
40,2023-11-17,1,8,18937.69
41,2024-09-16,18,2,3877.72
42,2023-04-22,19,14,11648.64
43,2024-09-18,11,10,23806.4
44,2023-06-17,6,11,10529.64
45,2025-08-24,18,5,22411.35
46,2025-09-17,5,12,4499.26
47,2025-12-03,11,2,9817.78
48,2024-07-29,3,9,8821.61
49,2024-03-07,16,8,15021.51
50,2024-08-03,1,15,4996.78
51,2024-01-08,19,14,11410.84
52,2023-03-21,16,15,12877.62
53,2025-05-21,19,2,12960.35
54,2025-12-06,1,10,6651.05
55,2024-06-03,14,11,10893.84
56,2024-12-06,10,10,16098.95
57,2023-06-30,20,7,5965.32
58,2023-04-28,10,12,12660.09
59,2023-12-14,8,10,10524.01
60,2025-04-07,7,8,15715.47
61,2025-08-01,15,11,19435.85
62,2024-01-01,11,2,7794.02
63,2023-06-10,4,2,16167.38
64,2023-09-04,6,8,16933.59
65,2025-03-31,12,6,8266.25
66,2023-01-20,5,8,5885.55
67,2023-12-01,4,12,3191.94
68,2024-06-11,18,9,10546.25
69,2023-06-10,15,15,11104.33
70,2024-07-01,10,12,8783.32
71,2023-04-21,16,9,5632.47
72,2024-04-14,13,5,10910.26
73,2024-07-11,18,15,16935.2
74,2023-11-15,14,5,5353.36
75,2025-02-04,1,9,8085.04
76,2024-07-10,8,9,10968.55
77,2024-10-18,16,4,3495.79
78,2023-01-17,15,12,4031.62
79,2024-06-29,5,1,13495.55
80,2024-03-02,4,9,18638.99
81,2025-06-08,4,4,7095.75
82,2023-11-19,3,4,15302.46
83,2025-02-12,1,12,14118.05
84,2023-11-25,9,14,6659.02
85,2023-02-08,6,15,12540.62
86,2023-03-06,5,3,13149.26
87,2024-03-28,2,6,16250.97
88,2024-03-18,10,2,15797.7
89,2024-01-05,4,3,20161.73
90,2024-06-04,18,15,7573.49
91,2024-07-19,1,13,11463.72
92,2025-09-15,11,13,16775.31
93,2025-06-08,11,6,3969.18
94,2025-10-30,13,8,4725.01
95,2025-03-28,2,9,15586.41
96,2024-05-11,17,4,3512.22
97,2024-12-06,7,6,13444.94
98,2024-12-04,10,1,23495.86
99,2024-02-16,2,5,17083.43
100,2023-06-30,20,9,10705.72
101,2024-12-21,1,6,12548.04
102,2023-10-09,13,11,11834.55
103,2024-11-05,14,5,12071.69
104,2023-08-31,18,12,11731.93
105,2023-09-27,7,2,8986.79
106,2025-10-25,16,3,19708.53
107,2025-09-30,15,14,28996.8
108,2023-03-22,13,12,23125.4
109,2024-01-04,17,2,17745.38
110,2025-12-08,12,2,22640.53
111,2023-09-27,4,15,13926.2
112,2025-09-01,19,11,4976.07
113,2024-09-03,19,14,15185.34
114,2023-03-15,12,15,2521.76
115,2024-07-16,5,2,19696.61
116,2024-10-10,10,7,17878.11
117,2023-08-31,7,1,12395.5
118,2024-03-10,18,13,4028.68
119,2024-11-13,1,2,10186.46
120,2024-11-17,18,15,9034.26
121,2025-12-30,11,7,11836.55
122,2024-05-01,16,15,4399.22
123,2025-09-17,11,15,26454.35
124,2025-12-02,2,2,15619.84
125,2024-07-09,18,6,6778.09
126,2025-02-24,2,2,9407.37
127,2024-11-11,12,5,6771.26
128,2024-04-19,15,8,8102.43
129,2023-08-20,3,8,11357.59
130,2025-04-26,13,10,11286.04
131,2024-04-28,18,12,3947.04
132,2023-08-11,13,2,9951.11
133,2025-06-09,10,15,9563.65
134,2024-03-08,13,7,13494.03
135,2025-05-21,20,15,16518.37
136,2025-09-13,12,2,19732.49
137,2025-11-15,16,8,18635.93
138,2023-02-25,10,13,4294.61
139,2025-07-03,5,11,8903.86
140,2025-02-23,14,13,5787.89
141,2024-09-09,13,8,16321.06
142,2024-07-12,14,10,19725.81
143,2023-01-22,6,6,14553.72
144,2024-01-14,5,7,11963.69
145,2025-05-24,9,13,18412.97
146,2023-08-06,7,10,15119.46
147,2023-01-08,13,10,14484.99
148,2025-07-30,11,2,12158.14
149,2024-01-24,15,12,10968.92
150,2023-03-17,15,1,10921.46
151,2023-10-17,2,12,5279.94
152,2025-10-15,4,2,9990.31
153,2025-01-27,14,3,12622.83
154,2023-09-17,16,12,9314.45
155,2024-09-08,20,2,7138.43
156,2023-08-19,2,4,13195.38
157,2025-07-17,20,13,3674.69
158,2024-04-26,3,15,12696.61
159,2025-03-04,15,3,9881.16
160,2023-12-17,15,7,18766.29
161,2023-01-30,15,5,20886.46
162,2023-01-26,8,2,13147.92
163,2023-05-25,1,14,20060.61
164,2025-02-23,2,2,8632.66
165,2024-03-05,16,12,23673.44
166,2025-07-26,3,4,5161.62
167,2024-02-23,16,3,14012.25
168,2025-12-21,11,8,12166.45
169,2024-05-02,5,3,7607.68
170,2023-10-30,11,6,15595.25
171,2024-11-09,18,9,22313.99
172,2024-02-04,2,10,11589.09
173,2025-03-01,14,6,15883.61
174,2025-04-28,14,12,3028.84
175,2024-07-13,14,11,11195.22
176,2024-06-21,1,3,14208.34
177,2025-01-10,3,10,14153.49
178,2025-05-09,9,6,23222.42
179,2023-10-22,12,14,3581.1
180,2024-01-21,17,4,18247.41
181,2024-09-15,11,3,2010.74
182,2023-08-17,3,7,7704.26
183,2024-06-02,16,2,9624.13
184,2024-12-20,6,11,8168.61
185,2025-10-31,20,4,12049.42
186,2024-12-27,4,3,6828.66
187,2024-08-03,4,7,13616.65
188,2025-12-06,13,8,18013.57
189,2025-09-01,13,6,8577.71
190,2023-07-17,20,10,7904.76
191,2023-02-06,18,6,2666.7
192,2023-12-03,10,15,15679.4
193,2025-02-12,9,8,12566.57
194,2023-04-26,14,6,6146.19
195,2025-03-10,11,7,13653.04
196,2023-06-04,7,8,23293.28
197,2024-09-10,3,11,24398.25
198,2025-12-27,9,15,16265.74
199,2024-04-28,6,5,8740.86
200,2023-12-27,9,11,25551.91
201,2025-12-11,19,13,6249.62
202,2025-04-16,9,8,15001.66
203,2024-09-23,12,14,1692.28
204,2025-01-13,13,5,18402.34
205,2025-05-15,11,12,6399.46
206,2023-04-17,1,13,15379.67
207,2023-12-22,5,5,14898.81
208,2024-06-16,14,10,8193.97
209,2024-02-21,8,12,10052.19
210,2025-04-16,14,3,9297.23
211,2024-10-24,16,3,22840.05
212,2024-09-11,20,7,7367.34
213,2025-10-19,2,3,12493.04
214,2024-01-22,15,1,2028.08
215,2025-07-26,18,8,16674.76
216,2023-06-07,6,7,2862.36
217,2023-06-16,5,1,13219.71
218,2023-05-25,2,12,7787.35
219,2023-09-26,10,15,6852.0
220,2025-05-22,14,11,4959.84
221,2025-12-10,16,9,9531.04
222,2025-05-25,8,9,7155.22
223,2025-10-28,3,13,7716.75
224,2025-07-20,10,6,17911.01
225,2025-01-08,16,5,17806.96
226,2023-08-27,14,1,12546.17
227,2024-11-14,13,1,14516.46
228,2025-09-25,10,1,16804.4
229,2024-12-11,4,8,15085.77
230,2025-03-10,10,12,18447.0
231,2024-04-25,16,5,4364.4
232,2023-08-22,11,7,16179.83
233,2023-07-28,4,2,12565.39
234,2025-08-28,1,4,11763.81
235,2025-05-28,5,13,15919.82
236,2023-03-17,13,13,30025.83
237,2025-06-24,7,15,14359.74
238,2025-05-15,10,12,10158.03
239,2024-04-23,18,14,11361.03
240,2025-05-21,5,12,14237.92
241,2025-05-03,16,12,5600.5
242,2025-01-26,6,9,2669.03
243,2024-09-13,10,6,5020.05
244,2024-09-26,14,8,23401.42
245,2023-04-04,11,9,25453.72
246,2025-12-25,4,11,11561.72
247,2025-10-03,19,1,2980.02
248,2023-12-11,4,9,4606.07
249,2025-04-25,11,3,8174.15
250,2025-04-13,15,9,1258.84
251,2023-09-15,18,11,9890.69
252,2025-08-09,1,14,16203.5
253,2023-09-09,3,7,16185.19
254,2024-05-18,15,5,13121.15
255,2025-06-30,1,15,20297.98
256,2025-10-08,8,4,6579.34
257,2023-12-26,19,11,8288.09
258,2023-02-17,9,4,20710.16
259,2024-07-23,8,1,7130.46
260,2025-09-09,4,1,15246.63
261,2023-09-13,15,10,1421.22
262,2025-06-03,20,11,4235.97
263,2023-01-22,14,4,13249.42
264,2023-09-16,7,15,12940.14
265,2025-11-26,12,1,16250.1
266,2024-11-18,19,10,19082.64
267,2023-01-14,13,3,3672.18
268,2024-06-20,8,15,18528.47
269,2023-10-23,3,2,8347.58
270,2023-11-01,18,5,7510.4
271,2025-11-08,13,13,17269.6
272,2023-03-16,19,11,6247.56
273,2023-06-22,5,13,7109.14
274,2025-06-23,1,3,7644.4
275,2023-03-20,3,6,10640.07
276,2025-11-15,1,8,9595.5
277,2024-01-20,11,14,11593.79
278,2024-09-05,13,13,9313.39
279,2025-12-30,13,2,8662.02
280,2024-02-26,13,5,5584.55
281,2025-05-06,4,3,17918.32
282,2023-01-16,9,4,5526.73
283,2025-07-23,10,11,17628.81
284,2025-03-16,19,2,19823.87
285,2025-11-02,9,4,8441.35
286,2023-03-19,7,7,6129.51
287,2024-05-11,3,9,9786.45
288,2023-04-08,15,12,9867.1
289,2023-07-17,3,4,13375.27
290,2025-07-28,13,4,14843.74
291,2023-12-18,4,12,8599.38
292,2025-07-08,1,10,13143.03
293,2023-11-07,10,4,12941.66
294,2024-05-11,11,6,6872.67
295,2023-01-13,15,11,8028.59
296,2024-02-23,19,9,3293.73
297,2024-02-17,19,8,8611.12
298,2023-06-20,13,7,8079.48
299,2024-01-24,7,3,10585.23
300,2025-09-29,12,7,7904.12
301,2023-04-29,12,12,22065.0
302,2025-02-26,3,11,16247.02
303,2024-12-06,4,11,7999.68
304,2024-08-13,14,11,10985.97
305,2024-08-23,6,2,4499.06
306,2023-05-06,4,1,12545.18
307,2024-12-03,12,11,17158.24
308,2023-09-09,5,1,26506.26
309,2025-09-19,15,4,16339.26
310,2025-08-14,3,5,11299.5
311,2024-10-30,1,3,20392.17
312,2024-12-03,20,2,13118.79
313,2023-01-04,11,7,16010.79
314,2025-08-01,1,9,8932.57
315,2025-09-06,4,5,27951.31
316,2025-08-27,11,7,10127.09
317,2023-12-02,10,8,31718.34
318,2024-12-29,2,2,12290.98
319,2023-07-03,13,13,11020.65
320,2024-01-06,4,13,10594.46
321,2023-09-12,17,14,5823.35
322,2023-11-27,7,11,5053.22
323,2025-05-16,18,3,13609.14
324,2024-03-18,7,3,13312.06
325,2025-02-01,7,12,11687.03
326,2024-11-14,3,6,15371.11
327,2025-12-19,16,2,12082.59
328,2023-09-19,13,8,20385.98
329,2025-07-26,20,7,11794.98
330,2025-04-12,3,5,9408.2
331,2025-10-16,5,8,20615.38
332,2025-12-08,6,11,8916.12
333,2024-05-26,11,15,14476.27
334,2023-01-11,12,2,7728.7
335,2025-08-21,9,4,10063.7
336,2025-03-19,2,3,17075.15
337,2023-08-13,13,3,1307.08
338,2023-01-17,11,7,11846.57
339,2025-10-25,4,12,13780.02
340,2024-11-19,8,4,6043.15
341,2024-08-07,11,4,11761.82
342,2025-01-31,17,10,7415.61
343,2025-07-01,7,4,11697.02
344,2024-01-28,2,3,17208.77
345,2023-04-04,5,5,12234.8
346,2025-11-16,1,15,13736.18
347,2023-09-30,9,15,12650.71
348,2024-08-26,14,15,13048.85
349,2024-06-11,13,11,13950.47
350,2024-07-31,6,11,6497.42
351,2025-04-04,8,8,2115.36
352,2023-03-31,1,13,2059.36
353,2025-06-28,5,8,6183.42
354,2025-11-13,10,2,8364.8
355,2023-06-06,10,6,14242.46
356,2024-06-27,12,15,13345.48
357,2024-11-13,14,10,7685.62
358,2024-03-25,14,9,13136.14
359,2023-02-23,13,12,22852.38
360,2024-11-21,16,7,9259.47
361,2025-10-24,9,15,14900.12
362,2023-06-08,20,14,10095.51
363,2024-02-18,10,4,13143.25
364,2025-10-28,11,7,3769.32
365,2023-07-11,15,2,17077.62
366,2023-06-03,20,10,12635.93
367,2024-08-28,11,3,8210.36
368,2025-09-26,5,2,7160.45
369,2023-06-20,11,6,13391.63
370,2025-12-31,15,8,11291.5
371,2023-11-15,2,9,11278.9
372,2023-12-27,9,11,5800.41
373,2023-04-21,9,3,6737.27
374,2025-06-13,6,12,18527.81
375,2023-11-05,11,1,17478.28
376,2023-12-07,14,12,18306.2
377,2024-11-18,14,9,7720.31
378,2024-08-03,14,11,11753.11
379,2025-08-19,7,14,8548.49
380,2024-08-03,8,9,11175.89
381,2025-05-30,11,3,9475.6
382,2024-10-13,6,7,10278.99
383,2023-06-11,20,12,14250.55
384,2023-07-31,1,11,1873.88
385,2024-03-01,12,15,13027.09
386,2023-03-06,6,11,9783.85
387,2023-03-02,4,4,12605.84
388,2025-10-12,10,8,12388.06
389,2024-10-14,9,14,11217.64
390,2024-01-16,11,7,4244.63
391,2024-04-21,11,15,11903.89
392,2023-04-06,16,8,4795.22
393,2025-04-04,10,3,3714.73
394,2024-12-09,9,6,23354.97
395,2023-08-04,1,3,9869.46
396,2024-06-24,10,2,16561.06
397,2025-12-16,4,9,7368.23
398,2024-05-11,18,14,19925.58
399,2025-10-30,5,14,8680.27
400,2024-07-23,7,2,7530.43
401,2023-06-22,9,2,5544.07
402,2024-07-19,13,3,10208.04
403,2024-03-26,13,2,16415.69
404,2025-08-29,5,1,7610.29
405,2024-04-12,10,14,12844.17
406,2023-08-19,20,8,18878.16
407,2024-02-27,14,6,19697.9
408,2025-06-06,20,2,13369.72
409,2023-03-25,1,8,7354.89
410,2025-10-25,10,13,14384.3
411,2024-10-22,19,7,17024.96
412,2024-12-26,12,8,18620.4
413,2024-08-23,19,15,9110.39
414,2024-07-07,3,1,21677.79
415,2024-09-28,10,11,15553.49
416,2025-06-18,18,5,8775.65
417,2023-02-27,14,3,10299.8
418,2023-01-19,15,5,9045.31
419,2025-07-30,19,6,26738.49
420,2023-04-03,13,2,8229.03
421,2023-12-23,8,2,18364.71
422,2024-02-17,10,4,18557.71
423,2024-12-31,17,6,6873.09
424,2023-11-20,12,2,8404.52
425,2024-06-18,11,7,8636.57
426,2023-05-25,2,6,15776.06
427,2023-04-24,8,1,11591.97
428,2025-02-11,13,13,16757.72
429,2023-04-27,2,2,7024.78
430,2024-05-27,3,2,19946.43
431,2023-06-10,16,5,5647.49
432,2023-02-13,15,2,9123.18
433,2023-04-18,14,9,19361.26
434,2025-05-18,18,8,20325.66
435,2024-05-28,9,11,8863.47
436,2024-01-04,3,8,13635.4
437,2024-10-11,15,10,6191.76
438,2024-12-17,20,4,5158.63
439,2025-05-23,14,2,6469.91
440,2023-02-22,5,15,12651.78
441,2023-03-08,7,7,19917.12
442,2024-05-14,19,5,10481.15
443,2025-09-18,12,11,19833.92
444,2025-10-09,5,10,12428.16
445,2024-08-23,18,4,4593.09
446,2025-04-17,12,8,27645.21
447,2024-08-31,4,4,16471.85
448,2024-10-05,19,15,2785.05
449,2023-08-06,9,10,9199.18
450,2025-09-27,7,1,5621.9
451,2023-08-13,10,15,18722.34
452,2023-03-20,11,15,12430.08
453,2025-09-19,16,3,5608.02
454,2025-05-06,6,1,20418.14
455,2025-07-04,10,7,12875.45
456,2024-08-18,8,1,9729.36
457,2025-09-21,2,5,22677.78
458,2023-04-11,18,2,12268.86
459,2023-11-18,16,1,10173.36
460,2023-01-31,14,1,19158.48
461,2024-07-24,14,9,16627.34
462,2025-09-03,15,6,18826.36
463,2025-04-23,16,5,10681.59
464,2025-09-16,15,12,12627.94
465,2023-10-14,17,8,19845.29
466,2024-03-07,16,8,5473.32
467,2023-07-13,15,6,8115.1
468,2024-08-05,7,5,14746.09
469,2025-12-05,5,13,10652.03
470,2025-11-13,2,3,21163.49
471,2024-07-22,6,11,23881.6
472,2025-06-24,1,4,5875.0
473,2024-06-02,13,1,20027.44
474,2023-03-01,2,6,17729.55
475,2023-12-13,11,15,7976.99
476,2024-07-14,1,5,9591.1
477,2024-05-20,3,15,12312.7
478,2024-02-13,7,5,6868.87
479,2025-02-28,6,1,6882.59
480,2025-11-17,9,2,5268.92
481,2023-03-11,19,7,7325.53
482,2023-02-14,6,13,11629.54
483,2024-07-05,14,13,18648.57
484,2023-01-02,6,8,11683.59
485,2024-05-12,15,12,9367.54
486,2025-03-17,14,10,11054.33
487,2025-06-10,7,5,9403.2
488,2025-05-13,2,5,16309.62
489,2024-10-15,1,3,5844.04
490,2025-07-11,4,10,18583.03
491,2025-08-09,14,1,8717.31
492,2025-05-04,10,6,6268.88
493,2023-06-22,8,3,19876.43
494,2025-11-15,4,7,26448.08
495,2024-01-16,14,5,6662.15
496,2024-03-29,11,2,9712.36
497,2023-01-26,13,8,6920.56
498,2025-09-23,19,2,15093.77
499,2025-02-07,16,4,15089.14
500,2024-10-12,4,11,15561.38
501,2025-04-20,14,7,8528.11
502,2025-08-24,8,3,9885.43
503,2024-05-10,20,8,8531.33
504,2025-11-30,14,14,18786.41
505,2025-06-20,17,11,12478.36
506,2025-10-03,3,8,6474.95
507,2024-08-13,5,9,9653.9
508,2025-06-19,16,12,14303.07
509,2023-11-16,6,6,14292.14
510,2025-10-18,7,6,14591.99
511,2023-04-25,3,13,7149.54
512,2023-09-29,3,15,13808.95
513,2024-09-06,20,8,21871.88
514,2024-09-05,17,5,7447.19
515,2025-06-03,6,2,8688.57
516,2025-03-22,7,13,17670.86
517,2024-09-13,16,15,7747.29
518,2023-10-14,12,11,10290.67
519,2024-07-15,15,14,7964.94
520,2024-07-27,16,4,12620.26
521,2025-06-16,18,2,10813.64
522,2025-01-09,11,14,13727.71
523,2023-04-09,16,13,14890.54
524,2023-06-29,17,14,17959.73
525,2025-03-09,10,1,9104.27
526,2024-02-15,18,8,18447.39
527,2025-05-18,10,3,5519.47
528,2024-02-11,15,7,10773.66
529,2025-01-03,16,12,10742.01
530,2025-03-09,3,11,13865.24
531,2025-04-29,10,6,2751.68
532,2025-04-06,7,5,9652.57
533,2025-06-20,15,7,9276.99
534,2025-10-06,4,8,15716.37
535,2024-06-30,17,10,9290.22
536,2024-05-02,2,14,12660.04
537,2024-06-22,7,8,19314.53
538,2023-07-13,18,3,4957.44
539,2023-10-18,17,4,14719.42
540,2025-05-18,5,9,6925.42
541,2023-06-03,10,1,14269.69
542,2024-02-01,14,7,8083.16
543,2024-07-18,5,11,10576.02
544,2023-05-25,15,3,22685.69
545,2023-04-27,14,7,24581.95
546,2025-02-08,20,14,18195.57
547,2025-08-01,15,14,11745.53
548,2024-05-24,12,6,9004.52
549,2025-10-20,6,14,6298.51
550,2025-10-15,13,6,20407.14
551,2023-07-05,7,2,22013.76
552,2024-04-04,1,8,21073.21
553,2024-06-23,12,13,12983.05
554,2024-04-11,11,2,19793.2
555,2024-07-19,3,12,17900.85
556,2023-01-14,19,6,12888.47
557,2025-04-06,3,2,14065.57
558,2025-07-14,3,6,3884.66
559,2025-12-19,6,1,5415.65
560,2024-01-08,20,8,6581.75
561,2025-11-27,6,10,15857.91
562,2024-11-23,18,2,7655.54
563,2025-11-30,19,2,8203.21
564,2024-02-16,18,11,8254.57
565,2024-09-18,20,7,10918.66
566,2024-12-21,13,4,22064.53
567,2025-02-20,1,1,9358.09
568,2023-11-16,13,1,13069.55
569,2023-01-21,14,12,18984.04
570,2025-09-27,6,15,8566.62
571,2024-06-19,10,5,4716.84
572,2025-09-07,2,8,623.95
573,2025-06-16,20,6,18099.94
574,2024-04-06,17,2,4161.31
575,2023-04-27,18,6,8066.21
576,2023-10-21,12,1,1293.76
577,2023-03-14,8,13,16830.35
578,2023-10-23,12,4,11204.03
579,2023-09-14,8,7,15700.43
580,2025-04-16,15,9,5382.03
581,2025-02-26,6,11,15712.95
582,2025-09-23,5,13,8194.64
583,2024-09-21,5,4,9592.78
584,2023-11-08,18,3,11193.2
585,2023-10-28,8,2,13963.87
586,2025-01-27,11,2,6645.19
587,2023-06-20,11,5,12298.58
588,2024-05-04,6,1,10675.76
589,2025-01-21,13,6,15761.93
590,2023-06-02,4,4,2030.81
591,2025-08-01,19,11,13250.89
592,2025-10-11,7,12,16054.13
593,2024-01-19,3,4,7479.18
594,2023-11-27,9,5,6432.66
595,2023-06-30,15,1,16074.66
596,2024-01-25,16,6,10162.07
597,2023-11-09,15,8,10488.44
598,2024-01-12,6,3,5226.35
599,2025-10-19,7,8,12015.23
600,2023-11-21,10,11,17438.09
601,2025-07-04,3,1,13210.91
602,2024-04-13,5,6,16057.32
603,2023-05-01,12,14,14989.42
604,2023-09-04,20,10,13022.24
605,2025-01-24,14,2,8414.95
606,2023-04-18,1,2,9262.27
607,2023-03-22,11,10,10141.81
608,2025-12-10,18,1,15100.86
609,2023-03-28,8,8,9074.5
610,2024-08-16,1,9,14884.14
611,2024-03-11,6,7,5274.23
612,2024-06-17,7,6,14701.99
613,2024-03-14,10,14,13403.83
614,2024-08-07,16,8,16312.0
615,2023-03-13,1,5,2572.87
616,2023-01-30,16,3,6540.29
617,2023-11-10,16,2,9907.23
618,2024-07-29,3,13,16721.22
619,2023-12-02,16,9,7541.85
620,2025-04-15,16,11,9931.46
621,2024-11-30,5,10,14973.14
622,2024-11-16,8,11,23810.74
623,2024-01-21,15,3,11114.28
624,2025-05-14,15,2,11989.8
625,2025-10-20,16,1,15847.38
626,2025-09-25,13,1,4350.08
627,2025-08-19,11,4,3925.59
628,2023-02-27,19,14,16180.43
629,2023-11-14,14,2,7721.24
630,2024-01-10,2,5,7739.51
631,2023-02-18,20,10,11425.33
632,2025-01-02,9,15,13110.86
633,2025-04-26,6,10,792.16
634,2023-01-25,2,9,5484.93
635,2024-03-13,16,13,8404.33
636,2023-05-20,17,3,10775.07
637,2025-07-10,12,7,9810.12
638,2024-07-29,9,7,15943.31
639,2025-09-29,11,2,12357.9
640,2024-01-28,12,5,12660.7
641,2024-10-19,18,9,16491.65
642,2025-10-14,6,15,11847.61
643,2024-01-22,1,2,16748.99
644,2025-03-03,16,7,6734.29
645,2023-05-03,7,1,6830.72
646,2024-06-30,19,13,8716.68
647,2024-05-10,14,4,13974.41
648,2025-02-26,15,3,13184.17
649,2025-04-07,13,3,6431.98
650,2023-05-13,19,4,8398.92
651,2025-11-25,8,14,7230.16
652,2024-01-16,9,14,5410.36
653,2023-12-10,14,15,8096.31
654,2025-12-28,6,3,5261.79
655,2023-11-16,2,8,9896.61
656,2025-02-11,2,2,16381.79
657,2025-04-09,17,6,4919.37
658,2024-10-06,12,1,7930.13
659,2024-02-24,15,6,15863.04
660,2023-03-24,18,8,5913.99
661,2025-07-31,11,13,13214.55
662,2023-11-11,17,2,8544.65
663,2023-11-07,7,7,9496.94
664,2025-02-01,11,10,16412.84
665,2024-09-07,11,9,6718.61
666,2024-11-09,13,7,5873.25
667,2024-04-27,4,5,11754.31
668,2025-05-27,1,3,13520.01
669,2023-07-24,10,6,3459.22
670,2024-07-01,16,2,18198.82
671,2025-08-26,6,12,13500.62
672,2023-08-30,19,15,7362.85
673,2024-09-11,18,12,18915.12
674,2024-01-12,19,14,3328.58
675,2024-02-19,16,5,17116.11
676,2025-06-09,20,4,21655.01
677,2023-03-21,9,5,5564.76
678,2023-06-05,14,1,14972.37
679,2023-08-26,18,5,13416.54
680,2023-07-23,16,1,5532.99
681,2023-05-21,10,5,1896.5
682,2023-09-06,15,6,22457.55
683,2025-12-05,11,3,19129.48
684,2025-01-25,13,6,5787.05
685,2023-10-02,15,2,10204.05
686,2023-03-08,11,2,5703.18
687,2024-01-14,10,6,18657.02
688,2024-08-31,3,13,3748.27
689,2023-08-07,12,7,15041.36
690,2025-11-09,5,3,9377.63
691,2025-12-16,13,4,12280.93
692,2024-01-27,4,7,13340.26
693,2023-08-08,1,7,8163.58
694,2025-03-08,5,4,10923.93
695,2024-02-22,17,5,10148.72
696,2025-09-03,9,14,9537.94
697,2025-11-23,4,5,15358.88
698,2023-01-07,16,9,9117.61
699,2024-07-10,14,5,17825.8
700,2023-06-06,1,12,2279.33
701,2023-10-05,18,8,5787.75
702,2024-03-04,15,15,10499.16
703,2025-09-01,8,1,10475.37
704,2023-02-13,4,11,14183.14
705,2023-11-22,3,14,2749.01
706,2025-12-23,17,12,15056.24
707,2026-01-01,13,13,15870.51
708,2024-04-19,18,15,12140.52
709,2024-11-11,9,5,11696.18
710,2024-11-22,9,14,1057.72
711,2023-06-19,19,2,16953.63
712,2023-10-30,18,14,14453.06
713,2024-06-19,1,11,7237.22
714,2024-07-05,14,3,13804.71
715,2023-02-04,12,13,14134.03
716,2024-05-24,16,8,20953.92
717,2023-11-21,14,5,7647.58
718,2024-05-30,10,13,6573.45
719,2025-04-05,2,3,4307.15
720,2024-08-18,9,14,14194.15
721,2024-08-16,11,1,14117.34
722,2023-04-09,4,9,13371.91
723,2025-10-22,4,8,14723.08
724,2025-02-11,8,12,10094.96
725,2024-12-09,20,13,4450.4
726,2025-09-04,13,9,4236.06
727,2023-07-08,14,2,9069.0
728,2025-06-10,13,7,14412.85
729,2023-12-26,7,2,7587.93
730,2023-10-20,18,11,14911.58
731,2025-02-05,7,4,23307.11
732,2023-12-06,9,10,25115.04
733,2025-12-05,15,2,10336.04
734,2024-01-25,7,3,3187.75
735,2025-08-26,1,9,5657.23
736,2025-01-10,11,11,13792.46
737,2024-06-28,14,11,5665.48
738,2023-10-26,14,2,12141.92
739,2025-11-08,10,14,8938.87
740,2025-03-03,4,14,4891.21
741,2025-12-04,6,14,5492.52
742,2024-07-30,15,8,14980.13
743,2023-05-17,2,3,10363.85
744,2024-12-07,6,4,11327.05
745,2025-08-15,11,3,11269.92
746,2025-03-21,5,14,8743.78
747,2025-08-06,5,15,21972.58
748,2024-04-23,20,8,9439.3
749,2023-09-01,14,7,9173.93
750,2023-11-23,12,6,11461.84
751,2023-11-04,9,7,21563.68
752,2023-03-19,5,15,17791.8
753,2025-11-14,20,6,17253.11
754,2025-07-14,6,1,17495.3
755,2023-11-12,17,8,9306.89
756,2023-04-17,8,6,10566.68
757,2024-02-06,19,7,10311.52
758,2024-02-03,8,14,12849.31
759,2024-03-31,19,4,10740.32
760,2024-10-26,13,14,5628.63
761,2025-11-15,20,2,12683.93
762,2024-11-02,11,14,12036.54
763,2024-10-11,14,8,11479.6
764,2024-12-25,3,1,7710.4
765,2024-04-26,12,3,14648.17
766,2024-11-21,11,9,14481.9
767,2024-04-15,10,6,10780.07
768,2024-09-13,4,5,13173.14
769,2025-04-26,10,11,8317.21
770,2023-08-05,6,12,10684.14
771,2025-11-28,16,7,16678.24
772,2023-07-29,18,4,12117.41
773,2024-03-14,6,3,18814.42
774,2025-08-06,4,8,19316.62
775,2023-04-24,3,3,15506.31
776,2023-07-21,5,1,7975.98
777,2025-10-28,15,9,16308.34
778,2024-10-18,3,14,2630.82
779,2023-12-09,5,11,11552.68
780,2023-11-07,5,12,11419.05
781,2023-08-24,5,1,16483.06
782,2024-08-24,7,1,10222.14
783,2025-12-10,13,11,2816.73
784,2025-02-18,12,6,6048.1
785,2023-02-04,19,8,3663.86
786,2024-09-20,12,7,8876.38
787,2025-09-08,20,3,13336.99
788,2025-04-24,19,1,14086.71
789,2024-08-07,1,4,6967.72
790,2025-05-16,15,6,9618.59
791,2025-06-08,9,8,1741.2
792,2024-04-15,14,9,2648.07
793,2025-01-20,17,2,7000.09
794,2024-08-12,2,14,5904.66
795,2025-05-29,14,12,17757.56
796,2023-10-11,17,4,11264.95
797,2023-05-20,18,13,24170.88
798,2024-04-03,17,8,14034.16
799,2024-01-10,11,7,9555.75
800,2025-06-01,9,3,19828.43
801,2025-11-16,20,10,18065.22
802,2023-09-04,6,13,15437.07
803,2024-01-04,3,14,6746.89
804,2023-12-05,19,5,16204.02
805,2024-12-27,14,2,21350.6
806,2024-08-22,13,3,14420.81
807,2024-12-29,5,3,17073.68
808,2025-12-15,5,13,20525.94
809,2025-04-14,7,12,2145.45
810,2025-11-12,11,9,5961.59
811,2024-06-20,16,3,2172.82
812,2025-04-03,19,7,8213.91
813,2023-03-27,18,11,14481.68
814,2024-05-24,18,7,12085.23
815,2024-05-19,16,6,13260.17
816,2025-02-15,20,1,13261.9
817,2025-06-09,18,10,15647.88
818,2024-10-15,10,13,9069.03
819,2025-05-07,6,13,4638.89
820,2023-12-25,6,2,12346.01
821,2023-05-18,11,10,16147.96
822,2023-08-10,18,1,17044.76
823,2024-06-22,14,13,2178.33
824,2025-03-01,12,12,10524.29
825,2024-09-17,14,5,22931.22
826,2024-02-27,13,13,6036.52
827,2023-05-30,6,14,7413.61
828,2023-10-24,18,9,9246.39
829,2023-05-18,10,9,13058.4
830,2023-02-01,18,2,24862.82
831,2025-09-12,10,6,13266.03
832,2024-04-08,18,11,20124.98
833,2024-03-10,19,9,2456.82
834,2023-08-23,14,7,14839.8
835,2023-06-21,4,1,8779.99
836,2025-09-15,2,13,12288.85
837,2024-01-09,13,15,5081.21
838,2025-06-05,2,7,13752.21
839,2025-12-06,16,1,18714.27
840,2025-12-01,14,9,22451.9
841,2025-01-04,5,7,17900.22
842,2025-09-23,4,8,13875.47
843,2025-06-11,13,3,8507.21
844,2024-08-24,18,6,5641.06
845,2025-03-28,2,2,6093.47
846,2024-11-02,18,10,14441.12
847,2023-05-01,18,11,5087.06
848,2024-01-16,3,6,4234.0
849,2023-06-27,9,15,12981.73
850,2023-06-30,4,7,13755.1
851,2024-08-30,15,15,10248.48
852,2025-05-29,14,1,21745.82
853,2024-11-08,18,1,8508.42
854,2023-01-20,6,12,16591.84
855,2024-11-03,1,3,10623.3
856,2023-12-29,3,11,7415.14
857,2023-11-20,2,1,13123.83
858,2025-10-05,10,1,7449.5
859,2025-01-19,19,11,11169.45
860,2024-08-05,20,12,6514.84
861,2023-12-23,20,15,12183.61
862,2023-05-31,18,1,11394.18
863,2025-07-27,13,8,6315.19
864,2024-01-18,19,1,14113.87
865,2023-08-27,5,15,10695.71
866,2025-07-12,15,6,11394.59
867,2023-01-18,6,13,15540.74
868,2023-12-17,4,11,12992.56
869,2023-08-06,4,7,7837.7
870,2025-08-07,11,10,22988.64
871,2024-11-10,17,5,3275.82
872,2023-11-15,8,3,6828.45
873,2025-01-07,3,7,8956.89
874,2023-09-18,16,6,10546.01
875,2023-07-16,13,15,15614.65
876,2023-09-02,17,4,3475.78
877,2024-02-20,19,2,5757.13
878,2023-03-25,13,8,11313.45
879,2024-09-19,7,11,6438.75
880,2023-10-09,14,11,28133.53
881,2025-02-17,3,11,11801.71
882,2024-02-19,8,5,4385.75
883,2025-08-14,9,6,26511.37
884,2025-10-26,20,13,14624.32
885,2025-03-28,11,3,8948.48
886,2024-06-26,10,1,23863.7
887,2024-12-30,16,9,5056.31
888,2023-12-27,9,12,18422.31
889,2025-06-29,5,4,11062.49
890,2025-06-18,5,14,9779.22
891,2024-09-08,1,10,9201.42
892,2024-12-09,7,7,11478.98
893,2024-03-12,20,6,4801.71
894,2025-08-28,10,6,21074.84
895,2023-03-21,7,7,3599.67
896,2024-01-10,18,11,19362.86
897,2024-06-03,20,5,13803.92
898,2023-04-28,12,7,13825.95
899,2025-10-04,13,11,6267.64
900,2025-04-01,13,3,16682.29
901,2023-06-08,9,2,17946.88
902,2024-06-03,5,1,7617.26
903,2024-05-13,3,4,14323.09
904,2024-11-25,1,8,22141.31
905,2024-11-16,19,11,2892.18
906,2025-07-23,10,10,9378.22
907,2025-07-10,19,8,10888.43
908,2023-03-19,16,4,15799.12
909,2025-01-23,1,3,13004.88
910,2024-11-17,19,13,17163.68
911,2024-06-13,20,4,9991.37
912,2025-10-22,19,6,20687.83
913,2023-09-22,19,8,2702.6
914,2025-04-25,10,11,8752.0
915,2023-04-22,20,4,15135.48
916,2025-03-16,11,14,22481.46
917,2025-01-08,3,5,9875.74
918,2024-09-26,8,4,16451.34
919,2024-10-04,2,9,19342.48
920,2024-07-28,6,3,10930.79
921,2024-02-23,4,4,7788.03
922,2025-07-23,14,13,9151.63
923,2024-04-17,6,15,16345.86
924,2023-04-17,5,5,14940.99
925,2023-08-05,9,7,8314.95
926,2024-12-03,19,13,9753.67
927,2025-07-26,4,9,14243.68
928,2024-05-30,20,10,11986.48
929,2025-02-22,9,10,11925.91
930,2025-11-07,17,8,15402.35
931,2025-05-24,6,7,10322.43
932,2025-01-25,5,1,14825.03
933,2024-08-30,14,3,12999.8
934,2023-06-21,6,2,8389.0
935,2025-06-10,5,14,11436.13
936,2025-10-26,13,3,14827.72
937,2023-10-16,6,2,18859.07
938,2025-04-12,15,3,15629.49
939,2023-01-12,1,1,9226.12
940,2023-01-04,8,9,7064.29
941,2024-05-14,14,15,17287.2
942,2023-06-20,14,15,9277.93
943,2023-11-09,8,12,13389.56
944,2025-09-03,3,9,5735.77
945,2023-07-25,18,9,11921.72
946,2023-11-05,1,12,17771.27
947,2025-06-29,1,13,9299.95
948,2024-12-21,16,5,20178.15
949,2025-12-29,10,13,6338.68
950,2023-08-31,11,3,4661.29
951,2024-01-02,2,1,10772.8
952,2025-08-28,18,4,8969.73
953,2024-12-29,13,2,18850.75
954,2023-03-13,6,7,9101.87
955,2024-05-31,10,5,10990.92
956,2023-10-18,2,7,7236.76
957,2023-01-17,6,2,13318.27
958,2024-04-01,12,10,9020.08
959,2023-05-20,6,2,19024.85
960,2024-10-02,12,3,3945.16
961,2023-04-17,11,15,12025.81
962,2024-12-30,15,2,12163.95
963,2025-12-03,8,14,11946.91
964,2024-09-18,4,8,7280.18
965,2025-02-14,16,8,7184.53
966,2024-11-30,14,5,7588.14
967,2024-04-11,11,8,15325.39
968,2025-07-26,20,12,18051.07
969,2023-10-09,3,14,10997.07
970,2024-02-27,9,13,9659.53
971,2023-06-13,20,8,11936.67
972,2025-05-20,5,9,5686.23
973,2023-09-06,13,1,3803.42
974,2023-10-03,16,5,11926.11
975,2024-02-26,17,8,11585.26
976,2025-05-31,11,14,11697.9
977,2025-09-25,13,4,11853.01
978,2023-01-10,13,7,12115.36
979,2024-02-24,15,6,15255.41
980,2023-10-20,1,5,10363.58
981,2023-04-02,19,13,14817.69
982,2024-04-30,12,2,8806.37
983,2023-03-13,9,13,8781.82
984,2024-04-24,8,12,5254.56
985,2024-01-31,4,6,15810.55
986,2024-07-03,5,1,9721.13
987,2025-09-15,2,10,15855.12
988,2024-09-03,16,14,5779.44
989,2025-02-22,7,5,7374.6
990,2024-02-07,19,6,4868.89
991,2023-03-12,3,4,15358.53
992,2023-08-16,4,8,14330.99
993,2024-12-02,1,3,6395.4
994,2025-08-29,15,13,3308.29
995,2025-08-11,3,11,15002.08
996,2025-05-30,3,3,17395.89
997,2024-04-17,1,9,14911.58
998,2024-02-17,17,15,18636.31
999,2024-07-15,14,6,10831.58
1000,2023-05-05,7,1,6913.62
1001,2023-01-10,4,10,7094.4
1002,2023-07-09,1,10,17937.73
1003,2024-11-20,18,13,6743.64
1004,2025-06-08,8,4,8087.59
1005,2025-01-26,20,9,14133.54
1006,2024-07-13,10,10,7006.7
1007,2024-08-14,17,8,4140.49
1008,2023-10-06,11,15,9830.21
1009,2023-08-26,11,2,10555.94
1010,2023-06-27,5,8,13845.4
1011,2024-12-19,14,2,8695.6
1012,2024-10-27,14,13,7910.64
1013,2023-06-30,1,2,8750.27
1014,2023-12-13,14,9,8729.73
1015,2025-03-04,14,12,16493.24
1016,2023-06-14,15,14,14058.81
1017,2023-08-15,18,3,5658.52
1018,2024-07-20,13,11,8736.5
1019,2024-09-20,14,4,12395.36
1020,2023-02-17,14,9,10285.01
1021,2025-04-02,4,12,5879.24
1022,2023-04-19,17,7,5416.62
1023,2023-04-12,20,10,1305.17
1024,2023-07-22,16,12,24394.32
1025,2025-01-16,11,14,2522.89
1026,2023-12-07,1,8,15053.02
1027,2023-11-13,20,8,15060.68
1028,2024-04-09,11,14,2893.46
1029,2024-12-21,18,6,10754.66
1030,2025-02-22,13,10,17353.06
1031,2025-04-12,4,14,8491.8
1032,2024-03-30,4,10,6569.15
1033,2025-03-05,12,13,15756.77
1034,2025-08-25,4,6,6968.48
1035,2025-10-16,19,6,11756.53
1036,2023-10-17,15,8,2234.54
1037,2024-06-23,13,13,22402.54
1038,2023-12-20,2,3,8707.85
1039,2025-02-11,15,11,19865.54
1040,2025-12-07,9,9,9934.58
1041,2025-07-09,11,10,13487.07
1042,2023-02-26,3,10,2596.39
1043,2023-10-29,6,3,8504.09
1044,2025-04-07,9,14,7819.46
1045,2023-06-08,9,8,4682.5
1046,2024-02-02,3,7,9502.97
1047,2025-06-27,9,13,7342.43
1048,2023-09-18,20,4,6620.77
1049,2025-05-09,14,12,19736.09
1050,2025-06-09,17,14,18627.07
1051,2023-04-06,6,10,5957.62
1052,2024-01-30,6,6,4009.66
1053,2024-04-08,2,2,9574.5
1054,2023-11-29,8,4,8994.92
1055,2023-04-28,3,3,9994.03
1056,2024-01-09,1,7,9199.6
1057,2025-11-07,5,11,5529.65
1058,2024-04-16,12,12,8497.99
1059,2025-08-02,16,15,24100.19
1060,2023-03-26,16,8,16169.52
1061,2024-08-16,18,11,17019.78
1062,2025-11-06,6,1,9711.21
1063,2024-12-18,6,3,4878.4
1064,2024-05-30,14,4,2246.6
1065,2025-05-05,1,10,11311.99
1066,2023-06-03,8,10,3068.79
1067,2023-06-27,15,2,15592.9
1068,2024-07-30,5,7,8941.43
1069,2023-10-28,14,11,4201.79
1070,2023-07-23,7,12,13934.1
1071,2024-05-29,7,13,12183.94
1072,2023-12-12,6,1,10247.52
1073,2025-07-07,19,5,13383.64
1074,2024-11-25,1,10,7531.09
1075,2023-02-02,19,10,5100.92
1076,2023-07-12,14,12,11287.74
1077,2025-05-01,12,15,9107.45
1078,2025-07-16,2,3,9592.03
1079,2024-11-22,14,1,4876.5
1080,2025-06-20,16,11,25015.5
1081,2024-03-22,14,6,31047.87
1082,2023-02-14,11,14,18817.68
1083,2023-01-31,6,10,14503.39
1084,2023-01-13,15,12,19240.46
1085,2023-02-09,20,12,6518.34
1086,2025-06-18,20,6,9910.16
1087,2023-04-22,8,13,20446.46
1088,2023-10-18,9,15,6677.43
1089,2025-12-18,13,3,14332.27
1090,2025-11-23,15,3,22385.46
1091,2023-03-09,5,1,10257.23
1092,2023-01-13,16,15,7616.73
1093,2025-04-15,12,4,7791.36
1094,2024-09-23,5,14,6523.45
1095,2025-01-22,15,13,9577.24
1096,2025-03-30,9,12,10269.48
1097,2023-12-23,16,15,7119.08
1098,2025-04-15,3,8,16047.15
1099,2025-09-04,7,6,12472.49
1100,2024-02-14,4,6,18822.99
1101,2024-09-16,3,13,15428.9
1102,2023-11-24,13,5,16122.43
1103,2023-03-11,19,14,17941.78
1104,2023-01-14,10,14,8315.47
1105,2025-10-12,16,8,5349.89
1106,2023-05-26,11,14,12720.88
1107,2023-09-21,18,7,8443.28
1108,2025-01-01,2,15,4011.82
1109,2024-01-30,12,7,18672.3
1110,2024-07-09,15,5,14714.07
1111,2023-12-31,18,3,8004.36
1112,2025-01-31,8,9,17789.24
1113,2024-02-22,20,4,21500.77
1114,2023-07-09,4,10,20182.05
1115,2023-09-02,8,3,7261.41
1116,2025-08-21,11,4,20738.49
1117,2024-07-11,8,10,16782.24
1118,2025-02-04,1,3,8982.96
1119,2025-05-28,3,11,5730.09
1120,2023-02-17,12,3,16623.13
1121,2025-10-06,15,6,8120.93
1122,2023-02-03,3,2,15967.28
1123,2024-04-25,13,1,8594.88
1124,2023-05-26,12,1,6674.85
1125,2023-09-22,2,6,6423.28
1126,2023-07-18,12,4,31051.93
1127,2024-02-03,18,4,10775.49
1128,2023-07-01,16,13,10327.23
1129,2024-06-14,13,5,9770.59
1130,2024-01-18,19,11,13624.06
1131,2023-07-12,1,10,5265.98
1132,2023-11-02,19,9,19036.85
1133,2023-01-08,4,1,26945.76
1134,2025-06-26,16,1,7787.85
1135,2024-09-15,20,9,4248.38
1136,2025-01-21,14,8,16171.88
1137,2025-07-06,3,5,15784.92
1138,2023-06-08,20,13,13707.63
1139,2025-06-12,14,13,7036.68
1140,2024-08-13,4,6,12541.07
1141,2025-10-29,15,12,18194.41
1142,2025-01-27,19,11,13486.16
1143,2023-01-08,18,4,14628.15
1144,2025-10-19,9,6,14036.51
1145,2024-10-27,12,5,6118.98
1146,2023-10-22,10,1,6125.2
1147,2025-04-16,1,4,7457.68
1148,2023-04-10,11,12,14295.09
1149,2023-11-10,9,6,12874.34
1150,2024-05-29,8,10,14037.86
1151,2024-01-27,1,8,8210.82
1152,2025-05-21,3,9,15813.32
1153,2025-01-08,14,1,13276.25
1154,2025-12-20,3,13,6876.19
1155,2023-02-17,14,10,7262.03
1156,2024-07-12,14,6,32800.48
1157,2025-07-15,2,14,17095.91
1158,2023-11-15,17,1,4102.49
1159,2024-11-14,20,1,21240.07
1160,2023-08-31,20,1,4467.41
1161,2024-07-16,8,4,17492.13
1162,2024-04-28,16,8,17527.94
1163,2023-04-02,9,5,11993.6
1164,2023-04-11,11,14,15813.12
1165,2025-07-03,15,10,13894.18
1166,2024-03-22,3,7,9718.47
1167,2023-10-29,6,10,17115.97
1168,2024-12-11,12,2,17952.29
1169,2025-05-19,20,2,882.4
1170,2024-08-10,18,2,9499.98
1171,2025-09-24,18,4,18034.94
1172,2025-02-26,1,10,12861.72
1173,2024-03-26,5,3,9364.59
1174,2023-05-28,15,10,8105.35
1175,2024-09-21,14,15,7528.31
1176,2025-02-20,12,12,11628.14
1177,2024-03-02,11,2,12260.29
1178,2025-01-09,3,5,20324.72
1179,2025-11-24,15,9,6664.56
1180,2023-04-16,12,9,6352.95
1181,2024-05-27,3,2,10734.75
1182,2025-04-10,2,10,14053.29
1183,2024-02-04,2,3,7523.65
1184,2023-10-10,11,15,1494.52
1185,2023-10-18,19,10,4299.66
1186,2023-03-18,5,5,3072.43
1187,2023-02-26,5,11,6690.25
1188,2023-07-26,7,4,4944.43
1189,2024-08-03,14,11,7861.5
1190,2023-04-22,9,3,17735.37
1191,2023-05-16,11,10,12916.07
1192,2024-05-25,12,4,20969.15
1193,2024-11-25,5,13,15911.64
1194,2025-10-21,18,6,19156.69
1195,2025-11-21,13,15,15620.76
1196,2023-08-30,19,4,9897.21
1197,2023-12-03,19,14,16950.14
1198,2025-11-01,19,5,11897.37
1199,2024-12-17,4,3,12500.71
1200,2023-07-25,9,9,8842.47
1201,2025-03-31,3,2,9651.44
1202,2023-03-21,6,15,19434.33
1203,2023-10-23,8,5,3709.9
1204,2025-05-21,7,2,3985.35
1205,2023-05-01,18,7,3780.57
1206,2024-09-25,4,10,8131.22
1207,2023-07-08,3,5,4495.84
1208,2025-06-12,20,4,14474.16
1209,2024-08-09,4,13,6781.17
1210,2025-06-06,14,10,17822.86
1211,2025-12-12,9,9,17373.44
1212,2024-12-13,14,8,15172.89
1213,2024-07-16,3,5,4694.48
1214,2023-07-30,17,8,11327.93
1215,2023-10-05,4,8,5956.6
1216,2023-11-15,11,14,12411.14
1217,2024-10-14,11,4,19044.03
1218,2023-03-01,17,4,8427.03
1219,2023-09-16,11,14,14513.56
1220,2023-02-21,12,8,20884.15
1221,2024-09-18,19,10,22366.75
1222,2025-07-30,11,7,10148.37
1223,2023-05-22,8,7,12555.73
1224,2024-09-09,10,5,5936.98
1225,2023-08-15,5,5,14459.64
1226,2023-10-23,7,4,18767.92
1227,2023-11-20,3,8,5075.83
1228,2023-12-29,15,9,8123.49
1229,2024-03-29,1,7,2678.96
1230,2023-07-15,2,7,7676.15
1231,2024-07-29,11,7,20718.59
1232,2025-12-30,15,8,3909.28
1233,2024-08-28,4,10,13627.37
1234,2023-09-14,14,2,3824.43
1235,2023-05-03,3,13,11937.0
1236,2025-05-25,16,11,7150.44
1237,2024-08-05,17,12,19392.83
1238,2024-06-15,7,3,15949.97
1239,2024-11-29,19,2,9048.5
1240,2025-06-01,10,3,12283.08
1241,2025-12-19,14,5,6639.84
1242,2024-10-31,19,7,11267.09
1243,2024-03-17,19,13,13194.49
1244,2025-10-07,10,15,22658.34
1245,2023-02-19,2,8,11520.86
1246,2023-04-25,5,12,17070.96
1247,2023-11-07,5,15,13924.08
1248,2024-02-24,18,4,9533.72
1249,2023-06-25,16,12,18178.98
1250,2023-01-02,12,1,8345.32
1251,2023-04-10,2,9,12021.71
1252,2024-12-14,8,2,13143.32
1253,2023-01-25,7,1,9557.62
1254,2023-03-18,2,2,7096.94
1255,2025-11-22,4,6,15866.9
1256,2024-10-19,2,12,3011.64
1257,2025-06-19,14,6,20102.79
1258,2024-07-02,18,14,8146.73
1259,2024-10-10,8,5,7993.44
1260,2024-05-03,14,2,11118.21
1261,2025-07-24,1,11,10943.67
1262,2025-09-11,5,12,14517.77
1263,2023-07-12,15,8,18779.65
1264,2024-08-11,8,4,10918.65
1265,2023-06-30,6,3,7542.89
1266,2023-05-22,4,1,8586.0
1267,2025-10-21,10,9,16578.37
1268,2025-10-10,7,2,17595.44
1269,2025-03-12,5,1,13753.22
1270,2024-03-20,14,14,11273.86
1271,2024-09-26,1,13,14885.4
1272,2025-05-05,3,4,20704.55
1273,2025-07-26,9,13,8205.21
1274,2025-06-05,8,1,18805.94
1275,2023-08-01,1,13,12589.28
1276,2025-03-23,3,12,24728.84
1277,2023-01-02,18,10,15726.73
1278,2024-01-20,18,14,11585.84
1279,2025-12-27,3,9,8345.83
1280,2025-10-03,15,9,11721.41
1281,2025-11-04,3,11,11977.26
1282,2023-02-02,4,11,12869.68
1283,2024-08-13,16,13,4336.46
1284,2025-04-15,20,6,20480.07
1285,2024-07-02,17,4,16851.73
1286,2025-01-17,15,8,11864.06
1287,2023-05-03,10,6,7093.21
1288,2024-04-10,15,8,19173.57
1289,2024-12-04,1,5,3126.22
1290,2024-06-26,15,10,18834.46
1291,2024-01-11,13,15,7653.16
1292,2025-01-02,10,6,5277.55
1293,2023-10-15,13,2,7699.56
1294,2025-05-18,4,3,5083.18
1295,2024-04-24,2,7,8870.8
1296,2024-11-18,2,5,10900.76
1297,2024-04-11,14,8,13837.98
1298,2023-12-26,5,9,16857.97
1299,2024-09-04,7,11,10821.16
1300,2023-02-02,4,6,18667.35
1301,2025-10-28,2,12,15415.38
1302,2025-07-13,19,9,12942.18
1303,2025-12-02,13,12,8688.08
1304,2025-07-15,17,7,9475.18
1305,2023-07-17,18,9,3944.71
1306,2024-05-14,11,2,2329.61
1307,2023-03-06,8,3,21999.98
1308,2025-11-11,1,8,17323.09
1309,2025-12-27,1,13,9441.33
1310,2023-08-24,11,7,12983.06
1311,2024-03-24,15,9,6313.78
1312,2023-10-14,2,3,11233.01
1313,2024-03-23,14,4,5157.4
1314,2024-01-16,4,6,12838.11
1315,2025-11-11,13,10,12652.27
1316,2023-10-24,19,3,13457.12
1317,2025-11-28,16,2,8167.71
1318,2025-12-02,17,10,19635.41
1319,2023-01-20,4,15,10328.82
1320,2025-05-07,14,2,20987.75
1321,2023-01-27,7,11,10555.09
1322,2023-04-03,19,1,17440.5
1323,2024-04-25,14,15,10189.43
1324,2025-10-07,9,14,12589.68
1325,2024-04-23,9,6,5300.28
1326,2023-04-05,11,13,25873.2
1327,2025-03-31,3,7,14640.4
1328,2024-07-07,6,12,5647.79
1329,2024-09-23,14,6,6875.92
1330,2023-03-05,9,3,3345.4
1331,2023-05-14,17,7,6278.28
1332,2023-10-02,10,14,6592.61
1333,2024-01-07,20,5,23855.46
1334,2024-01-28,3,11,11788.38
1335,2024-04-16,18,10,9634.52
1336,2024-08-12,12,13,9648.31
1337,2023-02-14,11,14,27681.99
1338,2023-07-16,7,6,9288.84
1339,2025-04-03,10,12,23761.25
1340,2023-02-23,3,2,4908.84
1341,2025-10-31,3,9,19787.61
1342,2024-07-23,1,15,9534.58
1343,2025-08-23,14,2,15874.49
1344,2025-04-13,19,4,18899.49
1345,2025-10-28,10,11,10127.63
1346,2024-09-14,7,5,20319.57
1347,2025-07-03,4,15,7555.39
1348,2025-09-27,18,15,18889.9
1349,2023-02-26,9,15,5867.36
1350,2025-06-30,3,5,5735.55
1351,2023-03-10,9,12,15575.66
1352,2024-02-15,6,15,21001.97
1353,2025-10-24,3,2,17894.92
1354,2025-04-16,3,9,19372.16
1355,2023-05-19,17,11,9182.79
1356,2025-12-31,8,10,5501.84
1357,2023-12-10,17,6,7954.01
1358,2025-01-01,8,14,8287.41
1359,2024-02-21,7,2,7943.21
1360,2025-12-15,20,15,13392.25
1361,2023-08-15,17,14,7489.74
1362,2025-02-27,9,14,11962.43
1363,2023-04-17,8,13,7954.25
1364,2023-03-21,11,4,11235.27
1365,2024-09-12,14,6,19427.26
1366,2023-07-30,3,15,4064.16
1367,2023-09-29,17,11,8691.28
1368,2025-04-03,16,6,12024.6
1369,2023-01-08,3,12,7871.44
1370,2025-07-22,5,9,7097.98
1371,2023-09-21,16,12,7984.38
1372,2025-11-22,5,15,15601.84
1373,2023-02-17,11,1,14343.65
1374,2023-10-03,14,13,12888.43
1375,2025-03-08,3,4,20676.42
1376,2024-06-09,11,2,17653.1
1377,2023-07-10,19,6,17598.06
1378,2023-12-08,5,10,11026.93
1379,2025-11-10,2,7,22000.51
1380,2025-08-30,11,14,8255.42
1381,2024-07-16,20,8,10614.82
1382,2024-12-29,20,7,10020.55
1383,2025-10-29,7,6,4072.87
1384,2023-09-16,9,3,24177.24
1385,2023-01-17,2,5,8150.44
1386,2024-12-09,16,2,12012.12
1387,2023-04-09,16,3,15568.98
1388,2024-03-21,12,6,10349.52
1389,2025-07-02,13,1,13180.55
1390,2023-12-05,10,10,13917.09
1391,2024-12-18,15,7,17828.1
1392,2024-11-19,16,2,8415.89
1393,2023-04-08,2,11,13222.14
1394,2023-05-27,8,11,17732.92
1395,2024-10-05,20,11,12264.96
1396,2025-09-26,10,14,5903.19
1397,2023-01-04,10,8,22825.59
1398,2023-09-12,8,5,20269.2
1399,2023-03-05,12,10,18054.47
1400,2025-05-18,8,11,12618.02
1401,2024-07-07,18,4,4304.3
1402,2024-09-26,20,8,6312.77
1403,2024-07-02,3,12,17764.72
1404,2025-08-22,14,4,12101.06
1405,2025-02-12,6,13,9653.96
1406,2024-10-14,10,7,15859.72
1407,2024-03-13,11,2,12151.04
1408,2024-07-26,4,9,5825.43
1409,2025-03-08,18,4,2420.57
1410,2025-09-16,1,7,9432.52
1411,2025-12-08,10,9,6718.52
1412,2025-04-01,20,2,13896.15
1413,2025-09-23,19,1,23844.73
1414,2024-05-20,4,6,3912.57
1415,2023-12-23,1,3,12152.11
1416,2023-10-17,17,1,8244.57
1417,2024-12-07,7,13,4055.53
1418,2023-06-27,8,4,11663.49
1419,2025-10-21,12,7,11054.63
1420,2024-06-14,15,7,10420.88
1421,2024-07-27,1,7,16117.2
1422,2024-04-29,16,13,7490.15
1423,2024-06-24,16,15,14493.03
1424,2023-02-10,12,7,11808.06
1425,2025-08-26,16,10,12572.17
1426,2024-02-21,1,13,22274.25
1427,2025-09-02,14,13,7893.84
1428,2025-04-12,7,10,4994.13
1429,2023-09-10,8,6,14803.44
1430,2024-01-30,6,4,16549.44
1431,2025-03-13,15,9,15748.58
1432,2024-08-11,18,6,19845.21
1433,2023-03-03,12,6,11897.47
1434,2024-10-29,3,10,16788.51
1435,2023-08-20,14,3,8524.76
1436,2024-10-01,17,8,3205.91
1437,2023-10-09,17,8,13585.86
1438,2024-01-22,11,5,15196.0
1439,2023-04-11,1,7,2652.82
1440,2025-10-21,18,6,14341.33
1441,2025-07-10,5,10,8433.09
1442,2026-01-01,4,6,23744.66
1443,2025-04-23,8,10,10592.83
1444,2025-07-09,16,12,6623.72
1445,2024-09-15,11,14,17552.79
1446,2023-02-08,18,11,16090.11
1447,2025-01-19,5,3,14280.97
1448,2025-08-13,11,3,11261.88
1449,2023-01-27,11,7,8174.42
1450,2024-09-19,9,8,16172.07
1451,2024-05-25,3,6,15041.6
1452,2023-05-19,15,7,24165.08
1453,2024-07-02,12,13,18807.55
1454,2024-02-10,11,8,4523.31
1455,2025-05-16,6,4,3062.09
1456,2023-04-09,3,7,6480.15
1457,2023-04-18,9,11,12977.47
1458,2024-04-21,5,6,25704.5
1459,2024-11-13,16,2,12123.56
1460,2024-10-09,14,4,3486.84
1461,2025-05-10,12,11,10290.54
1462,2024-03-19,2,12,22048.02
1463,2025-12-16,12,2,23575.68
1464,2024-08-17,18,2,13942.07
1465,2023-07-31,19,6,14853.69
1466,2023-04-04,12,7,11644.95
1467,2024-12-16,2,3,14790.0
1468,2025-09-11,10,9,24565.28
1469,2024-03-03,18,14,9191.07
1470,2024-09-21,11,3,15700.55
1471,2023-10-25,13,3,7340.02
1472,2023-07-29,15,8,8295.62
1473,2023-01-25,17,15,11013.84
1474,2025-02-20,20,1,4229.17
1475,2023-11-02,9,12,8560.02
1476,2023-11-09,2,12,11881.2
1477,2023-07-28,4,14,13278.28
1478,2023-08-01,3,9,6200.38
1479,2023-08-26,11,11,4265.27
1480,2023-02-14,7,2,7024.64
1481,2024-07-04,16,10,5185.46
1482,2025-12-11,19,10,15327.0
1483,2023-12-10,1,4,10880.87
1484,2025-04-13,11,5,5220.16
1485,2025-03-30,10,9,12132.37
1486,2025-08-17,15,13,8010.07
1487,2023-03-17,7,14,4212.45
1488,2025-07-05,19,7,8730.85
1489,2023-02-24,4,8,7884.57
1490,2025-03-01,12,4,22515.06
1491,2023-11-11,8,14,7781.02
1492,2023-07-27,12,9,11833.28
1493,2025-12-31,13,4,26980.31
1494,2025-01-11,19,3,7711.25
1495,2024-10-31,2,2,9505.72
1496,2023-10-14,18,9,22096.36
1497,2024-05-16,15,11,11934.21
1498,2023-03-01,8,14,10503.6
1499,2023-05-16,20,10,6543.54
1500,2025-07-19,13,13,10693.66
1501,2024-01-17,6,15,11701.1
1502,2024-09-25,4,2,8163.45
1503,2024-12-13,11,12,26983.81
1504,2025-08-16,13,4,4767.58
1505,2024-10-16,1,3,14187.44
1506,2025-07-13,5,5,6841.5
1507,2025-06-01,15,14,3766.45
1508,2023-03-29,1,9,6592.0
1509,2023-08-15,6,13,6696.09
1510,2024-08-18,14,6,14230.15
1511,2024-03-04,14,13,11318.95
1512,2024-03-05,2,1,9346.28
1513,2025-06-09,19,2,9619.12
1514,2023-02-08,9,2,10601.08
1515,2023-12-15,19,7,9897.51
1516,2024-05-15,6,12,25395.9
1517,2025-01-15,7,10,5635.75
1518,2025-07-01,6,8,11851.91
1519,2023-09-26,10,14,9988.65
1520,2025-04-13,12,10,13703.67
1521,2023-08-02,11,13,4863.38
1522,2023-08-27,6,3,9565.68
1523,2025-11-05,5,11,19373.7
1524,2024-03-27,2,15,14854.97
1525,2025-11-15,17,7,28241.65
1526,2024-07-20,10,13,15161.0
1527,2024-12-04,13,11,10040.43
1528,2024-11-05,20,9,29854.33
1529,2023-03-21,7,5,14785.66
1530,2025-11-06,1,8,11527.58
1531,2023-10-11,3,13,9636.38
1532,2023-03-10,20,6,12002.1
1533,2025-03-13,16,13,6044.33
1534,2025-05-07,1,14,14005.91
1535,2024-12-23,14,9,4963.68
1536,2023-01-14,11,7,18844.77
1537,2023-03-01,14,1,12565.54
1538,2023-03-18,4,8,8568.81
1539,2024-01-09,4,7,19610.17
1540,2023-04-24,14,1,18049.24
1541,2024-02-01,2,7,6556.83
1542,2025-05-01,10,5,16905.92
1543,2025-08-11,7,8,17849.51
1544,2025-12-05,5,7,8961.31
1545,2023-09-02,13,5,6759.57
1546,2025-01-23,16,14,20978.77
1547,2025-12-05,18,1,15506.23
1548,2024-04-08,2,5,7701.91
1549,2023-05-18,2,6,12331.81
1550,2023-12-28,12,1,7699.73
1551,2023-12-26,8,12,10311.29
1552,2024-07-04,20,8,20699.08
1553,2024-12-16,10,2,13422.71
1554,2025-10-13,11,6,7359.51
1555,2024-07-17,17,2,6768.27
1556,2025-06-13,11,1,6609.78
1557,2025-11-27,2,15,9724.23
1558,2023-08-30,19,7,10694.89
1559,2024-11-16,5,1,21920.96
1560,2024-07-27,9,10,5752.52
1561,2023-04-08,11,9,17007.7
1562,2024-08-23,16,6,13486.56
1563,2023-01-07,14,15,20102.23
1564,2023-09-01,12,7,6270.82
1565,2025-08-11,2,13,2161.55
1566,2023-09-25,2,3,12411.66
1567,2024-12-22,10,8,15968.19
1568,2024-09-03,11,12,7526.21
1569,2025-12-05,18,11,8840.63
1570,2025-03-09,20,5,21555.8
1571,2025-07-31,18,9,6614.18
1572,2025-06-25,10,3,26466.58
1573,2024-01-08,1,7,20078.36
1574,2024-03-23,19,8,9281.36
1575,2023-02-16,15,15,10095.58
1576,2023-03-21,15,11,18216.99
1577,2025-12-16,15,4,14327.15
1578,2024-12-22,20,6,21091.27
1579,2024-10-23,18,10,6134.11
1580,2023-07-06,17,8,8448.49
1581,2024-02-09,9,14,13982.95
1582,2025-08-05,20,6,17810.81
1583,2023-06-02,10,15,18421.64
1584,2024-01-14,20,11,3304.73
1585,2025-02-28,5,8,16605.76
1586,2024-02-15,6,10,7758.44
1587,2023-02-25,2,12,16867.0
1588,2023-08-22,3,13,15587.14
1589,2023-12-27,20,7,7231.41
1590,2023-07-08,8,1,13121.94
1591,2025-01-08,10,13,7578.95
1592,2024-02-28,11,7,6580.48
1593,2025-09-18,3,15,6672.63
1594,2023-03-15,16,5,6360.78
1595,2025-03-11,17,8,9810.63
1596,2025-10-15,7,11,18441.53
1597,2024-07-29,20,10,10848.11
1598,2023-05-15,19,8,7682.17
1599,2025-12-13,18,12,16040.02
1600,2023-08-19,12,6,9309.72
1601,2024-02-27,18,15,10637.95
1602,2024-06-28,16,12,2147.05
1603,2023-12-12,12,15,10190.45
1604,2025-04-28,3,2,4847.78
1605,2024-05-20,13,9,13366.43
1606,2023-01-19,14,1,13414.9
1607,2024-06-30,19,8,19966.06
1608,2023-08-21,12,1,5624.1
1609,2025-08-28,9,4,19695.16
1610,2024-11-05,13,7,11293.98
1611,2023-05-17,4,7,18487.64
1612,2023-04-05,3,11,2421.22
1613,2025-04-09,11,8,9586.24
1614,2024-05-17,10,3,10895.34
1615,2024-03-02,18,2,7296.92
1616,2023-09-24,11,9,15142.21
1617,2025-10-30,19,14,10921.06
1618,2024-01-14,11,12,12929.92
1619,2023-10-29,4,11,15030.58
1620,2025-04-17,19,1,24904.27
1621,2023-02-13,16,1,22453.4
1622,2024-07-13,17,4,12491.69
1623,2025-05-24,15,3,9200.33
1624,2023-11-02,5,13,11522.87
1625,2024-06-07,13,11,8900.78
1626,2023-10-28,17,6,19041.35
1627,2024-06-12,8,4,11295.89
1628,2024-03-01,6,6,8021.04
1629,2023-10-19,19,5,15453.43
1630,2023-01-26,16,15,13439.13
1631,2025-03-01,18,1,17122.28
1632,2024-08-15,6,7,5333.26
1633,2024-02-23,12,10,19814.28
1634,2024-03-08,7,11,6185.12
1635,2025-01-13,14,6,9751.58
1636,2023-03-17,17,7,16167.48
1637,2025-12-16,1,4,5982.46
1638,2024-06-10,14,4,12941.94
1639,2023-10-27,3,1,14054.78
1640,2023-07-16,13,1,20602.0
1641,2025-01-01,16,9,23215.46
1642,2025-10-02,12,13,7401.92
1643,2023-04-27,18,15,9800.98
1644,2023-03-30,9,6,9469.92
1645,2024-04-20,8,5,6553.37
1646,2023-04-03,17,9,10691.7
1647,2025-07-30,15,5,12795.61
1648,2023-05-24,17,12,10464.28
1649,2025-09-13,11,13,4313.9
1650,2023-04-23,12,9,17097.0
1651,2025-04-23,19,4,16938.88
1652,2025-05-15,4,10,4634.65
1653,2024-06-27,5,1,8096.45
1654,2024-12-15,17,9,9460.2
1655,2025-01-28,19,14,2353.22
1656,2023-06-17,3,9,10614.12
1657,2024-03-29,20,15,9871.43
1658,2023-08-24,5,4,15156.44
1659,2023-04-10,13,14,4579.95
1660,2023-01-28,18,13,10876.93
1661,2024-06-23,19,6,9357.77
1662,2024-03-27,20,9,23214.13
1663,2025-07-19,18,5,12200.36
1664,2023-01-30,17,6,3658.82
1665,2025-12-05,7,5,13672.08
1666,2025-10-16,13,3,10519.6
1667,2023-05-09,13,15,9689.33
1668,2024-11-05,14,1,8442.82
1669,2025-09-21,1,13,14636.18
1670,2025-11-24,7,8,5800.74
1671,2025-08-06,14,6,14130.38
1672,2024-01-16,10,5,6100.1
1673,2024-05-30,2,4,8633.89
1674,2023-09-21,2,9,9735.53
1675,2023-09-20,5,7,9618.3
1676,2023-01-08,9,4,19411.18
1677,2024-04-10,12,4,9710.48
1678,2024-08-26,10,4,14614.38
1679,2025-04-06,16,9,2779.06
1680,2023-09-19,8,9,9244.76
1681,2025-12-11,10,12,7774.71
1682,2024-12-24,14,14,12101.37
1683,2025-10-28,7,14,14904.32
1684,2023-12-07,14,10,17941.85
1685,2024-09-25,17,11,5559.62
1686,2023-06-20,17,2,17305.05
1687,2025-03-29,6,8,10818.18
1688,2024-09-01,18,1,12657.36
1689,2023-07-12,1,1,4546.25
1690,2024-05-29,7,7,8847.47
1691,2023-07-03,20,10,11739.86
1692,2024-01-07,4,1,9553.6
1693,2024-06-30,6,15,8810.92
1694,2023-07-16,10,11,18472.46
1695,2023-05-09,14,13,9112.13
1696,2024-08-23,16,14,4359.38
1697,2025-05-18,16,11,15247.85
1698,2023-06-10,15,12,12358.78
1699,2023-01-12,6,10,19432.07
1700,2025-12-28,7,12,3889.24
1701,2023-04-24,15,4,9869.99
1702,2025-06-03,18,8,16174.61
1703,2023-10-07,8,4,9964.2
1704,2025-09-16,14,1,14104.21
1705,2025-01-30,11,8,12700.9
1706,2025-04-06,1,12,13314.87
1707,2025-12-02,9,6,10089.29
1708,2025-04-08,2,11,17966.48
1709,2024-08-06,11,11,12703.14
1710,2025-10-26,17,6,14345.87
1711,2023-01-11,12,7,13720.88
1712,2024-06-26,13,6,3714.06
1713,2024-01-04,2,13,16467.57
1714,2023-04-24,5,13,9315.63
1715,2025-07-04,16,10,17584.59
1716,2023-06-23,12,14,17726.7
1717,2023-06-12,17,11,14056.28
1718,2024-11-24,13,2,4499.95
1719,2024-06-06,19,3,14494.98
1720,2023-06-09,17,9,4886.28
1721,2025-10-14,15,11,7403.11
1722,2024-08-06,16,1,19317.34
1723,2025-09-27,14,11,7091.39
1724,2023-02-12,9,10,11918.42
1725,2024-11-25,2,1,9733.81
1726,2025-09-17,12,13,14768.88
1727,2025-07-24,3,11,20470.84
1728,2025-01-24,3,1,3850.59
1729,2024-03-20,8,12,20974.91
1730,2023-07-23,15,9,12178.14
1731,2025-04-25,5,12,10128.49
1732,2023-07-10,11,9,17685.06
1733,2023-10-23,13,5,4285.1
1734,2025-03-10,19,7,17620.65
1735,2023-10-09,18,8,6567.27
1736,2025-10-04,17,7,10357.15
1737,2025-07-31,12,14,17725.59
1738,2023-08-08,12,7,7989.74
1739,2023-04-14,12,3,15304.59
1740,2024-04-03,4,4,10752.94
1741,2025-09-30,7,3,15233.3
1742,2025-04-12,10,10,4988.57
1743,2024-02-01,17,14,7734.42
1744,2023-01-23,14,2,10182.18
1745,2025-04-27,3,3,7040.83
1746,2023-10-12,14,8,1350.46
1747,2025-06-13,12,15,16794.48
1748,2024-04-15,7,10,11634.22
1749,2025-12-18,9,7,6407.25
1750,2023-04-13,11,2,20426.97
1751,2025-04-10,10,2,12376.97
1752,2024-04-03,20,3,11392.72
1753,2023-03-17,15,6,8255.22
1754,2024-01-23,13,10,4576.42
1755,2024-08-29,13,6,10292.54
1756,2024-10-18,1,8,14020.44
1757,2024-03-27,1,10,9635.17
1758,2025-12-08,1,6,11924.4
1759,2025-04-01,20,15,5086.76
1760,2023-09-04,12,14,11884.22
1761,2025-10-12,2,1,12234.48
1762,2025-07-09,9,9,19151.05
1763,2025-08-19,20,10,4270.47
1764,2023-09-10,9,7,6503.58
1765,2023-06-06,7,11,7258.72
1766,2024-11-09,11,14,7409.21
1767,2025-04-05,18,3,13569.8
1768,2025-06-18,9,11,9574.57
1769,2024-09-10,10,4,10585.04
1770,2024-06-09,14,3,6035.45
1771,2024-07-11,13,10,9756.43
1772,2024-12-15,20,4,8263.75
1773,2024-05-17,5,13,8426.71
1774,2023-07-09,2,11,9319.75
1775,2024-05-26,6,3,10367.78
1776,2025-12-12,8,15,3611.54
1777,2023-12-30,3,12,4729.54
1778,2025-06-12,20,6,6528.48
1779,2023-05-18,20,13,11434.5
1780,2024-09-14,11,3,11942.33
1781,2025-03-23,12,12,8830.97
1782,2025-10-27,10,7,12539.12
1783,2023-09-11,9,12,5646.37
1784,2023-12-16,18,13,7529.34
1785,2023-11-20,8,13,5339.98
1786,2025-02-27,15,8,12350.51
1787,2025-05-23,18,8,15431.01
1788,2025-10-06,20,12,10040.39
1789,2024-02-29,18,10,22663.1
1790,2025-07-29,6,13,20835.22
1791,2025-05-23,3,12,12832.96
1792,2025-03-29,19,10,12903.96
1793,2024-06-10,12,2,13977.9
1794,2023-07-23,4,15,4434.61
1795,2023-01-21,12,12,13945.26
1796,2023-03-22,15,14,15530.66
1797,2024-10-11,15,12,12873.47
1798,2024-06-15,11,13,9768.31
1799,2023-10-03,15,1,14558.64
1800,2025-10-11,10,11,2405.08
1801,2024-02-13,10,2,7102.6
1802,2023-09-19,5,11,30034.14
1803,2025-09-10,7,9,10021.47
1804,2024-06-01,12,2,10304.87
1805,2025-04-04,19,11,8555.23
1806,2025-03-12,8,11,14128.27
1807,2024-12-28,3,13,10157.16
1808,2024-10-16,8,11,11794.0
1809,2023-08-05,5,13,4561.8
1810,2025-10-09,20,5,6941.37
1811,2024-07-26,1,15,11790.05
1812,2025-06-06,9,3,7331.53
1813,2025-08-06,4,9,13832.21
1814,2025-09-15,19,10,24053.66
1815,2025-12-16,10,14,4333.72
1816,2024-06-25,3,14,10998.63
1817,2024-02-10,15,5,14806.82
1818,2023-10-09,1,11,3640.92
1819,2023-09-21,2,6,18735.43
1820,2023-10-06,18,5,13161.97
1821,2024-07-17,3,9,10596.31
1822,2024-09-28,20,10,4689.09
1823,2024-11-13,7,11,20418.97
1824,2025-08-27,9,12,11849.64
1825,2024-09-01,5,7,16958.57
1826,2024-06-04,4,1,4929.62
1827,2024-03-31,14,1,9197.88
1828,2025-03-18,7,2,4676.49
1829,2025-12-23,20,9,11324.95
1830,2024-09-19,11,15,16078.2
1831,2024-07-27,5,15,7420.66
1832,2024-07-08,15,7,19683.1
1833,2025-09-03,6,1,22076.52
1834,2025-06-21,5,12,9866.37
1835,2025-02-22,19,11,8864.79
1836,2025-01-10,1,11,5253.23
1837,2024-01-30,20,8,11416.51
1838,2023-02-07,14,9,1374.64
1839,2023-09-06,6,13,18013.92
1840,2023-03-02,15,13,4061.5
1841,2024-07-26,1,3,6309.92
1842,2024-11-28,16,6,20537.03
1843,2023-09-13,11,2,9608.99
1844,2024-02-01,13,5,10957.06
1845,2025-11-12,14,10,17851.42
1846,2023-05-29,16,1,11644.21
1847,2025-06-17,9,4,16642.36
1848,2023-11-22,8,11,10057.54
1849,2025-01-22,19,2,11012.42
1850,2025-04-14,18,4,14936.53
1851,2025-06-22,15,14,3073.8
1852,2025-06-30,8,4,12380.26
1853,2025-03-04,10,4,15682.42
1854,2024-08-17,17,3,14868.65
1855,2024-02-24,6,3,18271.28
1856,2025-01-14,16,2,20273.9
1857,2025-03-29,15,13,6623.96
1858,2024-11-05,14,5,9830.15
1859,2024-07-18,10,12,6031.85
1860,2024-04-20,18,8,14049.97
1861,2023-02-10,8,4,4337.39
1862,2024-12-03,18,6,12941.03
1863,2024-02-14,15,10,37559.52
1864,2025-12-29,3,8,10692.44
1865,2024-09-19,14,15,25193.72
1866,2025-10-09,1,3,5153.4
1867,2025-07-19,7,9,9070.69
1868,2024-09-16,6,14,12369.02
1869,2024-04-26,9,1,8652.66
1870,2023-10-17,6,1,4604.18
1871,2025-08-11,19,11,1344.09
1872,2023-12-23,4,11,9678.86
1873,2025-06-21,11,5,10985.0
1874,2024-03-20,8,10,10823.61
1875,2024-11-07,18,10,17566.68
1876,2025-01-12,19,12,16484.38
1877,2023-07-01,11,10,4349.11
1878,2023-11-25,9,4,13031.78
1879,2025-09-14,11,11,10498.92
1880,2023-05-03,19,1,19483.95
1881,2024-03-19,14,11,11909.7
1882,2024-08-30,3,6,21023.67
1883,2024-04-13,1,1,13674.18
1884,2023-09-25,7,8,8672.11
1885,2023-06-08,2,9,4699.13
1886,2023-11-09,7,10,13905.91
1887,2025-06-04,15,13,21057.63
1888,2024-09-24,13,7,12440.5
1889,2024-01-13,16,13,21015.69
1890,2023-12-06,20,12,12588.96
1891,2025-03-02,10,10,4945.15
1892,2025-12-04,17,12,16874.26
1893,2023-06-27,14,13,6421.07
1894,2024-01-26,4,7,20610.23
1895,2023-11-20,3,13,6365.91
1896,2024-03-18,12,3,8201.1
1897,2023-12-30,1,10,2269.1
1898,2024-12-13,4,3,13829.68
1899,2023-12-23,7,14,9728.68
1900,2025-08-10,4,2,19601.21
1901,2024-02-24,4,3,5488.53
1902,2024-12-18,8,3,9489.34
1903,2024-08-17,12,12,6214.62
1904,2025-08-17,14,15,16007.45
1905,2023-02-17,11,4,1509.64
1906,2023-12-02,17,6,15827.18
1907,2025-11-10,2,6,10546.91
1908,2023-10-09,8,15,12509.33
1909,2024-01-02,12,1,11164.02
1910,2025-06-11,15,10,9948.88
1911,2023-09-12,2,15,9923.64
1912,2024-11-23,19,14,6211.71
1913,2025-09-16,3,15,17476.51
1914,2024-12-24,5,1,30414.4
1915,2024-06-06,1,3,6614.36
1916,2025-12-29,13,5,11859.24
1917,2025-07-18,18,7,8139.96
1918,2023-09-30,4,5,11438.32
1919,2025-12-17,6,13,8506.89
1920,2024-08-23,19,5,11819.61
1921,2023-12-22,16,11,11980.81
1922,2023-08-31,16,6,4985.98
1923,2024-11-26,8,1,13902.35
1924,2024-09-23,13,3,7469.04
1925,2025-04-26,1,7,9258.53
1926,2023-06-08,1,7,3469.11
1927,2025-09-11,6,15,5907.66
1928,2024-08-27,20,9,14280.25
1929,2023-05-07,6,1,19296.61
1930,2025-07-24,20,5,11755.85
1931,2025-12-30,20,11,6897.52
1932,2024-10-10,18,2,5640.36
1933,2024-12-29,5,9,12318.68
1934,2025-03-08,10,3,5410.76
1935,2025-10-24,10,1,8845.02
1936,2025-05-04,15,12,24354.96
1937,2024-10-26,16,13,13411.43
1938,2025-03-24,7,13,11584.44
1939,2024-08-02,3,3,14357.34
1940,2024-05-22,16,7,8084.89
1941,2025-04-14,7,5,5645.53
1942,2024-12-16,13,15,11109.67
1943,2024-09-09,17,11,6980.38
1944,2023-04-09,18,9,24128.87
1945,2024-05-27,2,4,10405.83
1946,2023-06-18,7,11,10367.65
1947,2023-02-05,13,5,14896.69
1948,2024-06-06,8,12,17058.32
1949,2024-01-06,6,6,27185.21
1950,2024-08-23,13,11,9652.73
1951,2025-01-18,16,9,16044.38
1952,2024-04-12,2,12,12961.45
1953,2025-05-17,9,12,5280.3
1954,2023-06-29,5,13,13299.83
1955,2023-04-17,12,11,16399.97
1956,2025-05-11,19,4,9340.07
1957,2025-04-07,12,7,9354.48
1958,2025-03-05,10,9,17742.64
1959,2024-01-11,7,7,7860.96
1960,2025-09-26,1,2,10667.13
1961,2024-01-30,5,3,4920.64
1962,2024-08-15,13,10,3611.46
1963,2023-09-19,7,13,13577.32
1964,2024-05-12,5,1,24680.08
1965,2023-06-10,6,9,14155.04
1966,2024-10-30,14,14,11766.81
1967,2024-02-16,4,11,13697.71
1968,2024-05-26,2,14,3940.88
1969,2023-11-07,13,6,9801.96
1970,2023-09-05,3,6,10107.06
1971,2025-03-03,6,3,10054.02
1972,2024-09-16,5,10,28427.59
1973,2023-03-11,1,13,15107.77
1974,2024-11-01,13,2,12347.04
1975,2024-03-26,16,7,12032.35
1976,2024-10-29,12,7,15167.2
1977,2025-05-21,11,5,20866.93
1978,2024-10-09,14,3,12269.37
1979,2023-02-22,1,1,2558.08
1980,2024-04-19,15,15,19407.0
1981,2024-08-24,1,6,5722.34
1982,2024-09-06,12,10,17336.08
1983,2025-03-04,14,1,13620.94
1984,2024-03-22,16,9,12151.9
1985,2025-11-10,13,4,2569.65
1986,2023-04-26,17,7,12515.87
1987,2023-11-16,2,15,8746.28
1988,2023-12-25,20,8,11344.07
1989,2023-12-30,12,13,14369.0
1990,2023-08-19,2,12,19178.16
1991,2025-12-25,14,13,3535.8
1992,2025-09-20,2,3,6205.68
1993,2025-01-06,20,15,6768.08
1994,2023-01-16,7,9,29967.44
1995,2024-03-17,6,15,11831.62
1996,2024-04-01,6,15,4592.23
1997,2024-07-23,11,6,6653.41
1998,2024-04-20,1,1,7079.34
1999,2025-01-07,18,7,21630.55
2000,2024-08-21,11,7,20172.39
2001,2024-02-19,3,7,6156.25
2002,2023-04-11,13,5,8370.4
2003,2025-02-07,8,13,6145.29
2004,2023-01-04,4,11,14868.2
2005,2023-08-05,7,9,13710.21
2006,2024-02-04,17,10,15058.83
2007,2023-02-22,6,4,7720.02
2008,2024-10-10,9,8,19121.13
2009,2024-12-31,18,2,12202.91
2010,2024-04-19,20,2,6908.87
2011,2024-06-10,13,6,15111.52
2012,2024-06-05,17,7,5395.79
2013,2023-04-28,1,6,7083.6
2014,2024-06-02,2,8,6644.2
2015,2025-10-29,13,9,16305.08
2016,2024-01-31,18,1,10269.2
2017,2024-11-03,5,7,5426.65
2018,2024-05-23,18,2,6515.91
2019,2025-03-24,12,3,8834.81
2020,2023-03-03,10,12,11328.24
2021,2025-09-29,9,12,6535.86
2022,2025-01-16,20,5,12941.55
2023,2023-04-15,19,2,21458.87
2024,2025-05-19,3,11,8223.15
2025,2023-11-24,16,12,13533.02
2026,2024-12-13,10,2,24991.06
2027,2023-07-15,9,5,4421.55
2028,2025-09-22,2,8,11402.05
2029,2024-07-01,7,12,11812.97
2030,2025-07-01,11,5,32671.26
2031,2023-09-04,16,8,7719.07
2032,2025-10-09,13,14,7083.16
2033,2025-07-28,10,3,14026.34
2034,2023-12-10,13,3,15719.71
2035,2024-08-02,14,1,6425.91
2036,2023-03-02,8,5,9004.11
2037,2024-07-22,14,10,10594.21
2038,2025-11-29,3,4,6826.8
2039,2024-08-30,18,7,4417.35
2040,2025-02-03,6,10,6362.93
2041,2025-06-07,19,10,15785.88
2042,2025-12-02,7,8,11748.02
2043,2023-11-23,16,7,2975.38
2044,2024-11-17,14,13,4933.04
2045,2024-07-06,1,2,18121.59
2046,2023-10-06,4,13,20996.01
2047,2023-09-05,17,1,10566.87
2048,2025-06-03,17,12,13701.94
2049,2024-12-11,4,3,10117.41
2050,2024-06-15,8,2,16856.02
2051,2023-07-25,13,5,16841.2
2052,2025-09-28,18,15,9255.87
2053,2024-05-17,17,4,16738.64
2054,2023-12-19,4,10,10562.88
2055,2023-10-18,14,13,12637.95
2056,2023-03-09,16,14,4879.98
2057,2025-03-02,1,3,16286.89
2058,2023-04-13,15,14,9578.91
2059,2023-12-22,15,14,9343.35
2060,2025-10-05,5,6,11300.88
2061,2024-04-10,14,1,20781.21
2062,2025-08-30,10,8,9779.24
2063,2024-10-11,2,3,11150.71
2064,2025-06-08,19,9,6942.85
2065,2024-11-17,3,2,14549.08
2066,2025-10-07,19,10,14589.63
2067,2025-09-27,3,6,12334.24
2068,2024-06-27,1,12,25075.69
2069,2025-07-24,12,2,1693.0
2070,2024-04-20,8,6,16897.91
2071,2024-09-05,3,1,8834.89
2072,2025-10-15,14,10,15748.42
2073,2025-12-25,12,6,14035.45
2074,2023-05-28,14,12,7230.84
2075,2023-12-27,19,7,13915.18
2076,2023-10-25,7,7,18338.65
2077,2025-01-17,20,7,10692.2
2078,2025-11-24,12,5,21499.31
2079,2024-05-21,5,10,6940.53
2080,2024-08-11,8,7,5572.18
2081,2024-12-24,12,2,10792.76
2082,2023-01-12,14,4,21128.87
2083,2025-10-18,10,14,10971.93
2084,2023-04-11,17,9,15390.01
2085,2025-10-20,9,5,14239.04
2086,2025-04-16,15,5,9748.83
2087,2023-01-02,3,6,6265.53
2088,2023-01-08,1,6,10026.95
2089,2023-02-02,14,7,21225.54
2090,2024-12-10,10,9,13045.84
2091,2023-10-18,6,2,9060.94
2092,2025-02-03,16,6,8262.3
2093,2025-01-16,11,9,11538.43
2094,2024-04-24,7,10,11511.87
2095,2023-02-11,19,11,15034.45
2096,2023-04-08,14,4,20355.36
2097,2023-04-05,9,6,20414.39
2098,2024-12-08,17,3,10637.88
2099,2024-07-23,15,3,13165.13
2100,2025-01-29,7,14,6307.83
2101,2024-01-08,14,8,2764.02
2102,2025-12-02,6,8,4739.13
2103,2024-01-29,14,12,17558.27
2104,2025-03-28,2,15,23923.99
2105,2023-09-25,16,15,16555.14
2106,2025-07-05,11,9,5810.48
2107,2024-08-09,4,1,2509.89
2108,2023-08-23,4,7,3161.03
2109,2024-12-30,9,8,6709.48
2110,2025-09-05,5,3,8889.16
2111,2024-12-14,11,7,16934.39
2112,2024-01-12,10,14,14017.59
2113,2023-02-07,12,4,10042.15
2114,2025-10-25,15,1,12490.14
2115,2024-01-05,4,11,10934.45
2116,2023-11-28,6,13,18022.82
2117,2025-10-12,11,13,7272.82
2118,2023-06-29,9,8,12862.12
2119,2023-06-26,12,5,18593.87
2120,2025-08-31,6,14,8707.48
2121,2023-11-09,14,12,4565.86
2122,2023-09-29,12,5,11241.37
2123,2024-03-09,6,11,11426.65
2124,2025-11-03,11,15,20784.1
2125,2025-04-05,16,3,7559.69
2126,2023-08-08,7,14,8728.45
2127,2025-03-26,1,2,19472.8
2128,2024-12-25,3,2,12480.55
2129,2025-10-21,14,1,8136.17
2130,2023-10-27,11,2,11346.17
2131,2023-10-06,1,7,17361.3
2132,2024-04-07,2,8,8030.77
2133,2023-03-23,6,7,13918.13
2134,2023-08-29,8,9,10932.99
2135,2024-08-28,8,9,13986.52
2136,2025-05-27,9,13,12597.92
2137,2024-11-19,9,14,12450.75
2138,2025-10-21,19,12,4644.08
2139,2023-06-20,4,1,5021.93
2140,2025-03-05,7,2,5320.33
2141,2025-01-11,4,10,4608.05
2142,2025-01-03,8,11,3039.69
2143,2024-01-16,1,3,12575.94
2144,2024-11-21,3,8,14261.58
2145,2025-12-15,4,6,17270.02
2146,2024-06-22,6,12,7980.88
2147,2024-02-22,3,15,13159.68
2148,2024-06-04,1,4,9348.88
2149,2023-03-17,4,4,9209.1
2150,2023-11-29,3,8,5670.07
2151,2023-05-11,3,10,29586.01
2152,2023-09-08,3,14,13572.07
2153,2023-05-31,10,3,3354.9
2154,2023-11-01,11,10,6547.99
2155,2025-06-06,8,2,9107.57
2156,2025-05-20,10,11,22766.63
2157,2024-10-22,9,2,16817.85
2158,2024-05-09,12,14,5318.01
2159,2023-08-25,1,2,15403.27
2160,2024-06-30,3,9,10775.72
2161,2025-09-26,13,3,18455.31
2162,2024-05-09,6,4,8514.95
2163,2024-12-05,17,14,9566.79
2164,2024-06-04,16,14,8646.18
2165,2025-11-06,12,11,18951.71
2166,2025-01-05,19,6,22625.59
2167,2024-10-18,3,4,8269.06
2168,2025-02-02,11,4,12797.93
2169,2024-02-29,19,5,9882.5
2170,2024-03-04,20,13,7984.92
2171,2024-04-18,15,15,6884.32
2172,2023-09-24,17,9,13754.85
2173,2024-10-21,8,9,11782.93
2174,2024-12-26,17,8,3610.12
2175,2025-10-07,14,11,6087.87
2176,2024-11-11,3,2,7043.83
2177,2024-03-08,7,8,5962.06
2178,2023-09-23,12,9,5646.09
2179,2024-07-06,10,7,10530.15
2180,2025-07-11,5,1,10312.44
2181,2025-04-28,18,2,16306.44
2182,2024-10-29,12,15,8937.31
2183,2023-06-10,9,14,8505.22
2184,2023-01-28,1,1,5748.91
2185,2024-03-08,17,13,9780.72
2186,2025-12-22,3,4,5847.75
2187,2025-02-25,4,13,12232.97
2188,2025-10-15,3,13,16231.5
2189,2024-05-21,6,12,3424.62
2190,2024-08-22,9,15,17304.03
2191,2023-06-30,3,14,10611.42
2192,2023-07-09,11,10,22279.25
2193,2024-05-14,16,13,17156.86
2194,2023-09-09,18,8,9871.1
2195,2024-12-02,9,3,21386.87
2196,2025-05-01,7,13,9830.5
2197,2024-07-31,12,6,8505.75
2198,2024-07-05,9,15,9494.3
2199,2024-11-30,11,1,14043.41
2200,2025-11-05,11,11,21002.58
2201,2023-12-20,10,5,20111.18
2202,2023-08-17,3,10,11409.26
2203,2023-05-07,16,9,8672.32
2204,2023-12-26,14,10,7558.62
2205,2024-06-22,10,7,2536.52
2206,2024-12-15,12,10,5199.32
2207,2025-06-05,13,7,18568.81
2208,2024-10-26,18,11,8667.82
2209,2024-02-23,15,10,4624.97
2210,2024-09-17,5,5,22521.24
2211,2025-10-16,16,5,6165.37
2212,2024-06-24,10,1,6567.12
2213,2023-04-26,8,8,6647.45
2214,2023-05-10,7,15,16373.6
2215,2025-10-20,1,13,10154.58
2216,2023-01-12,3,14,7804.79
2217,2024-06-18,6,12,4672.74
2218,2023-12-17,13,1,15085.22
2219,2025-04-12,20,15,12013.86
2220,2024-11-01,14,1,11689.21
2221,2023-08-13,17,7,18268.99
2222,2023-12-15,2,9,8565.65
2223,2024-12-10,18,1,10920.34
2224,2025-11-10,6,7,10657.89
2225,2025-06-18,18,2,9793.17
2226,2023-01-29,16,7,7902.23
2227,2024-05-27,16,9,12655.35
2228,2025-09-26,14,7,4721.39
2229,2023-11-06,19,13,5243.92
2230,2025-08-07,14,14,7628.25
2231,2025-12-28,13,10,10420.16
2232,2023-04-07,6,12,21822.78
2233,2023-04-22,7,7,9491.83
2234,2023-02-10,12,1,18492.85
2235,2023-01-10,2,1,21319.84
2236,2025-12-28,14,1,15608.88
2237,2025-09-27,1,3,15818.85
2238,2024-01-04,18,5,4155.12
2239,2023-04-25,12,15,3871.85
2240,2025-01-10,12,1,8982.75
2241,2024-08-15,3,14,4398.55
2242,2024-11-09,12,2,16681.04
2243,2024-02-20,17,8,3154.94
2244,2023-04-03,7,7,10161.33
2245,2024-09-01,7,7,14776.06
2246,2023-08-29,18,13,17140.9
2247,2024-04-12,14,13,5987.22
2248,2025-03-02,8,2,1145.99
2249,2025-06-10,10,4,11528.15
2250,2024-02-25,1,6,15739.4
2251,2023-04-14,15,8,21984.99
2252,2025-03-04,18,10,8018.08
2253,2023-04-07,6,8,6831.42
2254,2025-07-23,4,11,13737.67
2255,2024-01-30,18,4,11499.36
2256,2025-05-15,14,12,22593.33
2257,2025-12-13,14,12,13776.02
2258,2024-07-07,13,3,13809.38
2259,2025-12-17,5,1,12308.07
2260,2024-10-10,16,9,12335.22
2261,2024-07-09,14,8,1516.83
2262,2025-04-13,8,9,15629.02
2263,2025-02-02,12,7,10940.21
2264,2023-06-08,2,12,10538.3
2265,2023-04-07,3,1,19711.37
2266,2023-01-09,6,13,24222.19
2267,2025-07-05,2,12,5182.85
2268,2023-10-28,9,1,6655.27
2269,2024-12-30,14,11,8088.6
2270,2025-11-07,1,3,23702.33
2271,2024-01-19,19,15,7511.04
2272,2024-04-12,6,13,7871.99
2273,2025-10-10,5,10,15105.96
2274,2023-09-23,16,8,13163.88
2275,2023-03-07,3,1,15560.56
2276,2024-01-04,2,15,13130.78
2277,2025-02-14,12,15,6301.34
2278,2024-05-05,7,2,18810.13
2279,2025-03-16,3,3,13044.41
2280,2023-04-30,2,8,11940.37
2281,2024-02-19,9,12,10061.99
2282,2025-11-25,8,8,11433.67
2283,2024-04-04,19,9,13248.92
2284,2025-10-08,18,14,7805.39
2285,2024-03-12,8,2,11361.34
2286,2025-08-08,17,11,2208.53
2287,2023-07-15,14,4,13571.78
2288,2025-09-01,17,11,6035.21
2289,2024-09-05,4,5,15293.36
2290,2024-02-19,9,11,9377.87
2291,2023-07-01,5,6,19656.16
2292,2023-01-20,13,13,4200.81
2293,2025-01-31,13,11,11463.63
2294,2023-05-01,10,2,8270.93
2295,2025-09-20,10,12,20057.52
2296,2025-02-12,2,15,2848.72
2297,2025-07-30,14,14,7116.68
2298,2025-06-01,16,8,16498.37
2299,2025-08-18,10,12,17811.91
2300,2024-04-24,17,3,11798.94
2301,2024-02-03,1,2,6633.91
2302,2025-12-31,18,3,12680.64
2303,2024-07-24,2,10,11674.07
2304,2024-07-18,1,1,10034.3
2305,2023-05-29,3,14,12967.19
2306,2023-07-30,13,2,10197.77
2307,2025-09-09,1,5,16918.7
2308,2025-06-10,18,10,12619.42
2309,2025-11-02,12,14,7177.53
2310,2025-09-22,5,8,15869.23
2311,2024-11-25,4,6,17584.29
2312,2024-03-17,17,13,18790.44
2313,2023-12-06,11,7,8433.28
2314,2025-11-29,18,3,17318.05
2315,2025-12-08,13,1,8006.04
2316,2025-02-03,14,8,9125.46
2317,2024-08-07,4,14,11417.04
2318,2025-11-02,11,4,11238.29
2319,2025-01-14,11,8,7793.03
2320,2023-01-25,6,3,12386.06
2321,2024-06-22,7,10,7823.84
2322,2024-01-15,10,12,14859.01
2323,2024-09-06,19,7,9836.7
2324,2025-11-19,1,11,16944.78
2325,2024-07-11,9,13,11776.46
2326,2023-05-29,8,13,17710.78
2327,2023-03-09,4,9,2484.35
2328,2024-12-31,6,7,9161.76
2329,2023-06-12,3,14,9006.16
2330,2023-05-23,2,1,10154.62
2331,2023-07-06,19,11,7706.7
2332,2023-01-15,19,9,14114.69
2333,2025-02-12,19,5,1061.25
2334,2025-03-21,5,1,7775.81
2335,2025-02-25,2,4,7874.29
2336,2024-09-03,1,1,4011.64
2337,2025-03-12,4,5,17858.86
2338,2023-11-27,10,11,894.15
2339,2023-08-04,13,6,16230.97
2340,2025-04-01,1,5,12299.96
2341,2025-06-02,7,12,17180.27
2342,2023-06-14,18,8,4531.23
2343,2023-10-20,10,13,10694.04
2344,2025-05-19,7,6,5510.04
2345,2024-06-24,17,2,12197.88
2346,2024-01-17,15,7,5489.39
2347,2023-03-16,15,10,6365.24
2348,2025-05-16,18,3,14580.59
2349,2024-09-18,3,11,14390.67
2350,2024-12-06,5,9,26637.75
2351,2024-12-15,17,1,9353.01
2352,2023-04-19,8,13,10542.42
2353,2023-09-09,3,10,14820.96
2354,2024-02-29,14,8,11955.69
2355,2024-06-25,7,3,3560.55
2356,2024-06-27,4,15,3326.15
2357,2025-11-04,19,13,15365.47
2358,2024-05-07,14,12,14588.19
2359,2023-10-20,14,12,10649.3
2360,2024-12-15,11,15,12799.66
2361,2024-07-03,17,15,9999.2
2362,2025-11-29,14,1,10553.69
2363,2025-07-25,13,1,3245.09
2364,2023-01-15,7,9,7521.55
2365,2025-09-04,6,12,12607.26
2366,2023-07-31,16,13,12832.66
2367,2025-08-27,3,15,7114.32
2368,2025-12-23,3,3,17885.76
2369,2024-05-26,19,6,14558.33
2370,2023-04-17,6,4,13798.18
2371,2025-07-03,5,5,12061.8
2372,2025-05-01,14,1,9473.66
2373,2023-06-02,16,5,21537.11
2374,2024-07-20,5,12,11888.49
2375,2025-02-11,20,15,4097.14
2376,2025-09-08,5,2,19714.79
2377,2025-10-02,10,4,10724.39
2378,2023-01-07,19,8,9820.41
2379,2025-07-07,13,6,15352.55
2380,2024-11-29,1,13,14111.81
2381,2024-12-03,3,11,9667.85
2382,2023-06-23,3,9,14022.92
2383,2024-01-05,9,13,8209.8
2384,2023-03-16,11,9,11027.13
2385,2025-07-10,8,14,17468.15
2386,2023-03-04,20,10,4161.71
2387,2024-12-14,7,7,15905.66
2388,2023-09-21,7,12,17434.36
2389,2024-09-02,9,15,13119.02
2390,2025-12-02,16,5,23685.08
2391,2023-04-19,20,5,14395.48
2392,2023-07-05,15,6,17610.84
2393,2025-10-10,12,9,12354.27
2394,2025-09-06,15,14,18822.96
2395,2023-01-22,4,4,12988.07
2396,2024-07-20,13,6,7395.42
2397,2023-12-28,3,12,13699.4
2398,2023-06-13,2,1,16395.82
2399,2023-12-24,3,11,23479.99
2400,2024-10-18,9,13,11472.73
2401,2024-05-18,16,15,17135.9
2402,2024-09-11,14,5,14432.77
2403,2025-05-15,18,11,16535.0
2404,2023-10-11,18,15,15112.62
2405,2023-01-03,8,13,3795.88
2406,2023-02-04,11,5,5428.27
2407,2024-12-01,8,1,17931.85
2408,2025-10-16,10,10,13733.29
2409,2025-10-30,3,9,12296.94
2410,2025-01-10,14,14,21588.1
2411,2024-12-31,17,8,15557.88
2412,2024-06-15,13,14,15441.47
2413,2023-05-19,1,2,5821.68
2414,2025-06-06,5,15,7196.75
2415,2024-01-10,8,6,8215.34
2416,2023-11-21,3,6,8054.8
2417,2024-03-10,16,3,5842.6
2418,2025-07-17,8,8,7327.57
2419,2024-12-07,2,12,18742.83
2420,2024-07-26,11,11,20165.79
2421,2023-01-10,2,9,4984.78
2422,2024-11-22,15,6,7653.59
2423,2024-01-30,7,1,13276.04
2424,2025-11-21,1,9,15659.17
2425,2025-12-23,1,10,7983.25
2426,2024-02-18,14,8,12398.98
2427,2024-12-03,10,3,12391.96
2428,2023-07-01,19,6,12342.88
2429,2023-07-19,3,6,15950.62
2430,2024-04-15,12,11,12692.12
2431,2025-04-16,3,6,12348.47
2432,2025-12-16,11,7,10802.61
2433,2024-06-17,10,15,5040.52
2434,2025-10-20,14,5,22165.26
2435,2023-12-12,4,7,12984.35
2436,2024-06-28,13,4,5351.9
2437,2023-09-22,6,14,9399.83
2438,2024-11-02,18,5,6013.57
2439,2025-12-31,14,5,12924.5
2440,2024-06-08,5,15,9190.06
2441,2025-04-14,12,5,1434.12
2442,2024-03-31,15,14,19857.79
2443,2023-08-04,15,8,12335.85
2444,2025-12-13,9,1,8813.38
2445,2023-07-18,13,5,8175.11
2446,2025-05-09,13,6,5882.03
2447,2023-01-15,17,1,14173.05
2448,2025-08-15,6,4,7798.92
2449,2023-11-13,20,5,19167.94
2450,2025-01-06,8,4,13719.39
2451,2024-12-18,20,1,17952.56
2452,2023-05-13,20,5,11976.65
2453,2023-09-05,3,9,7659.93
2454,2023-02-15,18,14,18753.91
2455,2023-10-28,15,6,12881.19
2456,2024-01-19,9,12,17064.66
2457,2023-10-12,15,15,15780.15
2458,2023-04-22,8,15,9082.86
2459,2024-02-03,5,3,9006.86
2460,2025-10-23,6,15,13364.46
2461,2025-12-11,17,8,3212.35
2462,2024-05-25,9,6,12291.86
2463,2023-08-31,10,14,20525.15
2464,2024-12-14,12,11,11601.2
2465,2023-06-28,15,12,5482.24
2466,2023-04-16,7,7,12412.07
2467,2024-09-18,20,4,14660.08
2468,2023-04-25,11,9,15156.07
2469,2025-09-30,11,12,15226.86
2470,2023-12-16,4,11,13106.51
2471,2023-12-20,11,10,8347.24
2472,2024-03-01,15,5,4209.96
2473,2025-02-17,3,1,5926.28
2474,2025-02-07,6,11,11788.95
2475,2023-12-17,2,13,9576.89
2476,2023-03-31,17,6,12653.31
2477,2025-01-07,11,15,7829.7
2478,2023-12-05,12,14,4527.35
2479,2023-05-10,17,6,21123.6
2480,2023-09-15,20,12,6412.48
2481,2023-03-21,11,9,11387.94
2482,2024-05-19,4,12,10284.32
2483,2023-01-05,4,5,11586.94
2484,2024-04-27,6,5,8864.62
2485,2024-01-12,16,7,21247.45
2486,2025-08-10,1,11,2763.25
2487,2025-08-20,11,7,13676.19
2488,2023-11-24,14,3,6009.12
2489,2023-02-27,7,6,21529.54
2490,2025-01-27,9,13,17434.61
2491,2025-07-29,7,11,17357.32
2492,2023-02-14,3,12,13063.14
2493,2024-01-27,6,12,2470.67
2494,2025-07-23,10,7,11402.55
2495,2023-10-07,13,10,21729.84
2496,2025-05-15,3,3,16935.2
2497,2025-05-30,5,1,14936.87
2498,2024-06-29,5,15,14349.11
2499,2023-06-09,12,4,19600.61
2500,2025-12-09,1,8,5312.07
2501,2024-08-31,12,7,4202.02
2502,2023-05-07,2,11,11807.21
2503,2023-09-24,9,2,7975.42
2504,2023-01-20,12,13,12410.95
2505,2023-08-26,12,11,5674.26
2506,2024-12-02,5,2,2993.02
2507,2024-01-30,12,10,8593.21
2508,2024-02-14,2,8,13579.54
2509,2025-05-27,2,12,15249.02
2510,2025-07-14,4,3,14493.66
2511,2023-12-22,9,11,19091.69
2512,2025-08-17,5,12,6397.1
2513,2025-10-07,3,1,9628.6
2514,2023-07-18,8,4,8434.95
2515,2024-10-28,5,10,15842.9
2516,2025-09-17,16,7,11807.39
2517,2025-03-11,2,7,14711.28
2518,2025-10-31,19,13,11262.18
2519,2023-09-17,3,14,11512.31
2520,2025-10-30,4,13,8313.03
2521,2023-07-11,5,14,8582.24
2522,2023-08-04,7,12,7471.71
2523,2024-03-12,19,1,12799.56
2524,2023-01-03,5,8,6777.57
2525,2023-02-20,13,1,12264.03
2526,2023-06-03,13,12,6218.22
2527,2024-09-11,6,9,18966.66
2528,2024-01-25,9,6,15296.45
2529,2023-05-07,2,10,12595.96
2530,2024-02-20,11,3,16418.03
2531,2023-07-01,14,1,8645.28
2532,2025-01-26,5,12,13701.01
2533,2024-02-01,18,7,20226.14
2534,2023-06-07,8,14,11563.54
2535,2025-01-05,1,2,8809.33
2536,2023-11-02,20,9,15281.87
2537,2024-02-14,5,1,19993.68
2538,2023-05-03,13,12,15725.64
2539,2024-06-25,6,12,15195.03
2540,2024-09-19,20,7,5924.97
2541,2025-05-23,11,15,5852.83
2542,2023-09-06,16,13,12852.9
2543,2024-04-01,6,10,15964.71
2544,2023-12-14,10,11,4564.3
2545,2023-01-23,7,10,12050.52
2546,2024-11-09,8,9,21254.97
2547,2024-06-15,20,15,21101.66
2548,2025-08-11,15,13,3373.61
2549,2025-04-06,14,2,12805.22
2550,2024-03-17,1,12,9135.5
2551,2025-12-06,13,10,15929.8
2552,2024-07-02,15,2,13203.2
2553,2024-11-29,8,5,8561.46
2554,2023-01-04,3,13,10739.62
2555,2024-12-15,10,3,9171.32
2556,2023-05-22,11,13,17248.21
2557,2024-02-06,5,6,7468.1
2558,2025-10-22,8,7,11702.52
2559,2023-02-17,1,7,15190.66
2560,2025-06-01,11,1,16859.17
2561,2025-01-25,2,2,11305.76
2562,2023-05-05,18,13,19192.61
2563,2024-06-20,12,8,9409.32
2564,2023-06-17,20,3,24490.89
2565,2023-02-25,13,1,6196.94
2566,2025-02-27,14,1,5822.73
2567,2024-11-16,12,4,10874.82
2568,2023-02-05,18,11,7831.62
2569,2024-11-12,2,14,19637.52
2570,2023-05-29,12,3,18231.82
2571,2024-10-26,18,14,11845.03
2572,2024-12-27,10,9,10556.63
2573,2024-07-14,4,15,1650.61
2574,2023-03-18,2,1,13567.6
2575,2024-10-13,11,3,16820.28
2576,2023-05-06,18,8,2250.45
2577,2023-08-15,14,2,10398.07
2578,2023-10-05,11,15,11984.71
2579,2025-03-10,12,11,15237.08
2580,2023-01-28,7,9,5511.26
2581,2025-10-24,1,12,12222.18
2582,2024-09-30,3,9,18898.08
2583,2023-05-03,19,9,11983.83
2584,2025-02-02,13,3,3158.22
2585,2024-09-21,14,5,6724.9
2586,2023-09-30,20,3,16316.0
2587,2025-06-12,13,11,11761.22
2588,2024-08-01,4,10,8502.26
2589,2023-10-11,8,11,9490.66
2590,2025-04-26,10,15,13058.38
2591,2025-11-22,12,15,15640.59
2592,2025-10-14,9,8,10543.8
2593,2025-09-25,5,12,13456.51
2594,2025-07-28,13,13,7145.66
2595,2025-07-01,8,5,22447.61
2596,2024-10-12,17,2,18511.59
2597,2025-06-24,2,8,13284.68
2598,2023-09-18,15,12,9256.81
2599,2023-11-15,13,5,10643.73
2600,2025-08-02,9,9,10472.8
2601,2023-01-03,2,6,16435.87
2602,2023-07-31,9,2,12366.97
2603,2024-01-02,13,8,11526.92
2604,2025-08-13,6,3,16846.5
2605,2025-08-22,13,15,11543.5
2606,2025-12-09,10,13,5369.48
2607,2023-03-12,9,7,14246.85
2608,2023-09-28,16,1,10043.59
2609,2023-04-14,13,2,11086.89
2610,2023-03-09,15,14,9359.96
2611,2024-07-15,6,13,8122.73
2612,2023-05-26,16,10,6969.49
2613,2025-04-10,19,2,11363.37
2614,2025-12-02,12,14,14358.64
2615,2025-12-05,13,7,12342.26
2616,2023-02-02,14,11,7291.11
2617,2024-04-11,6,8,22302.62
2618,2023-10-17,17,4,13896.01
2619,2025-11-02,1,10,4515.75
2620,2023-10-28,6,8,7430.42
2621,2024-10-07,5,2,12049.35
2622,2025-03-19,3,12,10792.39
2623,2024-11-29,1,12,7983.15
2624,2023-06-28,4,10,19317.04
2625,2025-02-15,19,2,10628.11
2626,2024-08-30,9,3,7648.32
2627,2023-02-27,17,2,4237.97
2628,2023-01-31,18,6,13836.72
2629,2023-05-13,3,10,17601.66
2630,2025-04-20,16,13,12787.78
2631,2025-05-05,4,11,14083.73
2632,2023-08-16,17,7,5507.09
2633,2024-04-30,1,8,11635.51
2634,2025-03-05,1,11,21655.94
2635,2025-02-27,15,6,21630.69
2636,2024-04-09,9,1,8989.34
2637,2025-11-09,2,4,7335.19
2638,2025-01-17,18,12,23112.73
2639,2025-04-09,7,7,8025.23
2640,2024-02-04,11,6,16649.02
2641,2024-07-20,11,6,7695.16
2642,2023-11-22,4,5,4128.4
2643,2025-01-08,5,9,8379.96
2644,2025-09-27,15,10,14755.86
2645,2025-04-15,8,5,6588.41
2646,2023-10-12,19,3,3268.82
2647,2023-05-12,12,1,8245.86
2648,2024-08-03,18,5,11852.59
2649,2024-08-18,2,4,21763.68
2650,2024-08-18,8,14,5827.01
2651,2025-07-18,2,13,13220.49
2652,2025-06-07,1,15,23183.45
2653,2025-09-09,13,10,5514.11
2654,2024-07-07,14,5,12109.7
2655,2024-12-07,3,8,18969.69
2656,2025-02-23,3,1,16370.48
2657,2024-01-09,11,12,7849.88
2658,2024-09-23,10,5,14064.66
2659,2023-04-22,20,10,10423.55
2660,2023-04-17,9,2,4293.02
2661,2023-08-23,12,15,7134.92
2662,2024-01-06,1,13,7551.93
2663,2024-03-01,6,2,8304.67
2664,2024-10-29,19,3,22269.85
2665,2024-09-30,14,15,14368.82
2666,2024-07-27,14,15,3665.48
2667,2025-01-01,20,8,10831.12
2668,2025-11-04,13,4,10780.75
2669,2025-02-21,9,12,8764.16
2670,2024-11-04,4,3,11916.7
2671,2024-12-12,3,7,11348.39
2672,2023-04-01,19,12,3708.25
2673,2024-05-04,20,7,10864.72
2674,2025-03-08,11,10,12933.76
2675,2025-04-13,17,3,4034.9
2676,2025-01-27,7,8,12568.86
2677,2024-06-21,4,3,20226.5
2678,2024-05-30,13,10,15624.57
2679,2024-11-15,19,2,14553.04
2680,2025-08-27,18,12,19604.81
2681,2025-06-24,3,11,8250.15
2682,2025-11-10,8,12,9156.15
2683,2024-10-13,8,14,5717.25
2684,2023-03-12,4,13,8486.33
2685,2024-04-02,4,9,12479.8
2686,2023-11-29,17,3,15663.72
2687,2024-08-12,18,6,3855.67
2688,2024-03-12,11,11,8983.94
2689,2023-06-19,19,3,19809.32
2690,2025-01-08,4,8,9213.04
2691,2024-10-11,11,3,8853.09
2692,2024-08-24,3,8,9875.21
2693,2024-03-15,8,10,13149.58
2694,2024-08-12,4,3,4383.5
2695,2025-09-29,20,15,21928.51
2696,2025-12-16,6,2,22386.99
2697,2024-08-07,18,4,7826.77
2698,2024-01-20,10,4,13851.92
2699,2023-03-07,7,14,1357.95
2700,2025-11-22,8,1,14298.01
2701,2023-08-17,10,14,12298.34
2702,2025-10-06,19,8,14224.21
2703,2025-03-07,8,2,9928.98
2704,2025-08-30,8,10,20953.55
2705,2024-11-07,16,3,2377.91
2706,2023-11-10,5,7,11608.52
2707,2023-11-24,5,10,5151.24
2708,2024-12-28,11,4,21623.76
2709,2023-10-20,11,3,4631.28
2710,2025-03-26,20,14,4851.69
2711,2024-12-13,2,2,16189.94
2712,2024-06-18,1,11,8538.81
2713,2024-12-22,12,15,12381.13
2714,2025-02-26,10,4,24155.62
2715,2024-11-14,17,2,21981.87
2716,2024-11-19,5,8,9232.4
2717,2025-09-22,3,13,4290.06
2718,2023-08-10,9,13,16371.32
2719,2025-07-23,3,2,2554.42
2720,2023-04-27,15,10,11679.26
2721,2024-08-21,15,8,7669.66
2722,2023-05-27,13,7,7587.93
2723,2024-10-14,20,1,8206.02
2724,2023-08-18,9,12,7173.88
2725,2023-06-17,10,2,6832.16
2726,2023-11-16,16,1,13223.01
2727,2024-10-28,5,15,11247.11
2728,2024-05-16,14,4,12259.16
2729,2024-02-27,13,2,11485.98
2730,2025-06-04,10,10,7597.26
2731,2025-06-08,20,14,16697.09
2732,2024-12-06,15,2,8234.07
2733,2025-08-17,6,13,13038.46
2734,2023-02-27,1,12,10248.72
2735,2023-10-07,6,4,12621.93
2736,2025-01-17,14,14,11500.65
2737,2025-07-24,12,11,6130.89
2738,2025-08-05,12,9,17084.88
2739,2024-06-26,2,1,8850.22
2740,2023-01-18,7,9,14026.99
2741,2024-01-16,9,14,12333.78
2742,2023-10-03,16,5,19834.66
2743,2024-01-01,20,8,2562.84
2744,2025-03-29,19,10,10273.15
2745,2024-12-10,2,12,10738.93
2746,2024-11-16,12,4,20597.11
2747,2024-02-27,16,4,10340.31
2748,2023-05-24,18,8,10717.87
2749,2025-05-19,16,4,11979.97
2750,2024-08-23,16,9,7840.17
2751,2024-12-25,15,14,13895.31
2752,2024-11-06,13,9,14328.01
2753,2023-01-21,13,12,18396.33
2754,2024-08-18,15,2,16337.83
2755,2023-07-25,12,14,12478.03
2756,2025-07-23,11,1,11967.86
2757,2024-06-15,4,11,4343.5
2758,2025-03-05,7,6,8093.6
2759,2024-03-19,13,11,17736.6
2760,2023-07-19,11,1,14834.82
2761,2024-04-05,17,10,8351.37
2762,2025-08-01,20,13,12313.95
2763,2023-07-10,12,2,11916.37
2764,2023-09-06,7,5,10385.07
2765,2025-07-02,15,6,7026.53
2766,2024-11-06,5,15,11580.52
2767,2025-05-01,2,9,18304.05
2768,2024-05-03,6,6,22440.81
2769,2024-04-22,8,15,7738.73
2770,2023-09-07,19,8,8913.38
2771,2025-03-24,1,7,24003.46
2772,2025-10-03,17,11,12526.39
2773,2024-12-26,19,13,11883.38
2774,2025-05-21,13,9,10733.38
2775,2023-07-14,14,6,5655.19
2776,2024-07-07,3,1,9834.88
2777,2023-05-20,11,7,19242.74
2778,2023-05-16,12,4,7657.84
2779,2024-03-16,15,1,14025.05
2780,2023-06-03,13,3,16271.46
2781,2024-11-28,5,2,8301.19
2782,2023-05-04,9,11,25857.38
2783,2023-11-30,17,7,6697.85
2784,2023-06-26,7,14,18443.21
2785,2024-08-17,15,9,17639.98
2786,2024-09-21,11,14,20753.26
2787,2025-01-21,7,8,9504.04
2788,2025-10-31,1,15,2372.11
2789,2024-09-18,14,7,12057.37
2790,2023-11-05,4,5,12026.72
2791,2025-07-30,9,2,22455.93
2792,2025-12-20,13,9,3596.7
2793,2024-11-12,5,4,7132.53
2794,2023-08-22,12,3,16306.67
2795,2025-06-07,5,7,13382.02
2796,2023-06-04,20,8,12933.62
2797,2023-08-29,5,7,5603.1
2798,2024-07-14,17,9,14773.17
2799,2025-12-07,13,11,11578.62
2800,2025-11-12,19,15,15453.2
2801,2024-04-02,15,12,12387.97
2802,2025-06-29,16,12,8755.57
2803,2023-05-03,12,12,13509.48
2804,2023-05-25,14,9,8783.49
2805,2024-03-24,12,15,9609.0
2806,2025-07-04,3,15,13901.02
2807,2025-06-02,3,1,2988.81
2808,2024-01-26,15,14,5051.44
2809,2025-06-21,5,9,8358.01
2810,2023-08-07,7,12,21450.5
2811,2025-05-26,8,9,13862.06
2812,2023-11-10,13,7,14598.14
2813,2023-01-22,4,6,8537.12
2814,2023-04-24,13,7,15599.44
2815,2023-07-17,8,10,12400.22
2816,2023-05-26,9,8,9805.12
2817,2023-08-12,15,4,7570.61
2818,2024-09-24,1,4,9784.53
2819,2023-03-25,11,15,8429.33
2820,2025-02-01,11,8,9643.59
2821,2023-04-12,18,11,19636.07
2822,2024-11-29,20,11,11862.84
2823,2024-11-12,11,11,13545.09
2824,2024-04-13,6,11,8090.39
2825,2024-10-01,13,2,13851.95
2826,2023-08-21,12,7,3324.27
2827,2024-01-28,19,13,11901.2
2828,2024-02-08,9,11,10126.86
2829,2025-07-04,15,5,8506.07
2830,2023-09-13,2,7,10563.74
2831,2023-01-13,18,5,11607.37
2832,2024-10-28,10,5,11041.7
2833,2024-09-03,4,7,5539.96
2834,2024-02-17,20,2,5840.47
2835,2023-07-22,19,6,15609.92
2836,2023-06-09,14,12,21297.62
2837,2024-05-28,13,5,10865.25
2838,2024-04-17,17,8,3427.6
2839,2024-10-25,14,10,4630.05
2840,2024-12-31,15,4,4743.98
2841,2024-01-24,19,8,5864.94
2842,2025-07-27,18,10,5253.16
2843,2023-07-02,3,10,14133.28
2844,2024-01-20,20,15,10558.32
2845,2023-11-29,11,2,14092.1
2846,2024-12-30,17,8,10519.12
2847,2025-07-18,11,13,6846.88
2848,2024-05-24,7,6,12369.89
2849,2024-06-07,5,12,8600.18
2850,2025-01-14,19,6,4909.44
2851,2024-06-15,12,15,11312.6
2852,2024-08-27,5,2,10418.99
2853,2023-06-10,2,13,14811.58
2854,2023-03-13,7,2,5981.95
2855,2025-02-19,6,11,1545.13
2856,2025-12-29,20,13,27469.21
2857,2023-09-10,4,10,14118.16
2858,2025-07-16,7,15,5741.6
2859,2024-07-04,18,6,5337.38
2860,2025-08-03,9,14,6480.4
2861,2024-02-24,2,15,24117.12
2862,2024-11-13,19,5,13832.76
2863,2023-04-02,4,9,9995.27
2864,2025-04-02,20,12,4855.94
2865,2024-01-01,19,12,4052.73
2866,2025-03-30,8,15,16321.25
2867,2023-11-23,9,15,18426.98
2868,2023-08-29,7,4,5678.19
2869,2025-01-23,6,13,4502.61
2870,2025-02-22,6,6,10462.2
2871,2025-01-23,7,2,11822.36
2872,2025-02-15,11,4,9018.75
2873,2024-10-19,10,9,21986.57
2874,2023-06-30,14,5,9264.69
2875,2024-11-15,15,15,3115.64
2876,2023-07-29,4,5,3895.3
2877,2023-06-01,5,12,13062.11
2878,2024-09-18,16,11,19048.91
2879,2023-07-13,18,3,15485.97
2880,2025-05-15,15,6,3362.16
2881,2025-05-07,1,14,7574.18
2882,2023-04-05,15,9,17019.09
2883,2024-04-24,5,15,20122.66
2884,2024-04-04,5,4,24673.2
2885,2025-12-28,13,8,7820.43
2886,2024-06-16,9,11,15281.1
2887,2023-12-21,5,1,19111.04
2888,2024-11-22,7,1,5079.29
2889,2023-07-18,6,8,14690.51
2890,2023-04-30,9,14,18091.37
2891,2024-11-16,6,7,12706.71
2892,2025-09-07,17,5,3143.37
2893,2023-07-26,20,11,10061.04
2894,2024-11-22,12,4,14146.79
2895,2025-12-18,6,8,14678.51
2896,2023-03-04,1,11,8211.83
2897,2024-09-08,3,14,16882.29
2898,2024-07-20,8,4,2851.56
2899,2023-08-06,1,7,21012.64
2900,2023-08-05,3,9,14592.8
2901,2023-02-22,13,3,11498.03
2902,2023-07-24,15,3,17284.83
2903,2025-05-27,9,2,6124.52
2904,2024-11-22,1,12,15354.29
2905,2023-04-07,9,9,19425.87
2906,2023-01-07,4,12,7645.66
2907,2024-05-21,1,1,13871.25
2908,2024-10-27,20,1,22190.55
2909,2025-02-18,18,4,15139.91
2910,2025-07-26,15,15,13395.48
2911,2023-06-30,20,8,9008.97
2912,2025-02-28,18,9,14796.99
2913,2024-05-08,1,2,11858.28
2914,2024-02-06,18,7,4657.86
2915,2025-10-21,10,7,9120.81
2916,2023-01-07,16,10,15078.13
2917,2023-11-30,12,7,7154.16
2918,2023-04-23,1,1,8432.45
2919,2024-10-15,4,8,10290.98
2920,2024-07-25,7,3,19000.43
2921,2024-08-02,10,9,21172.66
2922,2024-12-06,14,13,18403.88
2923,2023-07-06,18,6,9649.77
2924,2025-09-06,18,15,19130.17
2925,2025-02-21,17,11,11292.61
2926,2023-07-09,14,6,19109.78
2927,2024-10-06,17,7,2180.78
2928,2024-04-30,12,10,14781.7
2929,2024-02-05,18,8,6061.67
2930,2023-10-21,2,1,10728.36
2931,2024-11-12,11,14,17430.67
2932,2024-05-08,18,13,18622.2
2933,2024-10-08,15,15,13327.53
2934,2025-03-28,2,7,3799.81
2935,2025-12-25,11,9,17715.04
2936,2025-11-22,2,10,4892.49
2937,2025-11-05,5,11,6355.39
2938,2025-07-14,18,14,9893.93
2939,2025-12-25,9,15,10777.72
2940,2025-09-12,14,15,11022.09
2941,2023-11-01,14,9,8689.24
2942,2023-12-11,17,4,21637.68
2943,2025-08-18,11,5,14125.7
2944,2024-09-03,2,3,6504.33
2945,2023-01-26,4,13,11293.69
2946,2023-01-14,6,2,14801.08
2947,2025-10-07,10,10,14725.96
2948,2025-04-08,4,10,4950.81
2949,2024-04-27,2,6,5647.13
2950,2025-07-04,13,2,4593.36
2951,2023-07-24,20,12,5937.41
2952,2025-08-04,17,6,12602.23
2953,2023-06-30,9,15,21100.31
2954,2023-01-28,1,15,14806.63
2955,2023-10-17,6,11,10278.59
2956,2023-03-28,14,2,19783.7
2957,2025-03-07,5,7,8590.8
2958,2024-11-03,11,8,7248.98
2959,2024-07-16,18,5,14323.68
2960,2023-12-29,18,5,11220.53
2961,2023-06-19,19,8,4951.56
2962,2023-01-01,20,10,7547.67
2963,2023-06-28,5,14,12295.0
2964,2025-08-30,13,2,9946.64
2965,2023-11-10,19,15,10996.71
2966,2024-08-16,8,5,25118.73
2967,2025-10-14,10,1,11271.31
2968,2024-03-24,16,14,6677.5
2969,2023-12-12,2,14,17887.52
2970,2025-07-07,8,11,28363.1
2971,2024-08-19,19,2,20770.55
2972,2023-05-25,19,7,11519.66
2973,2025-05-19,17,13,19057.88
2974,2023-09-30,14,9,8189.92
2975,2025-10-18,6,7,18599.09
2976,2023-01-07,8,4,20557.34
2977,2025-10-17,18,4,19481.53
2978,2024-08-07,15,1,9311.91
2979,2024-01-01,13,8,12077.18
2980,2023-06-06,2,2,22171.07
2981,2025-03-25,8,2,1297.05
2982,2025-09-15,10,2,17326.85
2983,2024-04-21,13,4,7296.64
2984,2025-03-15,1,13,15020.97
2985,2023-02-05,1,10,13902.29
2986,2024-07-27,6,7,12437.21
2987,2025-02-23,20,2,8104.83
2988,2025-09-29,14,6,15492.15
2989,2025-04-28,12,2,8965.88
2990,2023-09-09,11,10,8900.31
2991,2023-02-15,10,6,8103.63
2992,2023-09-21,3,9,11164.86
2993,2024-04-17,15,15,5735.32
2994,2023-06-10,17,12,3828.32
2995,2024-08-02,9,8,16094.92
2996,2025-02-05,8,5,8798.05
2997,2023-10-07,9,8,15337.3
2998,2025-11-26,6,5,12429.47
2999,2023-02-13,17,3,17575.91
3000,2023-11-18,7,1,10584.72
3001,2025-11-15,19,13,13370.51
3002,2025-12-29,16,13,4835.8
3003,2025-01-26,17,9,13947.79
3004,2025-06-24,4,2,10934.83
3005,2024-12-05,16,3,19542.82
3006,2024-11-17,16,2,17028.85
3007,2023-04-02,16,1,17750.45
3008,2024-11-24,9,1,19123.24
3009,2025-10-21,17,13,11237.58
3010,2024-06-24,15,15,2039.79
3011,2023-12-04,8,9,9814.51
3012,2025-09-24,17,2,20958.83
3013,2024-08-03,7,1,17408.61
3014,2025-02-27,6,7,9216.96
3015,2025-02-08,4,1,10985.87
3016,2024-12-25,19,5,17792.62
3017,2025-02-08,18,14,14704.93
3018,2023-08-27,20,11,8144.1
3019,2023-02-09,15,7,11504.37
3020,2024-06-09,6,6,9042.79
3021,2024-06-25,3,14,12424.08
3022,2025-02-05,14,3,11388.36
3023,2025-04-03,13,7,7514.96
3024,2025-01-25,5,5,6512.66
3025,2023-07-30,17,1,12549.73
3026,2025-06-09,7,3,4801.58
3027,2024-03-13,18,3,5259.34
3028,2025-07-17,1,13,8105.89
3029,2024-10-25,17,4,14690.96
3030,2024-06-02,19,7,11219.58
3031,2025-08-13,17,1,9085.41
3032,2023-10-02,3,15,9559.55
3033,2024-12-01,9,12,22906.45
3034,2025-02-18,15,6,9001.55
3035,2024-04-11,13,5,10882.25
3036,2023-05-21,3,2,11608.73
3037,2023-07-11,4,12,5195.74
3038,2025-05-05,13,15,17954.24
3039,2024-09-21,7,3,15859.76
3040,2023-12-03,19,6,10947.64
3041,2023-09-04,15,9,18286.7
3042,2024-11-03,10,5,7265.74
3043,2025-02-16,9,3,14775.13
3044,2023-08-17,19,13,12393.46
3045,2023-02-24,15,9,9482.22
3046,2024-01-25,20,2,16390.31
3047,2023-06-27,12,2,12296.75
3048,2024-04-16,6,5,13864.39
3049,2024-08-04,11,6,8175.91
3050,2024-05-16,2,6,5186.96
3051,2023-03-23,6,3,9281.37
3052,2023-11-22,7,12,21337.09
3053,2023-02-07,12,10,16176.65
3054,2023-02-16,10,5,6519.76
3055,2024-12-11,1,15,11565.74
3056,2024-12-23,12,1,16791.51
3057,2023-07-20,17,1,8335.56
3058,2024-03-08,11,3,19014.88
3059,2023-01-10,10,13,17164.31
3060,2024-08-29,9,3,16158.63
3061,2023-11-25,13,10,8321.85
3062,2025-09-05,1,5,14533.94
3063,2023-10-11,17,5,14246.94
3064,2024-08-30,4,7,5053.47
3065,2025-05-31,16,2,10260.72
3066,2024-07-02,4,13,10358.67
3067,2024-07-15,19,14,2168.85
3068,2025-10-17,1,12,6088.5
3069,2024-07-16,6,6,6882.82
3070,2023-09-27,14,10,2623.05
3071,2025-06-15,17,11,8679.96
3072,2025-06-19,8,10,16546.39
3073,2024-07-24,18,5,9544.07
3074,2024-08-29,9,10,8589.37
3075,2025-10-01,12,4,10793.81
3076,2024-07-03,18,3,9179.21
3077,2023-11-03,6,12,6476.76
3078,2024-07-09,3,5,9946.19
3079,2024-02-08,17,7,7096.48
3080,2025-07-03,10,5,10371.15
3081,2023-12-25,6,15,16686.23
3082,2024-05-13,15,8,19640.88
3083,2024-03-09,8,9,19169.26
3084,2025-12-10,6,8,9135.71
3085,2024-12-24,2,15,5746.0
3086,2023-02-16,16,14,8725.03
3087,2025-01-24,16,4,8314.06
3088,2025-10-02,19,1,7538.1
3089,2023-10-05,6,5,9434.26
3090,2023-02-07,11,13,8714.66
3091,2024-03-26,8,8,10408.67
3092,2025-10-18,18,2,19300.81
3093,2023-03-21,19,2,7955.05
3094,2025-02-16,2,8,14276.2
3095,2023-10-05,17,8,8502.13
3096,2023-12-11,12,14,9979.22
3097,2025-08-12,15,8,10388.97
3098,2024-11-09,13,15,20779.08
3099,2024-01-31,16,13,9003.04
3100,2025-04-16,6,12,7251.02
3101,2024-02-12,17,2,12754.04
3102,2025-09-14,10,15,11738.19
3103,2025-03-13,1,7,19537.61
3104,2024-02-23,20,14,4217.6
3105,2023-06-18,3,3,1847.3
3106,2023-07-29,11,13,9075.32
3107,2024-01-17,9,4,6365.75
3108,2025-05-07,13,11,10941.5
3109,2024-06-12,18,13,21928.81
3110,2025-11-16,12,4,8519.59
3111,2023-12-24,15,6,22610.93
3112,2023-12-12,6,8,9720.12
3113,2025-06-20,14,8,6352.78
3114,2025-03-31,18,1,13416.34
3115,2024-03-21,18,1,9002.34
3116,2024-07-09,10,2,19206.67
3117,2023-04-05,18,12,3145.88
3118,2023-05-15,6,7,7831.8
3119,2025-03-24,9,8,7787.94
3120,2024-10-17,11,9,13176.36
3121,2023-06-09,13,6,10948.41
3122,2024-01-06,7,13,7269.23
3123,2025-03-23,15,1,10641.84
3124,2025-04-28,12,14,10060.51
3125,2025-02-23,12,14,13059.57
3126,2023-02-24,19,3,8722.77
3127,2025-04-02,2,7,25672.08
3128,2023-12-23,6,9,14646.42
3129,2023-01-27,15,9,16089.51
3130,2023-09-30,3,3,18976.5
3131,2025-12-22,7,4,4730.45
3132,2025-03-22,10,5,5969.66
3133,2024-02-19,1,8,4422.74
3134,2025-09-30,4,14,9347.8
3135,2024-01-18,19,9,7092.51
3136,2025-01-06,14,4,14265.54
3137,2024-10-20,12,3,4794.76
3138,2024-08-16,20,14,14561.04
3139,2025-07-14,1,11,10010.01
3140,2023-01-13,4,13,5094.82
3141,2025-06-02,17,5,11925.36
3142,2023-07-13,10,13,13563.3
3143,2024-05-07,16,3,18681.05
3144,2023-02-17,15,8,9009.86
3145,2023-12-15,8,15,6533.15
3146,2025-12-20,7,5,5030.74
3147,2023-03-03,12,15,5324.56
3148,2023-03-31,16,2,1257.41
3149,2024-05-09,2,14,12442.24
3150,2024-09-12,17,11,8571.79
3151,2023-10-17,10,5,14141.74
3152,2024-01-26,12,3,9772.69
3153,2024-03-12,17,7,13434.79
3154,2024-12-30,14,6,23972.31
3155,2025-11-10,16,13,14458.21
3156,2023-02-13,14,2,10728.81
3157,2025-02-19,20,14,6415.48
3158,2025-07-23,5,10,5858.1
3159,2024-06-18,6,11,9174.24
3160,2024-05-20,11,5,20377.36
3161,2024-05-21,5,11,14322.93
3162,2024-05-06,4,3,4277.26
3163,2023-06-17,7,15,9648.52
3164,2025-12-30,18,8,2703.22
3165,2025-06-26,10,15,4111.39
3166,2023-01-13,9,12,12602.31
3167,2024-04-24,11,15,23603.7
3168,2023-01-12,13,11,12672.06
3169,2024-07-09,10,5,12355.87
3170,2025-09-30,10,4,6287.46
3171,2024-05-03,8,8,11059.15
3172,2024-03-28,11,14,11242.99
3173,2025-09-03,4,4,9255.05
3174,2023-11-25,3,14,10948.17
3175,2024-02-11,14,4,14099.12
3176,2024-03-26,4,14,13661.32
3177,2024-04-15,14,7,5681.86
3178,2025-08-09,20,13,18720.52
3179,2025-05-18,6,15,19466.43
3180,2024-09-10,7,4,14854.62
3181,2024-03-23,9,10,12589.44
3182,2023-12-04,12,11,18475.81
3183,2024-06-23,9,15,12129.52
3184,2023-06-18,16,11,13725.07
3185,2023-09-06,11,11,1243.98
3186,2023-12-10,12,2,9858.91
3187,2025-07-16,8,6,25463.68
3188,2024-01-01,15,15,14054.13
3189,2024-07-24,7,6,25461.72
3190,2023-06-14,3,3,9211.51
3191,2024-04-07,15,3,7148.26
3192,2025-11-04,14,3,14622.08
3193,2025-11-19,20,5,10042.29
3194,2024-11-12,15,9,9381.52
3195,2025-02-13,7,3,22923.53
3196,2025-06-06,15,2,6648.95
3197,2025-02-28,8,12,19737.42
3198,2025-07-02,1,5,14776.64
3199,2023-11-13,20,3,5199.48
3200,2024-10-21,18,15,5065.42
3201,2024-02-07,18,3,11468.25
3202,2025-06-07,8,15,8848.11
3203,2024-08-13,20,10,17814.67
3204,2023-11-21,1,8,17779.48
3205,2024-09-24,2,2,8061.58
3206,2025-10-12,3,13,11060.87
3207,2023-12-25,19,8,3135.17
3208,2023-11-19,13,13,18076.24
3209,2025-05-04,6,10,10533.64
3210,2023-04-07,10,2,16924.59
3211,2025-01-16,14,1,7734.45
3212,2024-08-02,2,13,10644.63
3213,2023-04-22,11,9,3464.58
3214,2023-02-18,11,13,18348.72
3215,2024-11-30,10,4,14180.9
3216,2024-08-27,14,11,15005.52
3217,2026-01-01,12,14,25519.11
3218,2023-05-02,18,6,10574.9
3219,2025-01-26,5,8,5256.52
3220,2024-06-06,20,2,16169.42
3221,2023-03-05,2,2,14156.21
3222,2025-02-08,11,3,6472.14
3223,2024-11-15,7,8,15795.62
3224,2024-04-13,5,15,12237.81
3225,2025-03-04,10,2,16855.43
3226,2024-01-22,12,14,19870.24
3227,2023-02-13,1,3,983.02
3228,2025-08-16,12,10,16487.26
3229,2024-04-14,17,3,14157.0
3230,2024-12-15,13,4,11945.49
3231,2023-11-14,8,13,8039.32
3232,2024-10-24,12,6,11465.63
3233,2023-12-27,17,9,9868.41
3234,2023-05-27,14,3,9700.92
3235,2025-07-19,12,8,20583.48
3236,2025-07-06,6,13,12648.5
3237,2024-04-17,16,14,11868.02
3238,2025-03-14,9,3,5678.93
3239,2025-03-16,7,7,8435.83
3240,2025-03-12,20,12,17296.42
3241,2025-04-27,5,14,7896.82
3242,2025-07-06,15,11,13223.17
3243,2025-07-23,19,13,11652.82
3244,2023-06-06,18,10,17585.59
3245,2025-12-13,13,11,16129.75
3246,2024-08-25,1,1,14558.78
3247,2023-09-29,18,8,16560.83
3248,2025-01-23,15,6,3589.38
3249,2023-07-20,19,1,7463.58
3250,2025-10-26,16,8,11387.33
3251,2023-07-09,14,6,15532.5
3252,2023-02-21,17,5,10615.4
3253,2024-10-21,15,1,14103.47
3254,2025-08-23,9,15,9247.08
3255,2023-04-05,4,12,4654.05
3256,2023-02-20,6,1,12207.07
3257,2025-01-09,1,3,4269.49
3258,2025-05-01,13,6,18635.69
3259,2023-07-27,1,7,12755.63
3260,2023-09-21,18,2,2592.6
3261,2023-04-21,18,10,20539.26
3262,2025-10-20,18,12,14771.03
3263,2025-10-07,15,12,11010.07
3264,2024-10-01,14,12,17363.71
3265,2023-12-09,8,5,4042.93
3266,2024-05-27,11,2,865.1
3267,2023-11-12,19,8,11782.23
3268,2025-07-08,9,2,7771.07
3269,2023-07-30,1,15,8453.51
3270,2024-10-21,1,5,16027.77
3271,2024-11-18,5,9,17273.14
3272,2025-01-10,14,13,17329.12
3273,2024-11-22,13,8,14429.3
3274,2025-03-30,15,10,11623.72
3275,2023-04-14,13,10,20191.68
3276,2023-10-27,13,1,13184.02
3277,2025-12-27,7,1,11246.58
3278,2025-07-08,5,15,13052.85
3279,2023-10-08,9,3,15021.97
3280,2025-11-19,10,11,4062.59
3281,2025-09-29,16,8,6348.52
3282,2024-05-13,10,1,25890.03
3283,2023-02-02,3,3,11545.31
3284,2024-05-10,7,7,6260.76
3285,2025-12-11,1,12,10395.27
3286,2024-09-16,8,2,17930.97
3287,2023-11-18,8,8,12242.81
3288,2023-02-11,10,7,10974.8
3289,2025-05-29,3,15,19993.6
3290,2024-06-29,10,3,3665.89
3291,2025-04-07,2,5,7552.53
3292,2025-09-11,7,10,12157.97
3293,2025-04-24,16,11,10061.92
3294,2025-07-07,18,8,21252.55
3295,2024-10-24,7,3,17312.77
3296,2024-06-22,1,6,7156.78
3297,2025-05-10,1,2,15950.88
3298,2024-08-26,7,6,16154.54
3299,2025-01-15,18,6,4745.93
3300,2025-04-14,13,13,5897.7
3301,2024-11-20,17,2,20329.21
3302,2025-11-02,3,5,21721.83
3303,2025-02-12,8,4,11441.65
3304,2023-05-13,14,12,9000.25
3305,2023-04-28,10,11,15975.37
3306,2025-08-22,10,12,6774.26
3307,2023-01-26,16,4,4549.46
3308,2025-01-31,10,14,18600.05
3309,2023-05-15,15,4,11267.77
3310,2023-11-27,8,14,16821.45
3311,2025-04-16,12,10,14617.2
3312,2024-12-05,20,8,4723.63
3313,2023-07-27,4,1,22002.9
3314,2023-05-14,16,4,14086.52
3315,2025-08-17,10,12,5755.29
3316,2025-02-21,10,2,12358.53
3317,2024-06-17,2,1,9235.04
3318,2025-09-06,12,12,14079.03
3319,2025-12-11,14,7,6683.92
3320,2024-04-07,11,9,19877.89
3321,2023-03-20,5,14,20443.02
3322,2023-01-13,9,7,10273.56
3323,2024-04-27,8,3,15948.78
3324,2023-03-11,16,11,17067.34
3325,2023-09-22,1,5,3097.42
3326,2025-03-17,18,8,11832.02
3327,2024-12-25,4,11,19880.07
3328,2025-10-01,2,15,9530.46
3329,2024-12-17,6,5,7904.51
3330,2024-02-06,15,14,6710.98
3331,2025-10-05,16,1,18249.63
3332,2023-07-09,13,8,5350.24
3333,2023-06-27,1,13,5337.48
3334,2024-04-18,2,8,8766.21
3335,2024-03-06,15,2,21432.68
3336,2025-02-03,12,3,13235.62
3337,2024-11-17,9,9,14529.61
3338,2025-12-07,1,15,15396.09
3339,2025-06-09,15,13,14546.98
3340,2024-02-17,10,7,8227.23
3341,2023-02-08,4,12,8101.1
3342,2023-08-23,20,1,13996.51
3343,2024-02-12,16,15,15530.02
3344,2023-10-01,9,4,7710.69
3345,2025-08-27,16,13,13562.41
3346,2024-12-28,10,15,12138.25
3347,2025-05-05,10,1,10672.06
3348,2023-12-25,18,8,2089.54
3349,2024-11-30,12,7,13092.29
3350,2025-04-26,2,12,20338.12
3351,2025-03-05,10,2,5288.49
3352,2024-11-18,6,4,9991.55
3353,2024-10-22,8,1,1669.83
3354,2025-05-09,15,14,21120.27
3355,2024-10-25,5,10,7665.53
3356,2024-08-05,5,4,12972.19
3357,2024-09-13,10,2,12078.49
3358,2025-02-04,9,4,12225.04
3359,2023-03-14,13,7,3076.63
3360,2024-04-08,4,10,12218.12
3361,2023-01-16,11,7,15764.67
3362,2024-01-02,11,3,3385.39
3363,2025-11-26,6,1,7908.15
3364,2023-11-02,8,8,10762.0
3365,2025-10-15,9,10,11624.3
3366,2024-05-06,2,5,8085.15
3367,2024-01-29,13,10,7041.11
3368,2024-11-26,14,4,9696.02
3369,2025-03-22,12,14,5446.04
3370,2024-05-16,7,7,6185.57
3371,2024-03-12,10,11,4519.14
3372,2024-10-23,2,6,7087.12
3373,2023-06-02,5,11,15467.03
3374,2023-01-23,15,15,12982.85
3375,2025-01-07,9,1,13621.86
3376,2025-09-24,7,14,9976.12
3377,2024-02-23,1,1,9594.37
3378,2025-11-05,16,4,11065.26
3379,2024-08-28,14,3,10429.91
3380,2023-07-31,9,10,10017.46
3381,2025-06-26,7,2,9512.78
3382,2023-02-21,20,1,3416.16
3383,2025-03-25,1,7,9079.96
3384,2025-09-18,6,2,13287.29
3385,2023-06-04,17,11,20055.57
3386,2025-11-18,8,14,9856.18
3387,2024-09-18,9,5,7153.95
3388,2024-12-20,17,2,13043.47
3389,2024-10-22,6,3,11150.83
3390,2025-06-17,6,4,8526.96
3391,2024-06-21,11,12,15860.62
3392,2024-03-19,3,13,15807.38
3393,2025-02-26,11,2,11186.47
3394,2023-11-23,9,13,11602.2
3395,2025-05-22,19,9,6473.43
3396,2023-09-04,9,12,11601.85
3397,2025-01-22,7,9,9270.43
3398,2025-03-28,12,1,20807.52
3399,2025-02-05,14,8,12984.49
3400,2024-12-05,13,10,11042.37
3401,2024-03-28,2,3,23633.31
3402,2025-01-01,5,6,6536.75
3403,2023-03-24,5,13,16019.45
3404,2025-11-23,2,9,12415.64
3405,2023-11-02,14,8,14004.89
3406,2023-12-12,18,9,5788.1
3407,2023-12-21,10,11,6421.24
3408,2024-11-28,6,12,14532.19
3409,2023-02-21,10,6,20842.69
3410,2023-11-16,18,15,2895.84
3411,2023-10-12,16,5,9851.36
3412,2023-08-23,9,12,15116.09
3413,2025-02-16,6,1,1745.67
3414,2025-06-11,12,13,11253.41
3415,2023-02-05,13,3,5389.81
3416,2023-06-01,5,14,11142.52
3417,2023-04-28,1,8,5779.04
3418,2023-10-01,10,11,11628.23
3419,2023-11-30,19,6,9564.68
3420,2023-04-02,3,3,15072.61
3421,2025-03-23,16,7,13443.33
3422,2023-10-06,12,4,16912.21
3423,2024-08-22,3,13,8591.82
3424,2023-04-12,3,1,8413.94
3425,2023-11-02,6,12,16254.53
3426,2024-03-19,11,6,7650.49
3427,2023-09-06,10,5,8324.24
3428,2025-09-06,16,4,3066.2
3429,2025-03-24,19,10,11280.47
3430,2025-02-11,4,4,4438.62
3431,2024-12-03,5,1,15360.98
3432,2025-06-26,9,2,9203.25
3433,2023-10-16,13,2,3863.58
3434,2025-09-12,20,1,6845.76
3435,2025-04-08,7,13,16806.69
3436,2023-11-02,6,9,12033.41
3437,2023-11-21,16,9,9998.66
3438,2025-05-14,5,14,7811.34
3439,2024-12-27,16,5,15479.65
3440,2024-09-28,16,10,21992.82
3441,2024-04-10,9,2,8418.61
3442,2025-02-11,7,2,3464.71
3443,2023-12-16,9,15,16808.17
3444,2025-06-27,10,13,9927.35
3445,2023-09-10,15,13,21578.1
3446,2023-11-03,9,6,10293.17
3447,2023-12-14,12,3,17370.41
3448,2023-08-15,6,14,9930.17
3449,2025-05-27,1,14,19416.17
3450,2025-08-26,14,11,12599.3
3451,2025-03-01,2,3,18568.82
3452,2023-11-18,4,8,9373.09
3453,2024-07-05,19,10,16998.81
3454,2023-07-18,14,2,9184.03
3455,2023-03-03,4,4,19632.93
3456,2025-09-10,1,11,14343.88
3457,2023-01-21,2,7,9667.37
3458,2025-07-19,9,1,15004.95
3459,2024-06-17,3,4,6634.17
3460,2024-03-24,13,6,15066.69
3461,2024-10-27,20,5,15479.7
3462,2024-06-09,9,14,12152.47
3463,2023-03-06,11,15,11700.75
3464,2025-11-07,15,1,11014.43
3465,2024-12-25,5,7,16165.58
3466,2025-07-26,10,4,14994.47
3467,2025-10-05,2,12,9334.93
3468,2023-01-20,3,2,9404.94
3469,2023-05-20,12,11,20997.08
3470,2025-01-14,2,6,16149.58
3471,2024-05-26,14,8,3734.95
3472,2023-09-18,16,14,4144.71
3473,2024-04-13,6,8,16962.51
3474,2025-12-15,13,9,16467.3
3475,2024-12-10,18,13,18280.12
3476,2025-03-02,3,7,4900.71
3477,2025-03-19,2,7,14572.05
3478,2023-09-27,1,13,16379.49
3479,2025-06-30,13,15,9869.79
3480,2024-10-22,17,6,9074.49
3481,2024-10-17,20,14,11052.84
3482,2023-02-25,16,3,3450.32
3483,2023-07-07,11,9,32441.04
3484,2024-12-04,8,1,12938.22
3485,2025-02-08,3,13,6535.82
3486,2023-08-20,14,7,8983.54
3487,2023-05-15,6,6,10979.75
3488,2024-03-10,20,4,13896.67
3489,2023-07-30,10,11,7969.63
3490,2023-01-13,9,12,4620.61
3491,2023-10-04,12,3,9896.13
3492,2024-10-07,5,6,15807.16
3493,2023-04-21,14,8,21821.2
3494,2024-03-12,16,10,6084.45
3495,2023-02-13,14,14,8750.2
3496,2024-10-12,8,4,19124.4
3497,2024-06-19,10,7,10543.3
3498,2023-10-25,16,1,16140.59
3499,2023-08-09,20,13,16490.77
3500,2024-10-26,11,5,12077.24
3501,2023-05-25,17,11,8005.85
3502,2025-02-03,14,7,15390.37
3503,2023-01-24,19,7,7034.78
3504,2025-03-19,10,9,22116.69
3505,2024-12-28,8,7,8289.84
3506,2024-04-10,10,14,23769.25
3507,2023-11-08,11,14,10153.46
3508,2023-02-07,10,3,16253.27
3509,2023-06-12,5,8,21182.51
3510,2024-02-08,13,11,13864.98
3511,2023-02-22,7,2,11039.65
3512,2023-02-11,15,11,10715.47
3513,2023-03-08,19,13,10487.81
3514,2025-11-30,16,10,19581.43
3515,2023-03-07,13,11,31434.72
3516,2023-09-24,7,7,13081.08
3517,2024-01-31,11,7,17699.43
3518,2023-11-02,19,12,6714.96
3519,2025-08-02,4,4,18590.14
3520,2024-04-01,11,8,13400.51
3521,2025-10-12,5,5,13957.95
3522,2024-01-22,2,8,4207.6
3523,2023-07-26,13,14,2596.96
3524,2025-02-21,1,13,11765.99
3525,2024-05-16,1,3,7252.2
3526,2023-09-04,17,15,8306.65
3527,2024-04-03,19,6,23606.11
3528,2023-06-27,19,8,11078.07
3529,2023-01-03,4,15,12522.98
3530,2025-10-10,6,12,12907.22
3531,2024-10-07,5,1,16738.64
3532,2025-07-11,12,10,8957.57
3533,2025-05-21,13,9,17615.82
3534,2024-06-07,17,11,8002.16
3535,2024-01-16,20,9,13303.7
3536,2024-01-29,12,4,5799.67
3537,2023-01-20,20,9,4467.13
3538,2024-12-08,20,13,11695.4
3539,2023-02-05,5,13,14419.19
3540,2024-11-17,8,3,22893.22
3541,2023-12-12,7,9,14362.33
3542,2025-01-25,13,6,7255.54
3543,2024-11-05,12,14,17895.15
3544,2025-01-15,14,15,10737.68
3545,2025-03-10,14,8,22062.83
3546,2024-08-05,7,8,14059.67
3547,2024-03-15,2,6,16670.47
3548,2023-04-24,18,11,14587.69
3549,2024-01-01,14,7,5327.73
3550,2023-04-25,8,10,12569.76
3551,2023-08-31,16,11,17008.77
3552,2024-06-21,9,12,21048.1
3553,2023-02-04,17,11,6492.89
3554,2025-02-28,7,9,8482.96
3555,2023-05-11,19,2,5729.52
3556,2024-06-13,1,15,7672.44
3557,2023-01-08,4,4,12164.07
3558,2024-06-20,16,15,27138.43
3559,2024-07-04,9,11,10089.06
3560,2025-11-26,15,11,9723.8
3561,2025-06-15,14,4,17219.52
3562,2023-03-11,11,11,9661.3
3563,2023-05-22,5,14,11169.21
3564,2024-05-31,2,3,10238.75
3565,2023-03-25,19,7,19366.11
3566,2024-05-18,14,4,6016.46
3567,2025-06-22,17,5,2673.1
3568,2024-12-04,5,9,17038.79
3569,2025-07-13,12,9,12400.78
3570,2023-02-23,7,1,15884.07
3571,2025-01-22,18,4,23376.06
3572,2023-04-12,14,14,17211.0
3573,2024-11-18,14,13,12768.52
3574,2025-03-04,3,15,9814.41
3575,2023-08-09,9,10,9160.61
3576,2025-12-02,16,7,12201.13
3577,2024-10-31,4,1,18294.41
3578,2024-04-21,11,14,8635.44
3579,2025-05-29,11,9,8478.83
3580,2024-12-13,4,9,5428.84
3581,2023-04-30,18,10,13420.66
3582,2024-10-08,16,15,14111.8
3583,2024-02-11,11,10,23065.45
3584,2023-09-25,2,14,18578.01
3585,2024-10-07,17,13,17546.23
3586,2024-09-30,17,2,10153.71
3587,2023-07-17,2,9,12301.37
3588,2024-07-19,9,12,10995.85
3589,2023-11-07,5,14,12155.25
3590,2025-05-11,14,15,20211.58
3591,2025-07-16,5,6,14719.29
3592,2024-11-04,18,8,18404.72
3593,2023-08-06,6,13,6322.88
3594,2025-06-06,11,15,14565.69
3595,2025-07-02,17,4,17799.97
3596,2024-04-20,2,2,8680.35
3597,2023-09-03,1,4,19763.73
3598,2024-11-09,5,5,12294.55
3599,2025-02-01,16,1,4967.8
3600,2023-11-20,16,1,24849.69
3601,2024-09-14,11,13,9452.46
3602,2024-07-15,9,5,24029.6
3603,2024-04-27,17,6,9784.87
3604,2025-10-08,3,4,10768.98
3605,2024-05-14,19,11,3658.99
3606,2023-07-31,11,13,10207.6
3607,2023-04-30,12,1,14361.3
3608,2023-08-29,7,2,14280.97
3609,2023-03-25,15,1,24520.35
3610,2025-06-18,7,1,8785.19
3611,2023-11-26,20,4,3811.07
3612,2024-09-17,3,10,24407.57
3613,2025-06-01,6,3,6560.02
3614,2023-02-05,5,4,5353.15
3615,2025-12-11,16,4,13669.93
3616,2023-04-07,6,15,11757.21
3617,2024-12-04,6,12,6444.55
3618,2025-08-15,6,7,6027.13
3619,2024-05-07,10,10,8582.85
3620,2024-04-10,12,9,14239.61
3621,2024-01-11,2,6,6065.66
3622,2024-12-30,18,4,16779.36
3623,2023-09-27,14,15,12005.68
3624,2025-10-22,5,14,11833.53
3625,2023-08-27,13,15,8560.16
3626,2025-04-21,9,5,19048.14
3627,2023-11-23,6,10,10338.19
3628,2025-06-30,16,9,9685.02
3629,2023-04-28,8,1,17009.54
3630,2024-11-15,13,1,9246.84
3631,2024-02-09,20,8,5666.92
3632,2025-06-20,19,11,8244.32
3633,2024-07-31,17,7,7828.16
3634,2024-10-24,16,2,12596.45
3635,2025-01-17,16,10,28091.3
3636,2023-10-31,19,12,11514.76
3637,2025-01-08,16,7,11108.44
3638,2025-09-07,4,13,15607.71
3639,2025-09-27,15,2,7854.4
3640,2024-02-22,1,8,10804.7
3641,2024-03-24,20,13,9426.56
3642,2023-09-10,3,15,9365.29
3643,2025-05-04,14,6,8250.37
3644,2025-10-12,12,7,7622.55
3645,2024-10-20,10,2,22052.41
3646,2023-04-08,19,14,5962.62
3647,2024-04-10,12,1,7212.45
3648,2024-08-29,16,5,13080.54
3649,2023-05-22,2,5,11992.02
3650,2024-07-09,12,6,10502.01
3651,2025-06-15,16,11,15320.88
3652,2024-09-26,10,2,13177.14
3653,2024-05-03,9,8,10130.89
3654,2025-11-05,10,10,5686.43
3655,2025-07-10,8,6,11010.98
3656,2023-06-14,4,12,13621.95
3657,2024-07-25,5,10,11565.9
3658,2025-02-14,8,3,3395.98
3659,2024-03-14,12,9,9564.55
3660,2023-10-21,19,12,11295.27
3661,2024-03-27,5,1,8469.8
3662,2025-08-06,10,3,7666.13
3663,2025-07-05,12,12,17401.82
3664,2024-12-26,15,1,9324.14
3665,2024-09-16,7,6,6676.9
3666,2023-09-20,5,1,9405.94
3667,2025-03-23,2,13,22701.67
3668,2025-05-29,15,6,16190.36
3669,2024-01-25,15,6,19089.41
3670,2023-01-27,8,12,13159.46
3671,2024-05-31,13,5,14777.19
3672,2025-05-02,6,3,8108.31
3673,2024-07-01,3,4,12827.99
3674,2025-06-02,14,2,5557.07
3675,2025-12-24,7,12,2270.82
3676,2025-11-20,20,8,16189.5
3677,2023-03-09,8,2,6441.37
3678,2024-10-31,7,7,23501.83
3679,2024-03-30,9,9,10056.64
3680,2025-11-15,14,12,12110.66
3681,2024-03-09,4,14,22085.53
3682,2023-09-26,5,11,4365.39
3683,2025-03-10,12,7,7878.02
3684,2025-11-14,10,4,25997.16
3685,2023-08-16,18,6,24735.44
3686,2023-03-24,14,6,7244.16
3687,2024-10-03,10,13,15522.99
3688,2024-04-25,17,2,7427.64
3689,2024-01-31,16,8,1630.41
3690,2023-02-06,16,8,13922.67
3691,2025-01-20,20,9,10262.08
3692,2023-05-09,14,6,9443.49
3693,2025-06-17,18,8,10898.5
3694,2024-08-31,11,14,17747.91
3695,2025-06-24,20,11,11279.25
3696,2024-07-03,7,5,16402.01
3697,2024-06-18,4,10,23176.88
3698,2025-02-12,7,4,4568.56
3699,2025-11-11,12,13,7563.43
3700,2023-08-21,14,9,12851.85
3701,2023-03-01,20,12,16819.25
3702,2024-10-01,15,2,13646.66
3703,2025-06-30,14,5,4335.91
3704,2025-06-12,5,5,7823.01
3705,2025-12-12,5,14,14341.78
3706,2025-07-10,5,15,5074.88
3707,2023-05-19,17,5,11370.79
3708,2024-04-28,5,2,14494.68
3709,2025-12-28,19,13,28983.18
3710,2025-07-27,7,9,7065.01
3711,2024-02-08,14,11,9439.14
3712,2025-08-08,2,15,12213.91
3713,2023-02-07,3,9,12636.16
3714,2025-07-25,5,13,9446.61
3715,2023-12-19,9,13,16149.05
3716,2023-03-16,12,8,13514.43
3717,2025-05-06,8,9,18425.82
3718,2023-02-28,6,6,9683.12
3719,2025-06-04,9,9,3047.97
3720,2023-07-08,3,1,10417.97
3721,2024-05-26,10,6,8511.58
3722,2024-12-05,15,13,15631.06
3723,2024-06-25,10,7,10388.12
3724,2024-10-15,6,8,10962.48
3725,2024-11-14,3,11,23358.06
3726,2023-03-08,5,4,15821.85
3727,2024-09-11,2,1,9543.49
3728,2023-10-15,17,4,12624.58
3729,2025-04-28,3,13,20834.42
3730,2023-12-26,16,14,13911.17
3731,2025-11-16,13,12,17607.46
3732,2024-07-15,13,8,4219.46
3733,2023-10-25,8,11,14524.63
3734,2025-09-16,20,10,15159.98
3735,2023-08-06,16,8,14862.76
3736,2025-05-21,7,13,4284.81
3737,2025-11-03,6,11,9687.0
3738,2025-08-30,7,1,9284.32
3739,2023-12-21,3,7,6272.95
3740,2023-05-30,5,8,16715.01
3741,2025-07-05,3,14,10934.83
3742,2025-09-18,17,8,10777.86
3743,2023-10-25,4,12,26584.69
3744,2023-05-16,3,1,20104.76
3745,2025-07-10,14,13,7178.18
3746,2025-06-11,16,7,10488.61
3747,2023-11-11,2,12,4085.21
3748,2025-01-16,19,14,23618.68
3749,2023-04-24,10,14,14244.7
3750,2024-11-03,2,12,15077.24
3751,2023-07-23,9,14,7288.68
3752,2023-09-03,18,13,13171.5
3753,2024-11-08,14,11,27167.87
3754,2025-02-21,13,6,6068.43
3755,2025-08-08,13,9,8477.4
3756,2023-05-11,19,5,3855.87
3757,2025-09-13,11,11,4390.09
3758,2024-11-18,3,3,9838.45
3759,2023-05-24,10,2,2304.72
3760,2024-06-04,11,6,19835.98
3761,2024-10-18,9,15,11844.17
3762,2023-10-25,7,8,13537.65
3763,2024-11-05,20,8,5737.07
3764,2023-10-27,7,15,11216.9
3765,2024-10-26,13,2,5617.44
3766,2025-05-08,5,1,11598.08
3767,2023-05-09,14,14,16324.27
3768,2023-10-02,13,13,12732.51
3769,2023-04-26,10,2,15503.34
3770,2024-08-02,9,4,22048.69
3771,2025-09-25,9,4,10906.5
3772,2023-06-13,8,5,1957.03
3773,2024-04-10,10,4,4587.95
3774,2023-12-28,13,14,11795.85
3775,2025-10-01,7,7,11706.72
3776,2025-06-06,6,14,18485.61
3777,2023-07-25,20,5,6850.67
3778,2024-06-03,20,7,9062.86
3779,2023-09-29,10,5,15185.6
3780,2024-09-11,1,8,15503.43
3781,2025-12-02,11,4,8953.98
3782,2024-04-06,1,12,19262.44
3783,2023-12-01,6,3,16168.1
3784,2024-10-15,7,3,5851.77
3785,2024-08-10,12,2,12108.52
3786,2025-12-20,19,2,14859.51
3787,2024-03-01,18,14,4656.66
3788,2024-02-28,19,8,18090.64
3789,2023-01-20,3,15,6833.89
3790,2024-05-23,7,10,17138.01
3791,2023-10-21,19,15,2799.74
3792,2025-04-17,20,2,12471.67
3793,2025-04-09,5,1,9848.91
3794,2023-09-18,5,8,21433.17
3795,2024-01-21,1,11,13720.28
3796,2024-01-17,2,2,10671.23
3797,2023-11-07,2,7,9709.95
3798,2025-02-15,18,4,19225.45
3799,2024-04-16,11,14,13039.7
3800,2024-02-12,16,1,13182.17
3801,2024-12-07,5,9,22330.94
3802,2023-03-23,1,7,12530.54
3803,2025-03-11,15,5,12537.57
3804,2025-11-08,11,9,2003.44
3805,2023-09-19,12,7,4247.52
3806,2025-10-03,10,11,9313.82
3807,2024-11-01,16,5,6075.25
3808,2023-11-14,5,14,12614.34
3809,2025-09-27,12,11,12678.31
3810,2023-02-14,10,15,6092.29
3811,2023-07-27,16,9,5889.75
3812,2025-09-04,3,12,9240.75
3813,2024-01-19,3,5,9661.4
3814,2025-10-27,11,6,3593.68
3815,2025-04-14,10,14,9052.05
3816,2025-02-18,8,12,5734.5
3817,2025-02-05,4,6,11028.01
3818,2023-05-21,10,13,3527.2
3819,2023-08-31,1,7,10494.0
3820,2023-02-21,15,9,12057.47
3821,2024-09-30,12,8,9846.55
3822,2025-12-29,4,13,12038.03
3823,2023-05-24,12,3,11702.39
3824,2025-03-27,19,10,6696.72
3825,2024-12-27,19,1,26216.72
3826,2025-01-23,2,10,17307.64
3827,2025-06-04,2,9,12451.27
3828,2023-06-07,9,12,2449.22
3829,2025-02-28,15,4,19418.58
3830,2023-05-13,1,8,15878.59
3831,2023-01-16,6,14,5890.37
3832,2025-09-14,9,1,18301.48
3833,2023-11-05,5,4,18392.11
3834,2024-06-17,11,13,10823.39
3835,2025-01-23,2,14,15596.61
3836,2024-05-19,5,4,16716.57
3837,2024-04-15,16,4,12904.28
3838,2024-10-24,18,1,6259.18
3839,2023-04-02,5,9,15936.34
3840,2024-05-05,16,13,10563.89
3841,2025-07-06,11,8,6508.63
3842,2023-05-28,17,5,13298.18
3843,2025-10-12,19,6,7749.44
3844,2023-06-01,19,9,14620.77
3845,2024-04-04,12,2,18548.86
3846,2023-07-21,6,8,4258.37
3847,2024-01-24,3,4,5662.3
3848,2023-12-31,12,5,9485.17
3849,2023-02-17,9,5,7725.77
3850,2025-09-20,6,3,11660.09
3851,2023-02-15,5,14,15995.56
3852,2024-10-11,1,9,10760.71
3853,2025-01-05,17,4,15302.0
3854,2025-11-30,19,5,901.27
3855,2024-12-14,15,8,10336.21
3856,2025-05-04,1,11,20326.17
3857,2023-03-19,10,15,18031.84
3858,2024-08-06,1,12,7982.4
3859,2025-10-28,16,7,4176.99
3860,2024-12-30,20,10,5932.04
3861,2024-07-15,16,11,6420.33
3862,2023-01-17,15,15,17116.26
3863,2023-08-12,17,5,10176.84
3864,2025-03-15,5,4,15014.2
3865,2023-12-13,16,3,17686.76
3866,2023-08-01,17,1,8716.5
3867,2025-02-13,6,9,4753.52
3868,2024-06-12,14,11,10368.34
3869,2024-06-15,16,13,10760.66
3870,2025-12-13,8,3,7077.03
3871,2025-03-01,15,3,9736.52
3872,2024-06-24,7,10,9130.1
3873,2025-12-21,11,11,17643.91
3874,2023-09-12,15,14,5349.51
3875,2023-10-02,10,8,4299.23
3876,2025-05-31,16,10,11588.44
3877,2025-05-25,8,8,8273.59
3878,2024-06-01,9,1,19528.84
3879,2023-10-22,7,7,7720.0
3880,2025-03-02,15,9,18857.0
3881,2025-10-08,1,7,16439.3
3882,2024-01-26,16,13,10791.71
3883,2024-12-24,13,5,7360.61
3884,2023-03-23,7,2,9848.76
3885,2023-10-14,6,8,6441.02
3886,2025-07-18,20,9,13707.7
3887,2025-07-28,17,1,1315.62
3888,2024-02-14,1,9,2088.44
3889,2023-03-18,11,7,20743.1
3890,2024-05-24,19,3,6541.75
3891,2024-11-01,8,4,14352.43
3892,2025-08-18,14,9,22694.38
3893,2024-03-23,13,14,20805.39
3894,2023-10-27,1,3,4002.79
3895,2024-12-10,18,4,5692.14
3896,2025-03-25,15,1,5208.77
3897,2023-05-06,18,12,27495.84
3898,2025-09-03,2,2,2643.04
3899,2024-08-27,3,8,16573.37
3900,2024-06-11,14,3,9115.74
3901,2024-02-22,13,7,8706.63
3902,2024-02-05,14,1,7182.08
3903,2024-02-18,19,4,16309.34
3904,2025-02-22,1,13,3370.62
3905,2024-04-09,3,6,5039.37
3906,2025-10-31,17,2,10711.35
3907,2023-05-20,19,10,14784.28
3908,2023-11-02,15,8,22049.42
3909,2025-11-11,1,12,11412.93
3910,2025-01-04,8,15,11394.44
3911,2024-02-03,2,13,5200.78
3912,2025-08-19,20,13,8866.47
3913,2024-06-22,11,14,9559.88
3914,2024-10-28,10,3,9984.76
3915,2025-11-13,7,3,16846.77
3916,2024-03-15,17,3,9358.81
3917,2025-11-24,5,13,22546.6
3918,2025-06-10,2,13,5215.01
3919,2025-12-01,18,12,14626.55
3920,2025-01-23,11,5,25930.39
3921,2024-03-23,18,15,5147.5
3922,2023-08-01,10,14,16209.22
3923,2023-04-27,10,12,17107.85
3924,2023-11-29,20,8,19912.48
3925,2025-12-27,7,9,3544.4
3926,2023-10-06,20,11,11416.38
3927,2023-08-01,14,3,14592.66
3928,2024-09-29,16,3,10924.72
3929,2024-03-05,8,7,18659.64
3930,2025-03-15,12,12,6427.07
3931,2025-02-18,5,15,9182.64
3932,2025-07-20,2,6,5236.02
3933,2024-03-30,9,10,10473.96
3934,2024-12-08,5,1,11392.11
3935,2023-12-20,15,15,15896.51
3936,2025-11-28,6,14,12768.82
3937,2025-09-12,6,11,14323.2
3938,2025-01-27,19,11,8054.66
3939,2025-09-16,9,1,22319.65
3940,2024-07-02,18,2,7346.82
3941,2025-02-25,8,4,7747.81
3942,2023-07-22,4,14,15263.83
3943,2025-08-24,13,15,12386.43
3944,2024-06-14,2,12,6982.96
3945,2025-07-03,14,11,19082.89
3946,2023-08-01,11,11,4917.42
3947,2023-12-07,3,6,6113.05
3948,2023-05-07,20,3,12373.66
3949,2025-12-02,1,13,6212.8
3950,2025-01-10,18,5,11217.64
3951,2023-11-19,12,11,7612.62
3952,2025-04-24,10,12,12094.04
3953,2023-01-11,9,11,12056.89
3954,2025-01-18,19,10,10588.77
3955,2023-03-01,5,15,19982.0
3956,2025-04-03,13,1,7395.02
3957,2024-02-20,3,7,14970.16
3958,2025-10-29,18,2,7756.37
3959,2025-04-13,20,5,3632.13
3960,2025-05-10,4,5,6208.17
3961,2023-10-25,7,13,3938.34
3962,2023-03-28,16,3,24323.44
3963,2024-08-31,20,2,13134.0
3964,2025-02-08,7,4,5782.06
3965,2024-01-12,18,9,10253.22
3966,2024-09-13,8,10,4858.06
3967,2025-06-21,6,8,11057.75
3968,2024-10-06,15,6,9713.88
3969,2023-08-13,17,13,8720.35
3970,2024-09-01,11,6,13464.72
3971,2023-09-30,18,8,17159.55
3972,2024-12-08,3,7,7563.7
3973,2025-03-29,2,7,19310.34
3974,2025-12-20,8,8,12713.88
3975,2023-07-23,3,10,8537.85
3976,2024-03-01,2,1,9747.29
3977,2025-07-12,4,12,12701.38
3978,2023-06-21,7,3,7858.96
3979,2023-05-30,13,11,13080.28
3980,2024-04-15,16,15,11345.03
3981,2025-09-26,1,13,12314.62
3982,2023-05-31,3,11,7034.31
3983,2024-08-12,16,9,11511.33
3984,2023-01-08,14,13,7292.19
3985,2023-09-24,15,1,8539.91
3986,2024-06-25,19,4,12758.84
3987,2024-12-27,13,5,8638.65
3988,2024-05-12,5,2,9855.19
3989,2023-01-04,20,4,16487.47
3990,2023-08-28,8,14,8320.77
3991,2025-09-30,2,12,13939.94
3992,2025-10-18,1,4,12540.09
3993,2024-05-08,20,6,24188.09
3994,2023-11-08,5,2,7968.43
3995,2025-04-10,12,6,13878.76
3996,2025-11-24,18,9,16090.02
3997,2025-03-08,8,6,13100.85
3998,2025-10-02,4,6,16227.5
3999,2024-04-08,8,6,7677.39
4000,2023-04-22,17,8,2240.63
