cliente_id,nombre,email,fecha_alta,ciudad
0,NO IDENTIFICADO,,,
1,Martín Iglesia,eusebiacaballero@example.net,2024-12-09,Cordoba
2,Rufino Isidro Aragonés Patiño,ciprianomarquez@example.com,2025-03-30,Elche
3,Cornelio Catalán Paz,paulina24@example.com,2025-11-26,Alicante
4,Raúl Trinidad Nevado Cardona,jbenet@example.org,2025-07-31,Granada 
5,Soraya Paz Bosch,qalcala@example.net,2023-05-16,La Coruna
6,Nerea Juárez Piquer,candido37@example.org,2024-11-10,La Coruna
7,Eugenia de Barroso,pmatas@example.com,2023-05-08,Bilbao
8,Alejo Mayo Ugarte,cabanillasjoel@example.net,2023-05-29,Vitoria
9,Flora Rius Cortes,fcabeza@example.net,2024-03-23,Oviedo
10,Alcides Pellicer-Gaya,psales@example.com,2023-04-19,Zaragoza
11,Macaria Palmer Barrera,mllorente@example.org,2025-11-06,Gijon
12,Apolonia Garay Almazán,mugicajose-francisco@example.org,2025-05-12,MURCIA
13,Andrés Galan,odalisguijarro@example.com,2025-04-28,Cartagena
14,Abril Eliana Coca Castillo,nazaret21@example.net,2025-08-07,Elche
15,Adrián Palma Gárate,alcides24@example.org,2023-05-19,zaragoza
16,Lucila Carballo Bartolomé,xsanabria@example.com,2024-07-16,Valencia
17,Jaime Vara Giralt,vazquezmarcial@example.com,2024-12-06,Alicante
18,Américo Tejero Querol,fcampoy@example.net,2025-09-24,Granada
19,Vinicio Berrocal Montserrat,blascases@example.com,2024-11-15,Valladolid
20,Maite Morcillo-Piquer,wilfredo89@example.com,2023-04-19,Elche
21,Teodosio Garrido Ropero,agracia@example.com,2025-06-25,Alicante
22,Herminia Bustamante Milla,qmilla@example.com,2024-02-15,Madrid
23,Olegario Sánchez Bautista,blazquezciro@example.com,2023-04-16,Cordoba
24,Ruperta Castillo Barreda,herminia16@example.com,2025-08-15,Cordoba
25,Teófila Aznar Maestre,pastor19@example.net,2023-08-22,Badajoz
26,Consuelo Campoy Ordóñez,dario49@example.org,2025-06-03,Badajoz
27,Raquel de Lastra,escribanoleandro@example.net,2025-04-15,La Coruna
28,Felicia Aguado Escudero,clarisaperez@example.org,2023-06-05,Zaragoza
29,Artemio Garrido Peñalver,vsantiago@example.org,2024-02-10,Vitoria
30,Renata Blazquez Badía,faustoayala@example.net,2023-03-31,Oviedo
31,Nadia Rodrigo Torralba,rribas@example.org,2025-04-07,La Coruna
32,Francisco Jose Ropero Cantero,,2025-01-01,Vigo
33,Damián Prats Ballesteros,fuentemarcial@example.org,2025-04-21,Valladolid
34,Espiridión Mosquera-Carretero,valenciamargarita@example.com,2023-07-12,Oviedo
35,Luisina Grau Vall,calixto60@example.com,2023-01-21,Oviedo
36,Tomás Millán Román,srios@example.org,2024-03-19,Gijon
37,Carlota Seguí Paredes,,2023-09-24,Vitoria
38,Gracia Zamora-Bermúdez,vmenendez@example.com,2023-08-31,Valladolid
39,Antonio Vicens Carbonell,vicentaolmedo@example.com,2025-03-08,Murcia
40,Desiderio Calderon Coll,hector29@example.org,2025-04-13,Bilbao
41,Chus Uribe Simó,,2023-06-15,Badajoz
42,Joel Salamanca Mateo,domitila05@example.net,2023-03-23,Gijon
43,Jennifer Arellano Barberá,paz41@example.net,2025-08-05,Bilbao
44,Marino Vendrell Planas,carmengol@example.net,2024-12-15,Granada
45,María Del Carmen Tamarit Vallejo,bernabesanjuan@example.org,2025-06-07,Barcelona
46,Oriana Blasco Vargas,anibalhuguet@example.net,2024-04-24,Valladolid
47,Luciana Yáñez Cuenca,ramon46@example.com,2025-04-28,la coruna
48,Amaya Rosa Nadal Bastida,ciriaco86@example.com,2023-10-04,Gijon
49,Trinidad Brígida Mínguez Bertrán,yesicaolmo@example.com,2025-11-26,Gijon
50,Belén Blazquez Menendez,,2025-02-09,Zaragoza
51,Araceli Roda,alejandro54@example.org,2025-11-08,La Coruna 
52,Raquel Torre Fernandez,emigdiocortina@example.org,2023-11-21,Barcelona
53,José Luis Zurita Arellano,,2024-02-17,Zaragoza
54,Cipriano Daza Río,reigpanfilo@example.net,2025-02-27,elche
55,María Jesús López Sanchez,bibianaharo@example.com,2025-11-24,Badajoz
56,Yaiza Ferrera Pedro,xserrano@example.com,2025-05-02,Valladolid
57,Lucía Riquelme,olgaflores@example.net,2023-06-01,Sevilla
58,Amancio Terrón-Pera,villalobosrenata@example.org,2023-11-09,Vitoria
59,Elías Sancho Vilanova,paulinaruiz@example.org,2025-11-03,Sevilla
60,Sebastian del Olmedo,riberabalduino@example.com,2024-07-04,Elche
61,Guadalupe de Perera,amaromontalban@example.org,2025-07-08,Vitoria
62,Rosa María Coll Cervantes,madridyessica@example.com,2025-02-01,Madrid
63,Reynaldo Somoza Sanabria,bernadalejo@example.com,2023-08-25,Zaragoza
64,Leocadio Álamo Rocha,maldonadojordan@example.com,2023-05-14,Granada
65,Hugo del Barros,valeroedelmira@example.net,2023-01-19,Zaragoza
66,Maricela Herranz,,2024-11-04,Valencia
67,Lucho del Exposito,zabaletaponcio@example.org,2025-11-10,La Coruna
68,Lilia de Portero,,2025-12-11,Alicante 
69,Raúl Alegre-Palau,ochoajose-angel@example.net,2024-12-21,Valladolid
70,Rolando Márquez Cañellas,ortunocarina@example.com,2025-06-10,Cartagena
71,Severo Sobrino Tejero,obduliacepeda@example.org,2025-02-23,Gijon
72,Alicia Marcos Fortuny,floressoraya@example.org,2023-12-12,Valencia
73,José Ángel Heliodoro Sáenz Isern,,2025-08-02,Valladolid
74,Toribio Mármol Llano,pedroulises@example.com,2025-03-25,Oviedo
75,Evelia Estévez Valderrama,zpedrero@example.net,2023-10-20,Gijon
76,Prudencio Rodriguez Bermúdez,iescribano@example.com,2023-12-19,Valladolid
77,Fernando Marqués Medina,krojas@example.net,2024-05-01,La Coruna
78,Alondra Osorio Royo,feliciana01@example.net,2024-11-29,Oviedo
79,Loida Cuesta Anguita,,2023-05-19,Barcelona
80,Roque del Paredes,mantunez@example.org,2025-01-14,Cartagena
81,Florencia Saldaña Benítez,benitapedraza@example.com,2023-12-11,Valencia
82,Edelmiro Carballo-Amo,angelinavillaverde@example.com,2025-09-28,Bilbao
83,Eleuterio Juliá Salmerón,emmamachado@example.net,2025-10-01,Cordoba
84,Chus Casado Cerdá,sansfrancisco-jose@example.net,2024-05-02,Bilbao
85,Sandalio Montenegro Olivera,manriquetatiana@example.com,2025-07-22,Valencia
86,Régulo Pardo Verdugo,domingofont@example.org,2023-09-17,GRANADA
87,Alba Paniagua Peinado,ncastilla@example.org,2023-03-14,Sevilla
88,Paca Tejero Zaragoza,krecio@example.org,2023-05-18,Sevilla
89,Miguela Benavent Sandoval,wvillar@example.org,2025-08-20,Vitoria
90,Micaela de Castelló,dvalverde@example.org,2024-07-21,Malaga
91,Celestino Cecilio Mora Gomis,,2023-08-04,Cordoba
92,Eli de Mateo,valverdefelipa@example.org,2024-10-10,Madrid
93,Calista Donoso-Nebot,andradeceferino@example.org,2025-11-05,Barcelona
94,Dulce Galvez-Riera,valencianotamara@example.net,2024-08-20,Valladolid
95,Jose Antonio Donato Ramis Martorell,sbeltran@example.org,2023-06-23,Barcelona
96,Julie Sobrino Frías,elvira25@example.net,2023-12-16,Cordoba
97,Gloria Castrillo Pellicer,montanajose-antonio@example.com,2023-05-15,VIGO
98,Delia Chico Caballero,manriquerodrigo@example.net,2024-04-03,Vigo
99,Santos Morán Milla,maria-carmencuervo@example.com,2025-12-27,Granada
100,Leticia Mendez Valencia,boschruben@example.net,2024-05-16,Zaragoza
101,Cándido del Atienza,lucenaana-belen@example.net,2025-08-25,Bilbao
102,Eloísa Aguiló Campos,qcanete@example.net,2024-02-05,Elche
103,Flavia Arrieta Pérez,,2023-11-13,Granada
104,Ligia Sanjuan Losa,castellscleto@example.com,2024-02-14,Badajoz
105,Manuela Pavón Cobos,eligiaverdu@example.com,2024-07-02,Malaga
106,Alejo Cerro Mínguez,dvives@example.org,2024-10-26,Malaga
107,Berta Mosquera,fermin69@example.net,2025-07-12,Malaga
108,Evangelina Vendrell-Vergara,emari@example.org,2024-02-08,Valencia
109,Horacio Mena Amor,plara@example.net,2024-09-25,Cartagena
110,Lupe Tenorio Donaire,rcoloma@example.org,2023-02-04,Gijon
111,Claudio Alfonso Sainz,silvio26@example.net,2023-08-12,CARTAGENA
112,Remedios Soto,,2024-09-06,Bilbao
113,Lucila Peñas Mir,angelnoriega@example.net,2024-01-24,La Coruna
114,Marcos Tomé-Fernandez,leonmartin@example.org,2025-10-28,Badajoz
115,Rogelio Ernesto Galan Torrijos,alexandra58@example.net,2023-10-27,ZARAGOZA
116,Luciano Pino Prat,,2023-11-12,Bilbao
117,Fulgencio Salamanca Jerez,mgargallo@example.net,2023-10-25,Vitoria
118,Obdulia del Cervantes,herasjose-carlos@example.org,2025-01-04,Alicante
119,Coral Guerrero,cabreraseveriano@example.com,2025-02-25,Vitoria
120,Noé Cervantes Adadia,santostamarit@example.com,2024-12-13,Alicante
121,Felipe Eric Barranco Borrás,bienvenidaarcos@example.org,2024-04-03,Madrid
122,Ángel Arce Puerta,vestrada@example.com,2025-08-18,Vitoria
123,Eustaquio Campo Naranjo,walter88@example.com,2025-09-01,Cordoba
124,Teodoro Varela Solé,guadalupe15@example.org,2025-03-12,Oviedo
125,Plinio Estrada-Alcalá,morena49@example.net,2025-04-09,Malaga
126,Marcos Ramirez Roma,chema61@example.org,2025-12-11,Valencia
127,Etelvina Hurtado Agudo,rodolfo37@example.com,2025-11-11,Vitoria
128,Lupe Porfirio Alberdi Jurado,jimena30@example.net,2023-05-10,Vigo
129,Cebrián Hermenegildo Valverde Mercader,marquezquirino@example.net,2023-08-31,Badajoz
130,Jorge Coronado Sanz,severo87@example.net,2025-05-28,Cordoba
131,Rico Huertas,zaragozavictoriano@example.net,2025-02-10,Granada
132,Álvaro Caparrós Barrio,constanzaconde@example.org,2023-12-26,Alicante
133,Isaura Carnero,lilianatorrijos@example.org,2025-09-12,vitoria
134,Rufina Baquero Santana,armidaribes@example.com,2024-09-10,Cordoba
135,Joaquina del Almeida,ainiguez@example.net,2023-08-27,Murcia
136,Alonso Roda Ocaña,barrenatere@example.org,2025-12-16,Gijon
137,Alejandra Madrid Rebollo,maria-josecerda@example.net,2025-12-08,La Coruna
138,Florentina Piñeiro Sanabria,,2025-11-22,Sevilla
139,Benita del Carrasco,brigidapozo@example.net,2023-05-20,Bilbao
140,Silvestre de Alsina,abigail86@example.net,2024-02-20,Gijon
141,Duilio del Oliva,leonciofabregat@example.net,2025-04-18,Badajoz
142,Sandalio Rius Alcázar,hilariobautista@example.org,2024-10-12,Vigo
143,María Belén Atienza Hierro,quesadavalentin@example.org,2024-08-14,Badajoz
144,Buenaventura Vara Mancebo,olallamontana@example.net,2024-10-17,Cordoba
145,Cándida Matas Clemente,severianomas@example.com,2023-03-08,Cordoba
146,Vanesa Díez-Roldán,warevalo@example.net,2025-01-05,MADRID
147,Esther Rico,tcompany@example.com,2023-07-21,Gijon
148,Juana de Gomis,rosa27@example.org,2024-09-08,Alicante
149,Manuela Cañete Pont,jose-marifrutos@example.com,2024-12-09,MADRID
150,Soraya Peláez Bru,aurelioledesma@example.com,2025-01-08,Badajoz
151,Almudena Trinidad Beltran Fabra,alejandragallardo@example.com,2023-11-29,Barcelona
152,Curro Falcón Carpio,sherrera@example.net,2025-02-10,Cartagena
153,Zoraida Heras Montoya,ricardo78@example.net,2024-01-29,La Coruna
154,Geraldo Vilalta-Valencia,zcabello@example.net,2024-05-29,Cordoba
155,Zoraida Frutos Peláez,severiano09@example.org,2025-03-23,Bilbao
156,Eladio Rios Marquez,gustavomurcia@example.org,2024-02-21,Cartagena
157,Josep del Jiménez,dtrujillo@example.org,2025-03-14,Vigo
158,Carla Chaves Torres,yesicabarral@example.net,2023-02-07,Bilbao
159,Sebastian Atienza Agudo,ocervantes@example.org,2023-03-16,Murcia
160,Adalberto Gil Vega,dperea@example.net,2024-11-29,Cartagena
161,Zaira Julie Torrents Alcázar,reinaalbano@example.org,2024-08-03,Alicante
162,Julio Madrid-Alemany,gescobar@example.org,2024-07-28,Zaragoza
163,Clemente del Pablo,natalia61@example.com,2025-11-17,SEVILLA
164,Marcia Hervia Gonzalez,isaura10@example.org,2024-03-20,Barcelona
165,Mamen Tamarit Barba,donosocelestino@example.com,2025-07-15,Cordoba
166,Marcia Bustos Álvarez,grashector@example.net,2025-08-30,Vitoria
167,Elba Artigas Benavente,trini89@example.net,2023-02-06,Barcelona
168,Adriana Galan Cobos,tbenitez@example.org,2024-09-10,Badajoz
169,Silvia Porcel-Mármol,ychaves@example.net,2025-03-04,Vigo
170,Petrona Oliva,cabanasulises@example.org,2025-07-08,Zaragoza 
171,María Del Carmen Puente Morera,llanomiguela@example.com,2024-06-21,Valencia 
172,Manola Perez Rosales,irmapinto@example.org,2025-04-26,Cordoba
173,Sabas Duilio Beltrán Blanca,,2024-03-03,VALLADOLID
174,Ascensión Bravo Adadia,victor54@example.org,2023-05-26,Granada
175,Ildefonso Sanchez Vila,bcalderon@example.org,2024-01-23,Malaga 
176,Marc Morata Plaza,,2025-05-03,Murcia
177,Yolanda de Vázquez,isidorapintor@example.org,2023-06-02,Zaragoza 
178,Eloy Jose Manuel Coello Barroso,trinidadllorente@example.com,2023-11-25,oviedo
179,Geraldo Infante Huerta,dferran@example.org,2023-05-29,Vigo
180,Hector Márquez Pinto,valerio56@example.net,2025-12-03,Elche
181,Eutimio Montes Font,lmiralles@example.com,2025-11-27,Elche
182,Quirino Ovidio Tudela Herrera,renato46@example.com,2023-05-05,alicante
183,Chus Escolano-Amores,cgallego@example.com,2025-06-30,MALAGA
184,Sebastián Rebollo Valera,evitamateo@example.org,2023-10-04,Alicante
185,Pepito Rocha Pi,sanchezelba@example.com,2024-09-30,La Coruna
186,Lilia del Arco,judith89@example.net,2025-09-29,Cordoba 
187,Rodrigo Hurtado Padilla,,2025-12-14,Valladolid
188,Primitiva Mármol Ros,alarconclimaco@example.com,2023-09-01,Sevilla
189,Manuela Giner,zperello@example.com,2025-04-26,Vitoria
190,Nuria Vall-Contreras,amador71@example.com,2024-03-31,Valencia
191,Bautista Cifuentes Olivé,olegario73@example.net,2024-06-13,ZARAGOZA
192,Ariadna Ríos Santamaria,bonifacio40@example.net,2023-05-07,Bilbao
193,Miriam Canales Córdoba,ascensiondiaz@example.net,2023-06-25,Gijon
194,Inmaculada del Guardiola,lespinosa@example.net,2024-12-21,oviedo
195,Albina Figueroa Sancho,aporcel@example.net,2023-08-24,Vigo
196,Renato Barros-Cal,piomoreno@example.org,2024-05-16,Valencia
197,Nico Tovar-Álamo,edelmira69@example.com,2024-10-05,Gijon
198,Feliciana Seco Duque,zaida99@example.org,2025-01-06,Madrid
199,Azahara Gómez Mayoral,espanaraul@example.net,2023-06-04,Alicante
200,Hortensia Cervera Pla,festevez@example.net,2024-08-11,Oviedo
201,Leopoldo Diaz Tovar,enrique25@example.com,2024-11-09,Sevilla
202,Adelia Tormo Cerezo,ofeliaplana@example.net,2024-07-07,Vitoria
203,Guadalupe Téllez Ricart,ktorres@example.org,2024-09-11,Vigo
204,Esteban de Llobet,,2025-05-05,Alicante
205,Perlita Valbuena-Vicente,carbonelljulio@example.net,2025-06-21,Badajoz
206,Macarena Arnaiz Sainz,teodorocalatayud@example.net,2025-06-28,Gijon
207,Eustaquio de Sandoval,pablo17@example.org,2025-04-30,Vigo
208,Cruz del Roman,encarnacionchaparro@example.org,2025-06-10,Sevilla
209,Lucas Orozco Lucas,moisesmarco@example.com,2024-09-19,Bilbao
210,Ximena Bustos,maricelareina@example.org,2025-12-23,La Coruna
211,Pascual Cazorla Iborra,,2025-04-14,Madrid
212,Laura Cisneros Leiva,cperez@example.org,2024-11-25,Cartagena
213,Heriberto Villalba Lobo,walter75@example.net,2023-01-03,Oviedo
214,Pío Sedano Palma,,2025-06-23,Valladolid
215,Edelmira Moraleda Luque,carla92@example.net,2025-07-23,Cartagena
216,Virginia Atienza Arteaga,seguraalcides@example.org,2025-10-15,Bilbao
217,Isidro Sastre Abascal,sfrancisco@example.org,2025-08-24,Valencia
218,Cebrián Ulises Lledó Bueno,josue15@example.net,2025-09-17,Vitoria
219,Amancio Prieto Mayoral,timoteobou@example.net,2023-04-15,CORDOBA
220,Jorge Bermejo,doritagonzalo@example.net,2025-01-15,Granada
221,Adalberto Nuñez Carreño,ecatalan@example.org,2023-09-08,Sevilla
222,Pío Calatayud Calderón,,2025-04-27,Zaragoza
223,Miguel Ángel Clavero Bayona,,2025-03-02,BARCELONA
224,Ángel Requena Salas,chemacabrera@example.org,2025-04-04,Barcelona
225,Pastora Plana-Ortega,,2023-09-29,Cordoba
226,Edelmiro López Amor,hernan89@example.net,2023-07-26,La Coruna
227,Emiliana Ballester Heras,hpolo@example.org,2024-07-01,SEVILLA
228,Andrea Lucía Albero Paniagua,eligio69@example.com,2024-02-05,Sevilla
229,Rico Sotelo Beltran,bauzaalberto@example.com,2023-08-25,Bilbao
230,Ruperto Puig Velázquez,,2025-02-08,oviedo
231,Miguel Corominas Lobato,menendezcayetano@example.net,2025-10-06,ZARAGOZA
232,Julio Morillo Portillo,menendezjovita@example.com,2025-03-11,gijon
233,Ambrosio de Boix,dcarmona@example.net,2024-10-29,Vitoria
234,Nazario Raimundo Echevarría Carreras,cervantesjudith@example.org,2023-06-29,Vigo
235,Lourdes Villar Jove,ramirocastaneda@example.net,2025-05-06,Oviedo
236,Quique Carranza-Andreu,noemi64@example.net,2023-03-12,Granada
237,Maxi Benítez-Valderrama,xvicente@example.org,2024-07-01,Badajoz
238,Carina Pedro-Criado,maria-teresa19@example.net,2025-03-03,Zaragoza
239,Raimundo de Arregui,hidalgoarturo@example.com,2024-02-03,Granada
240,Chuy Aranda Rius,modestohurtado@example.com,2025-09-30,Sevilla
241,Elba Bermejo Peralta,vallesignacia@example.org,2023-07-16,La Coruna
242,Amalia Quero,solarosenda@example.com,2025-04-27,Cartagena
243,Fernando Armando Saura Aguiló,herberto49@example.com,2025-03-21,Granada
244,Jesús del Uriarte,luzhigueras@example.org,2023-01-07,Alicante
245,Aitana Guijarro Olivares,naranjoabel@example.net,2024-02-17,Barcelona
246,Baldomero Cristian Gárate Rivas,jbarreda@example.net,2023-11-03,Vigo
247,Édgar Guardiola Vizcaíno,dperales@example.net,2023-04-04,Murcia
248,José Antonio Cañellas Prado,,2025-11-22,Vitoria
249,Esteban del Miró,umorera@example.com,2023-10-26,Vitoria
250,Cosme Cerdán Canales,currocordoba@example.com,2024-05-25,Bilbao
251,Azeneth Palma Galiano,dmendez@example.com,2025-07-23,Vigo
252,Cayetano Mayo Arjona,petronamosquera@example.org,2023-04-10,Sevilla
253,Gaspar del Vilanova,martinezjuan-bautista@example.org,2023-02-04,Vigo
254,Tania Santamaria Iborra,sevillacristian@example.org,2023-05-14,Oviedo
255,Severo Girón Castrillo,palmiraperez@example.com,2025-01-22,Vigo
256,Lupe Jove Benavides,baronhector@example.net,2024-05-01,Barcelona
257,Arturo Mármol Carvajal,serraaureliano@example.org,2025-10-09,Gijon
258,Samanta Prat Valderrama,pineiroisabela@example.com,2023-07-09,Alicante
259,Wálter Exposito,lino72@example.org,2024-11-04,Murcia
260,Delfina Miriam Marquez Valenzuela,dtello@example.org,2023-11-03,Sevilla
261,Hugo Flores Zaragoza,eva-mariaaliaga@example.com,2025-05-06,Vitoria
262,Julia Tormo Núñez,roman42@example.org,2023-12-16,Valencia
263,Albino del Barragán,,2025-12-31,Murcia
264,Aureliano Huguet Hernando,bibiana03@example.net,2025-07-16,Cartagena
265,Felicidad Durán Echeverría,doramonreal@example.net,2025-02-03,Madrid
266,Albina Ortiz-Cisneros,piedadugarte@example.net,2023-12-05,BARCELONA
267,Alma Bosch Barbero,eligiagilabert@example.org,2024-07-30,Valladolid
268,Fito Fortuny Castrillo,liliana25@example.org,2023-01-25,Bilbao
269,Ofelia Cifuentes-Cantero,,2023-04-21,Zaragoza
270,Felix Borja Criado Rueda,lmolins@example.net,2025-11-27,Badajoz
271,Roberta Felipa Godoy Echevarría,umelero@example.net,2023-11-19,Murcia
272,Pánfilo Abellán Posada,espadaeligia@example.com,2025-10-06,Valencia
273,Consuela Micaela Calvet Valderrama,natanaelbermejo@example.org,2024-01-16,Oviedo
274,Carina Borrego Narváez,qalberdi@example.org,2023-10-01,Murcia
275,Gabino Jerez Campoy,asensiorolando@example.com,2025-03-13,Badajoz
276,Vasco Riba Ureña,iortega@example.com,2023-04-22,Murcia
277,Rocío Gomis Cánovas,zbeltran@example.org,2023-11-20,Bilbao
278,Dorita Calvo Benavent,francisco62@example.net,2023-03-24,valladolid
279,Fortunato Tolosa Anguita,mcozar@example.com,2023-06-22,Zaragoza
280,Fito Fuertes Falcón,qlara@example.com,2023-11-22,Cartagena
281,Amador Pozo Tudela,,2024-04-13,MADRID
282,Sergio Natalio Tenorio Flores,amigohilario@example.org,2024-11-30,Alicante
283,Jordi Carlos Mendez,fsotelo@example.net,2023-10-18,Zaragoza
284,Gala de Peláez,lpeiro@example.com,2023-02-18,Zaragoza
285,Josefa Lago Gonzalo,cintia02@example.net,2025-01-01,Oviedo
286,Nicanor Núñez Riba,carolinabarrera@example.com,2025-06-15,Alicante 
287,Lupe Taboada Gutiérrez,,2025-09-16,Malaga
288,José Villanueva Colom,sanchezfulgencio@example.org,2025-12-01,Sevilla
289,Bernardino Arnau,rbermudez@example.com,2023-08-10,Madrid
290,Silvestre Jordá Montenegro,,2024-03-11,Zaragoza
291,Tatiana Llorente Vizcaíno,yalberola@example.net,2024-11-13,Madrid
292,Ricarda Rivas,ribaseutimio@example.org,2024-09-12,Vigo
293,Purificación Cabrera-Camacho,maciasrufina@example.net,2025-08-22,Bilbao
294,Dulce Piñol Torralba,larcos@example.com,2024-03-17,Badajoz
295,María Fernanda Nieves Querol Arias,smunoz@example.org,2023-02-24,VALLADOLID
296,Águeda Leiva Perales,nebotolimpia@example.com,2023-12-07,Madrid
297,Tecla Cabello Goñi,marcelosalazar@example.com,2023-10-23,Malaga
298,María Del Carmen Borrell Expósito,agalvan@example.net,2024-06-14,Alicante
299,Teófila Pereira,villalbamaxima@example.org,2023-03-13,barcelona
300,Graciana Cerdá,duranguadalupe@example.org,2025-07-06,Zaragoza
301,Alcides del Ayuso,julie34@example.com,2025-06-21,Granada
302,Gisela Casals,,2024-10-13,Elche
303,Trinidad Sánchez Olmo,fernando41@example.com,2023-01-31,Sevilla
304,Ceferino Gargallo Giralt,inesgabaldon@example.com,2024-12-15,Valencia
305,Ainara Agullo,pcatalan@example.org,2024-10-20,La Coruna
306,Dani Iniesta Mayoral,teo65@example.com,2023-10-04,Vitoria
307,Encarna Viñas Puerta,,2025-11-25,Vigo
308,Mar Lumbreras Martín,tiradobernardo@example.com,2025-12-19,Elche
309,Tere Lluch Julián,godofredo28@example.org,2025-09-13,Badajoz
310,Graciana Nadia Montenegro Chaves,valenciamanolo@example.com,2025-09-20,Sevilla
311,Gala Aranda Falcó,lucila38@example.net,2025-05-10,Vitoria
312,Lilia Marín Domínguez,lazarocabanillas@example.com,2023-05-21,Elche
313,Primitivo España-Narváez,gironpedro@example.org,2025-03-26,Bilbao
314,Humberto Rufino Muñoz Peral,,2024-05-30,cartagena
315,Marisa Belda-Sureda,,2024-02-23,Barcelona
316,Hilario Amando Contreras Cervantes,,2025-09-05,Elche
317,Bienvenida Molina Escribano,torrentnazaret@example.net,2025-12-17,Cordoba
318,Melisa Barco Acuña,nllanos@example.org,2024-09-23,Vitoria
319,Jose Ignacio Borja Castilla,zroman@example.com,2025-11-23,Madrid
320,Adela Arellano Flores,alberto58@example.org,2023-01-20,Barcelona
321,Matías Ibarra Gonzalo,mateo21@example.com,2024-07-05,la coruna
322,Celso Anacleto Arroyo Martí,xavier89@example.net,2024-01-06,Gijon
323,Francisco Javier Trillo Palomar,fidelquintanilla@example.org,2023-09-08,Granada
324,Curro Almeida Vargas,,2024-12-13,Sevilla
325,Godofredo Jaume Atienza,campoyfrancisca@example.org,2023-02-22,La Coruna 
326,Horacio Saldaña Pinto,iriarteainoa@example.net,2023-06-17,Vitoria
327,Eutropio Rivero Cabrero,esther92@example.com,2025-06-29,Valencia
328,José Mari Carranza Lumbreras,caminoanastasia@example.org,2024-10-29,Valencia
329,Severo Zabala-Franch,,2023-02-13,Valladolid
330,Zaida Galiano Terrón,joel00@example.net,2023-04-08,Cartagena
331,Silvestre Uribe Company,,2025-03-04,zaragoza
332,Modesto Guardia-Saura,,2025-06-10,Valencia
333,Teodosio Manso Palomino,teodosio11@example.org,2023-01-11,Zaragoza
334,Natanael Donaire Mulet,,2025-08-20,Alicante
335,Gilberto Noriega España,perezsalomon@example.com,2023-10-25,Cartagena
336,Nuria Tejera Robles,danielcazorla@example.net,2025-03-07,Badajoz
337,Baldomero Rico Tolosa,nescudero@example.com,2025-05-03,Oviedo
338,Albina Tere Castrillo Tomas,acarbajo@example.com,2023-02-20,Valladolid
339,Nacio Miralles-Alberola,haydeeneira@example.net,2024-07-27,Gijon
340,Arcelia Iris Ibarra Tirado,gracia62@example.net,2025-09-04,Cartagena
341,Amelia Adelina Crespo Vega,kvalcarcel@example.org,2025-04-03,Elche
342,Dalila Muro Lobo,vendrelljacinto@example.net,2024-12-06,Cordoba
343,Salomé Gutierrez Bermúdez,zsaldana@example.net,2024-05-06,Vitoria
344,Itziar Molina Carrera,galeman@example.com,2024-03-27,Elche
345,Malena de Bou,tania88@example.org,2024-12-18,CARTAGENA
346,Evita Parra Ballester,rafaelasantos@example.com,2024-09-05,Granada
347,María Carmen Juana Parra Santamaria,cabanillasmartina@example.net,2023-09-01,SEVILLA
348,Felicidad Manzanares Yuste,judith10@example.org,2024-06-23,Sevilla
349,Ascensión Izquierdo Ferrández,dionisiopozo@example.org,2024-05-15,Oviedo
350,Pepito Neira,ribasarturo@example.net,2025-07-06,Murcia
351,Beatriz Sanjuan-Sebastián,andreaacosta@example.net,2025-03-17,Granada
352,Iris del Verdugo,jesusaduran@example.net,2025-06-12,Vitoria
353,Guillermo Montserrat Varela,,2025-04-15,bilbao
354,Heliodoro Novoa-Mariscal,icanellas@example.com,2024-10-22,Granada
355,Emperatriz Mir,,2025-02-21,Valladolid
356,Águeda Cazorla Enríquez,leocadia15@example.net,2024-06-10,Vitoria
357,Natividad Rincón-Macias,,2023-01-28,Gijon
358,Amando Barbero Folch,maricela24@example.net,2023-10-02,Granada
359,Onofre Marquez Frías,palmerodalys@example.com,2023-04-23,Sevilla
360,Teresa de Porcel,ariadnamaestre@example.net,2024-12-29,Valladolid
361,Gala Riera Milla,albertomar@example.com,2023-08-11,Granada
362,Saturnina Gomis Pedro,,2024-05-06,Valladolid
363,Ciro Durán Vilaplana,piapolinar@example.com,2023-11-02,Alicante
364,Berto Cuevas-Jara,murilloadelaida@example.net,2025-10-24,Vigo
365,Carmelo Mora Azcona,amor98@example.com,2023-03-21,Zaragoza
366,Lucila Gimeno Espejo,vazquezfeliciano@example.com,2024-08-18,La Coruna
367,Araceli Olmedo Giralt,graciamarmol@example.com,2024-01-31,Valencia
368,Renato Taboada,carboguiomar@example.com,2024-05-03,Valencia
369,Ágata María Ángeles Hervás Ariño,rico16@example.com,2024-08-15,Valencia
370,Albano Xavier Villanueva Perera,ctorrecilla@example.com,2025-09-11,Valencia
371,Felipe Vilaplana,baezflorencio@example.net,2024-08-07,Granada
372,Cruz Garcés Rodrigo,fusterbrigida@example.net,2025-08-20,Sevilla
373,Miriam Bello Corral,segovialiliana@example.com,2023-02-11,Vigo
374,Amando Enríquez Infante,gonivisitacion@example.com,2024-03-22,Zaragoza
375,Mayte Quiroga Roselló,ale61@example.net,2023-01-07,Oviedo
376,Ana Belén Prudencia Arroyo Belmonte,ingrid81@example.com,2025-05-12,Barcelona
377,Marcio Armando Lucena Río,,2024-06-03,Badajoz
378,Constanza de Portillo,fabiana24@example.net,2025-08-30,OVIEDO
379,Adelina Cid Casal,adadiaconstanza@example.net,2024-03-07,Oviedo
380,Anselma del Gallo,hector68@example.org,2023-06-26,Valladolid
381,Mario del Ferrera,escuderohilda@example.net,2025-07-23,Sevilla
382,Joaquina de Manso,iglesiaclimaco@example.org,2025-03-06,Granada
383,Eusebia Palau Castellanos,corneliolopez@example.net,2023-03-18,Vigo
384,Federico Torre,nmoya@example.net,2023-12-02,Granada
385,Calista Pastor-Molina,adomingo@example.com,2023-09-27,Barcelona 
386,Pelayo del Lloret,,2024-05-03,Cordoba
387,Jose Francisco Leoncio Camps Echevarría,lozanorosa-maria@example.org,2025-09-03,Cartagena
388,Eleuterio Benito,alfonsoreina@example.net,2024-11-23,Cordoba
389,Marina Quirós-Garcia,juliacandelaria@example.net,2024-06-01,Vigo
390,Gervasio Poza Godoy,eloy78@example.net,2023-04-10,Sevilla
391,Lidia Alarcón Haro,maritavilaplana@example.org,2024-05-04,Badajoz
392,Lorenzo Coll Tomás,apolinar37@example.org,2023-03-10,Elche
393,Cruz Arnau Gabaldón,roman77@example.org,2023-02-13,Murcia
394,Aroa Vázquez Llanos,cristina89@example.org,2024-02-17,ZARAGOZA
395,Flavia Bermejo Villanueva,renato38@example.com,2024-01-22,La Coruna
396,Lara Toledo Agudo,valeriodaza@example.org,2023-03-26,Bilbao
397,Curro Conesa-Estévez,porfiriocarrasco@example.net,2023-09-10,Sevilla
398,Pacífica Carballo Tirado,ntello@example.net,2023-06-26,Vigo
399,Ainoa Hervás Aroca,,2024-11-20,Oviedo
400,Victor Manuel Collado Barba,juanescolano@example.net,2025-11-16,Vigo
401,Marcela Merche Alfonso Luque,gasconvidal@example.net,2025-12-24,Sevilla
402,Carlota Gimenez Reig,narcisaespada@example.net,2024-12-23,Alicante
403,Celso Noriega-Santana,grasreyes@example.com,2023-05-25,Badajoz
404,Cosme Yáñez Varela,mconde@example.org,2023-07-14,Bilbao
405,María Carmen Alma Vaquero Carpio,,2025-09-15,Granada
406,Sarita de Rosado,cpellicer@example.net,2024-08-03,oviedo
407,Salvador del Piquer,dolores91@example.com,2023-05-27,Cartagena
408,Raquel Guerrero Blanes,elba86@example.com,2023-07-27,Cartagena
409,Luis Yáñez Carranza,perezfatima@example.org,2025-01-23,Oviedo
410,Guadalupe Paredes Campillo,teodosioizaguirre@example.com,2025-07-26,Madrid
411,Marcia Pavón Llorens,afrias@example.net,2025-05-09,Cartagena
412,Carmina Pellicer Tomás,marino95@example.net,2024-03-12,Alicante 
413,Teófilo Carrera Gras,gcaceres@example.org,2024-07-11,madrid
414,Rosario Azorin Cuevas,zadadia@example.org,2025-06-21,Malaga
415,Ángeles Rozas Borja,jodarivan@example.com,2023-03-29,Alicante
416,Porfirio Planas Pérez,leonor90@example.org,2024-12-02,Cordoba
417,Adelina Franch Villegas,guiomar09@example.net,2024-07-19,Valladolid
418,Marino de Araujo,,2025-12-28,Vigo
419,Feliciana Prats Ramirez,auraalcantara@example.net,2025-02-10,Madrid
420,Leonardo Luís Oliveras,olalla43@example.net,2025-11-21,Malaga
421,Íngrid Quintero Acuña,gabino68@example.org,2024-09-04,Zaragoza
422,Emilia Nieto,vilanovajose-angel@example.net,2025-06-10,Badajoz
423,Dionisia Salas-Pi,whervia@example.com,2025-11-19,Gijon
424,Nieves Serna Amorós,qcarnero@example.org,2024-02-24,VALENCIA
425,Nilo de Moles,hosuna@example.net,2023-01-11,Zaragoza
426,Edelmiro Madrigal-Buendía,enogues@example.net,2025-10-17,Madrid 
427,Estefanía Otero Gil,gervasio37@example.net,2023-08-07,Valencia
428,Tristán del Gabaldón,hermenegildoiborra@example.net,2024-01-26,Elche
429,Benito Bermudez Ugarte,arnalregina@example.com,2024-02-11,Murcia
430,Leire Llobet Tudela,maria-cristinavicente@example.com,2024-03-12,GIJON
431,Belen Balaguer-Zaragoza,,2024-07-04,Granada
432,Teodora Díaz Sebastián,villegasedgar@example.com,2025-01-25,Vitoria 
433,Nicolás Galvez Pino,morellporfirio@example.net,2025-08-02,Valladolid
434,Leocadio Jódar Gálvez,adriana95@example.com,2023-07-21,Malaga
435,Clementina Rius Perales,,2023-07-17,Vigo
436,Lucio Granados Cabo,nilda38@example.com,2025-07-27,Cordoba
437,Camilo Conde,lagusti@example.com,2024-07-01,VALLADOLID
438,Luna Moles,qmarin@example.net,2025-07-29,Badajoz
439,Heliodoro Cabeza Cárdenas,garrigaodalys@example.com,2024-06-06,Cartagena
440,Jafet Nadal Juan,placido88@example.com,2024-01-13,Valencia
441,Azucena Ortega Flor,mercedesluis@example.com,2023-12-23,Barcelona
442,Lara Salvador,piquerencarna@example.com,2024-05-23,Zaragoza
443,Toño Diez Navas,equiroga@example.org,2023-06-27,MALAGA
444,Faustino del Manuel,elodia64@example.com,2025-05-05,Cartagena
445,Piedad Viñas Sanjuan,ldiego@example.org,2023-05-18,Barcelona
446,Natalio del Bernal,flaviopuerta@example.org,2023-04-15,Valencia
447,Maite Balaguer Amo,wzamora@example.org,2023-04-24,Alicante
448,Calixta Anselma Porta Mendoza,jose-miguelluz@example.com,2024-11-17,Vitoria 
449,Juan José Donaire Andrade,palaciosrosalinda@example.com,2025-08-05,Granada
450,Tomasa Lladó Salgado,,2024-10-16,La Coruna
451,Irma Zabaleta-Menendez,alma83@example.org,2024-04-29,Cartagena
452,Haydée Juan Cortés,agustin08@example.org,2024-01-12,Vitoria
453,Luna Aguirre Téllez,amari@example.com,2025-05-24,Granada
454,Cristina Rosalinda Aguilar Pereira,sergioruiz@example.com,2023-10-01,Alicante
455,Saturnina Pineda Giménez,cebrian63@example.net,2025-04-17,Murcia
456,Roxana Nélida Llabrés López,seve31@example.org,2023-05-30,Elche
457,Melchor Sarabia Santamaría,juanita97@example.org,2023-12-18,Sevilla
458,Amador Alonso Estevez,lujanjulio-cesar@example.org,2025-02-22,Vigo
459,Demetrio Bosch Contreras,uriarteisaac@example.com,2024-04-05,Granada
460,Florencia Silva Angulo,cecilio20@example.com,2025-04-30,Sevilla
461,Lalo Soriano Escudero,teresitaibanez@example.com,2025-06-26,Cordoba
462,Rodrigo Ibarra Plaza,vhuertas@example.org,2023-08-07,Badajoz
463,Juan Bautista Galindo Suárez,umiguel@example.org,2024-11-20,La Coruna 
464,Ramón Viñas Carvajal,alicia43@example.com,2025-08-30,Elche
465,Basilio Guzman,amorata@example.org,2025-05-20,Cordoba
466,Azeneth Priego-Herrero,arnalcandida@example.net,2024-06-04,Barcelona
467,Calixta Florencia Borrás Ibarra,angelinabravo@example.net,2024-11-09,bilbao
468,Amor Pagès Correa,casasamarilis@example.org,2023-12-14,Gijon
469,Rocío del Ródenas,alfonsopina@example.com,2025-03-04,Cartagena
470,Vinicio Ariza-Toro,imarino@example.net,2024-06-21,Barcelona
471,Cayetana Oliveras-Morales,mllopis@example.net,2023-06-25,Madrid
472,Calixta Sancho,oriana48@example.com,2024-05-12,Murcia
473,Fortunata Esteve,pascualmaura@example.net,2023-09-19,Cordoba
474,Narciso Ponce Falcó,ncorrea@example.com,2023-12-20,Murcia
475,Aura Bárcena Zabala,arranzpetrona@example.org,2023-07-15,Zaragoza
476,Cosme Campo Torralba,conradoanton@example.net,2024-12-04,Alicante
477,Máxima Trillo Zaragoza,,2025-02-25,CORDOBA
478,Édgar Gallardo Tur,solenicolasa@example.net,2023-03-08,Valladolid
479,Perlita del Peinado,larranagabenigna@example.org,2025-03-15,Sevilla
480,Antonio Cándido Vives Caballero,guardiabernardita@example.com,2023-07-27,Madrid 
481,Máxima Ibarra,celestinaribes@example.net,2023-04-26,La Coruna
482,Felisa Segarra-Roldán,diazmonica@example.org,2024-08-25,Granada
483,Evangelina Cruz,uortuno@example.net,2025-12-22,Malaga
484,Sonia Peral Revilla,mmorales@example.org,2024-09-09,Zaragoza
485,Godofredo Izquierdo,victor76@example.org,2025-03-07,Gijon
486,Marc Adán Villaverde Cepeda,,2025-07-26,Oviedo
487,Rolando Llorente Vidal,ciriacoarellano@example.com,2024-01-25,bilbao
488,Eligio Pedraza Iborra,,2024-09-17,Elche
489,África Gelabert-Berenguer,monica72@example.com,2025-06-23,Oviedo
490,Salud Bustos-Mas,pizarrocayetano@example.org,2025-10-07,Vigo
491,Febe Rovira Riera,gonzalezmariana@example.net,2025-07-20,Valencia
492,Maximiliano Piñeiro Balaguer,,2024-09-11,Gijon
493,Lidia Giner Coronado,pozovictor-manuel@example.net,2024-09-22,Barcelona
494,Dan Rosales Manjón,,2023-04-01,Granada
495,Petrona Avilés-Pujol,che68@example.com,2025-04-28,Madrid 
496,Rico Cepeda Terrón,,2024-09-18,Vitoria
497,María Manuela de Herrera,larreamaxi@example.com,2023-12-21,Valencia
498,Anunciación Capdevila-Riba,,2023-12-18,Valladolid
499,Morena Aitana Mayol Dominguez,encarnita79@example.org,2024-04-27,Badajoz
500,Cornelio del Costa,capdevilamanola@example.org,2023-09-24,Granada
501,Ángeles Brunilda Maestre Alcalá,joaquina14@example.com,2024-05-31,Badajoz
502,Clementina Galán Frías,carlota79@example.net,2025-12-23,Gijon
503,Godofredo Zurita Arranz,francisco04@example.org,2025-05-14,Granada
504,Elba Amelia Sola Aguirre,pontgertrudis@example.com,2024-12-27,Cordoba
505,Teresa Campos Aliaga,,2024-07-11,Sevilla
506,Vito Moles Tormo,estradaheliodoro@example.net,2025-11-25,Gijon
507,Ángeles de Ariño,agataavila@example.com,2024-01-01,Madrid
508,Petrona Crespo Alfaro,isaura55@example.net,2023-11-28,Valladolid
509,Eliana Barrio,selena60@example.net,2025-11-06,Malaga
510,Carlos del Pozo,,2025-11-18,Cartagena
511,Trini Maura Gordillo Rincón,constanzacorominas@example.com,2025-11-29,Vitoria
512,Eulalia Jacinta Catalá Gabaldón,,2023-12-05,Vigo
513,Yéssica Cepeda,pcodina@example.net,2025-10-02,Valencia
514,Anabel Carrasco Espinosa,primitiva20@example.com,2025-08-22,Granada
515,Guiomar Mateos Salazar,evaristo31@example.org,2023-07-22,Sevilla
516,María Manuela Débora Gual Guerra,jacintaamo@example.com,2023-03-29,Bilbao
517,Benita Vallés Somoza,geronimo67@example.com,2023-05-31,GRANADA
518,Daniel Antúnez,ralcolea@example.com,2023-09-01,Badajoz
519,Reyes Fuente,elorzaaurea@example.com,2025-08-08,Gijon 
520,Noemí Morcillo Seco,teofiloquiros@example.org,2024-10-28,Elche
521,Pacífica Milla Prado,vinascesar@example.com,2024-05-15,Valencia
522,Valentín Hoyos Villena,jariza@example.com,2024-07-19,Gijon
523,Claudio Manuel Sabater,xmayo@example.com,2024-05-20,Cordoba 
524,Emilia Ballester Villanueva,abigailsans@example.org,2025-03-03,Valladolid
525,Cipriano Cerdá Pozuelo,cmorales@example.org,2023-07-16,Bilbao
526,Viviana Franch-Sanz,ibanezmoises@example.net,2024-12-11,Valladolid
527,Plinio Casals Bou,sanchofabiana@example.com,2023-04-04,Malaga
528,Pascuala Vidal Cuesta,cpintor@example.org,2025-09-26,Valencia
529,Trini Conesa-Cámara,gastonaznar@example.com,2023-12-04,Elche
530,Elvira Escrivá Carpio,hermenegildoacevedo@example.net,2025-04-18,Sevilla
531,Jenaro Valenciano Valenzuela,uriartejordan@example.org,2024-10-07,Elche
532,Jenny Redondo Sala,agudojose-ignacio@example.net,2023-11-01,Elche
533,Salud de Avilés,eusebioballesteros@example.net,2024-01-18,Murcia
534,Teófilo Antúnez Martín,zoraida10@example.org,2024-04-01,Vigo
535,Cecilio Luís Elías,cpalomino@example.org,2025-04-22,Vigo
536,Flor Pinilla Bauzà,sbaron@example.com,2023-05-28,Zaragoza
537,Fidel Águila-Riba,josefagallart@example.net,2023-03-05,Bilbao
538,Pastora Ángel-Bonilla,bmadrigal@example.net,2025-07-18,Sevilla
539,Juan José Otero-Castilla,uvizcaino@example.net,2024-06-29,Zaragoza
540,Vasco Guerrero Manrique,abelcarrasco@example.org,2024-05-24,Alicante
541,Rafa Galan Ribera,varroyo@example.com,2024-09-06,Murcia
542,Adelardo Fortuny,jose-manuel14@example.com,2024-07-09,Malaga
543,Raquel Aguado Carbonell,nestor69@example.net,2025-11-18,Cartagena
544,Cleto Murillo Neira,zsanchez@example.org,2024-12-08,Zaragoza
545,Calixta Serna Naranjo,vriba@example.org,2025-07-04,Valencia
546,Lorenzo Primitivo Moles Alfonso,crescenciamarmol@example.com,2023-03-14,Malaga 
547,Enrique Anguita Nicolau,kdaza@example.net,2024-03-02,La Coruna
548,Azahar Teresa Mendez Miranda,llabresseveriano@example.org,2024-06-28,Vitoria
549,Gilberto del Mate,beatrizmate@example.org,2023-05-04,Badajoz
550,Roque Franch Bru,bvelasco@example.com,2025-09-18,Badajoz
551,Claudio Nieto Tomás,,2025-06-20,Vitoria
552,Nicolasa Cazorla,lourdesarce@example.com,2024-02-29,Badajoz
553,Azahar Acosta,arsenio91@example.com,2024-05-26,Cartagena
554,Aurelio Viñas Miguel,miguelfeliciana@example.org,2023-12-18,Valladolid
555,Eric Lloret,maria-teresa71@example.com,2023-06-13,Valladolid
556,Baudelio Alcántara-Vilaplana,gabaldoncandela@example.com,2024-08-25,Zaragoza
557,Calisto Luque-Hierro,calistomerino@example.net,2025-09-04,vitoria
558,Isidora de Castillo,sotelovanesa@example.net,2023-02-25,Valencia
559,Amelia Boix Roldan,tescamilla@example.net,2025-09-03,La Coruna
560,María Manuela Pagès Miguel,olimpia38@example.org,2025-12-03,Vitoria
561,Margarita Catalá Buendía,dcabanillas@example.com,2025-01-20,Cordoba
562,José Guardiola Goicoechea,rosalindajorda@example.com,2024-03-05,Alicante
563,Rocío Morcillo Santana,eandres@example.com,2023-05-04,Badajoz
564,Joaquina Donaire Lumbreras,elisabet92@example.net,2023-04-23,Barcelona
565,Fermín Belda Matas,lperez@example.com,2023-09-19,Vigo
566,Leocadio de Toledo,vbatalla@example.org,2025-06-11,Elche
567,Irene Rozas-Nogués,fulgenciobermejo@example.net,2025-10-17,Valencia
568,Socorro Torrecilla-Carbó,jmorell@example.org,2025-06-19,Cordoba
569,Fabio Ramis Baños,pinillanacio@example.com,2024-12-07,Vitoria
570,Artemio Gelabert Chamorro,colladogertrudis@example.org,2024-05-11,Vitoria
571,Guiomar Mario Salvador Ferrán,isamoliner@example.com,2024-09-17,Barcelona
572,Ángel Isaac Ocaña Borrell,,2025-07-23,Barcelona
573,Gil Baena Abascal,damian40@example.org,2024-04-18,Vigo
574,Georgina Monreal-Piñeiro,bpizarro@example.net,2023-08-20,Cordoba
575,Jordán Chamorro Fabra,,2023-11-13,valencia
576,Bonifacio Alberdi Bellido,cobolorena@example.com,2024-12-22,Valencia
577,Aristides Cervantes Ricart,nroig@example.org,2024-05-13,Cartagena
578,Mamen Sandoval Planas,jaime26@example.net,2023-01-09,CARTAGENA
579,Soraya Guzmán Valls,segismundo89@example.com,2023-02-06,Elche
580,Loreto Tomas Pedrosa,tiradojessica@example.org,2023-06-05,Gijon
581,Tecla Losa,fvillanueva@example.net,2025-09-02,Vitoria
582,Donato Sureda Bermejo,emperatriz05@example.net,2025-05-03,Badajoz
583,Jenny Vila Somoza,tadeo54@example.com,2023-07-03,Oviedo
584,Pilar Encarnacion Juliá Barriga,kdominguez@example.org,2024-12-20,Barcelona
585,Sandalio Rafa Amores Madrid,iblanca@example.net,2023-03-26,Vitoria
586,Edmundo Cazorla-Lucas,rosa40@example.net,2023-05-03,Badajoz 
587,Wálter Corbacho Salom,nuria24@example.net,2023-09-16,Murcia
588,Salomón Álamo Aparicio,cesar29@example.org,2025-07-07,Valladolid
589,Regina Piñol Gárate,ndiego@example.net,2025-03-15,Cartagena
590,Amelia Lamas Carmona,diezabril@example.com,2024-06-05,La Coruna
591,Piedad Guillen Pino,,2024-08-04,Elche
592,Adora Malo Sanchez,hmoles@example.net,2025-11-13,Zaragoza
593,Álvaro Otero Rosales,nico44@example.org,2023-10-07,Barcelona
594,Genoveva Serra-Herranz,auroranebot@example.net,2025-01-26,Vitoria
595,Faustino Alarcón Aguirre,alberosergio@example.org,2024-07-29,Sevilla
596,Felicia Gimenez Luque,guadalupe00@example.net,2023-04-11,Valladolid
597,Máxima Virginia Gaya Carro,boixroberta@example.net,2023-05-23,Valencia
598,Rosaura Esteban-Cantero,,2024-12-24,Elche
599,Miguel Santana Lloret,qmorales@example.org,2025-05-05,Malaga
600,Román Barrios-Piñeiro,dmendez@example.com,2025-11-13,Barcelona
601,Chuy Saez-Baños,nfonseca@example.com,2023-07-15,Bilbao
602,Asunción Cobo Rosado,,2025-02-23,vitoria
603,Ale Beltran Bejarano,maxi70@example.com,2023-06-13,vitoria
604,Alejo Portero Larrea,juanamurcia@example.com,2024-09-21,Elche
605,Olga Trujillo,zrubio@example.net,2025-05-05,Elche
606,Julián Gonzalez Acero,htoledo@example.net,2024-08-09,Cartagena
607,Eva Mateo Pérez,botellapio@example.net,2025-07-24,Malaga 
608,Anita Segura Manjón,gabrielariza@example.com,2024-12-25,Vigo
609,Pablo Guiomar Campillo Palomar,oblazquez@example.com,2025-03-16,Vigo
610,Alejandro Ferrando Amaya,amayaporcel@example.org,2025-05-18,Cordoba
611,Josep Juanito Sancho Alegre,nicolaubasilio@example.com,2025-05-13,Gijon
612,Hermenegildo Carrasco Galán,vcompany@example.net,2023-09-13,Granada
613,Alejandro Cid Torrijos,sotovictoria@example.net,2023-02-20,valladolid
614,Adrián Dueñas Ayllón,otilia17@example.net,2023-07-07,Cartagena
615,Ana Belén Camino-Carbonell,,2024-04-12,Barcelona
616,Eufemia Carrillo Cervantes,piedad30@example.net,2023-07-10,Valladolid
617,Benito Llanos Cid,sdieguez@example.com,2024-08-29,Valencia
618,Daniela Armas Cañellas,penalvermayte@example.org,2023-01-18,Valladolid
619,Anita Agudo Aguilar,angelesborrell@example.net,2024-12-15,Sevilla
620,Horacio Ovidio Tamarit Castañeda,ericlillo@example.net,2024-05-08,Oviedo
621,Chucho de Escolano,oborja@example.com,2024-01-17,GIJON
622,León Gutiérrez Fernandez,bustosesperanza@example.com,2025-08-03,Cordoba
623,Lilia de Simó,leonelbaena@example.org,2023-05-04,Alicante
624,Octavio Sánchez Valencia,felicianoaroca@example.org,2024-12-07,Cartagena
625,Cruz Isaac Iglesias Múñiz,garoca@example.net,2023-02-27,Zaragoza
626,Carmen de Andres,hvilla@example.org,2025-09-08,VALLADOLID
627,Martina Moreno Rius,marianamoreno@example.org,2025-05-03,Valencia
628,Corona Cabañas Gálvez,yfolch@example.org,2023-03-22,Badajoz
629,Julieta Ballester-Ruano,inocenciosanz@example.org,2024-02-29,Zaragoza
630,Jenaro Ferrera Palmer,hermenegildo52@example.org,2025-01-28,Vigo
631,Enrique Cerezo Cantero,,2025-04-13,Cordoba
632,Venceslás del Crespo,crescenciagras@example.org,2024-03-27,Gijon
633,Laura Gascón,rsevillano@example.org,2025-03-11,Zaragoza
634,Duilio del Rovira,teclacompany@example.net,2025-09-11,Cartagena
635,Amada Arjona Sosa,roigbernarda@example.com,2024-06-09,Valencia
636,Jaime Valbuena Hernandez,alberolajimena@example.net,2024-03-21,Cordoba
637,Blas Palmer,jorge10@example.com,2025-01-03,Oviedo
638,Pastor Segovia Amador,xsilva@example.org,2025-08-16,Gijon
639,Catalina Pellicer Simó,bejaranorogelio@example.net,2023-12-31,Valladolid
640,Eusebio Rojas Lerma,mirtaberrocal@example.net,2025-08-23,Zaragoza
641,José Ángel Pascual Aznar,,2024-11-09,Elche
642,Flavia Díez Bautista,emilianonadal@example.org,2024-08-14,Valencia
643,Paz Gallego Gomis,patricio48@example.net,2024-04-08,Granada
644,Amílcar Peralta Ojeda,gtorre@example.net,2025-06-28,Elche
645,Olimpia Manzano Sans,nereida13@example.com,2023-04-06,Vigo
646,Viviana Escamilla Maldonado,canalesfidel@example.com,2023-05-03,Madrid
647,Jose Ramón Contreras Fuente,marcossigfrido@example.net,2024-08-16,Vigo
648,Jordi Oliver Rivera,salmazan@example.org,2023-03-10,Cordoba
649,Silvestre del Requena,gabriela57@example.net,2024-12-30,Malaga
650,Soledad Salgado,kmateu@example.org,2025-09-11,murcia
651,Che Ruperto Juan González,speral@example.org,2023-06-12,valladolid
652,Javier Celso Cuevas Machado,gabinocorral@example.org,2023-09-18,La Coruna
653,Federico Castañeda Saez,rafael23@example.net,2025-02-14,MURCIA
654,Fabiola Coloma Peralta,icamara@example.com,2023-05-14,Bilbao
655,Hermenegildo Valera Codina,jmontero@example.org,2025-11-29,Zaragoza
656,Lilia del Marqués,wmanjon@example.net,2024-12-31,Zaragoza
657,Pastora Salamanca-Nevado,,2023-06-02,Valencia
658,Azahar del Amat,cgimenez@example.com,2023-04-12,Cordoba
659,Marco Ferrero Zurita,merchelobo@example.org,2023-01-25,Sevilla
660,Susana del Bonet,fferreras@example.com,2024-10-23,Elche
661,Amor Paniagua,tcoloma@example.com,2024-02-10,Oviedo
662,Adora Luís Ochoa,mario78@example.org,2023-08-25,Elche
663,Perla Ricart Salas,fernando66@example.org,2025-07-04,Barcelona
664,Antonia Bienvenida Galiano Mateos,vzapata@example.org,2025-10-19,Valladolid
665,Prudencia Peña-Borrego,reciofeliciana@example.com,2024-03-30,Cartagena
666,Joaquina de Flores,pepitapizarro@example.com,2024-08-30,Zaragoza
667,Sergio Matas Mateu,osilva@example.org,2025-05-17,Cartagena
668,Eleuterio Marín Sureda,,2024-06-23,gijon
669,Alberto de Lluch,mbatlle@example.net,2024-02-01,Zaragoza
670,Marcia Rubio Jordá,xcarreras@example.net,2025-03-14,Malaga
671,Telmo Jover Cánovas,collmiguel@example.com,2025-08-20,Malaga
672,Gaspar Cárdenas Baena,poncio65@example.org,2023-11-14,Cartagena
673,Micaela Benítez,maria-doloresespanol@example.org,2024-10-18,Malaga
674,Lalo Mora Molina,kike51@example.net,2024-09-27,Vitoria
675,Adolfo Cerro Villegas,ramon76@example.com,2025-10-06,Barcelona
676,Aurelio Gibert Cortes,pazfabra@example.net,2024-11-03,Granada
677,Soraya Carbonell,eserna@example.org,2025-06-16,Vigo
678,Jose Olivé Mesa,emilio79@example.net,2025-04-16,Bilbao
679,Carmela Mayo Andrade,gironeduardo@example.net,2023-06-06,Vitoria
680,Fabio de Gallego,cayetanorodriguez@example.net,2025-04-16,Cartagena
681,Antonio Alfonso Tomé,marnau@example.org,2023-02-05,cordoba
682,Martina Barranco,qcarrera@example.org,2023-03-14,Vitoria
683,René Bárcena Casals,dianafolch@example.org,2025-01-04,Bilbao
684,Artemio Coello Lobato,pastor28@example.net,2024-11-02,Oviedo
685,Mariana Bayo,alcalabenigna@example.org,2025-02-23,Bilbao
686,Che Virgilio Acosta Cabeza,zoraidavarela@example.net,2024-06-04,Cordoba
687,Catalina Sabater-Campo,perlitapacheco@example.com,2024-04-09,la coruna
688,Corona Ramón,mirallesduilio@example.com,2023-05-01,Murcia
689,Jose Miguel Paniagua Maldonado,blancanacio@example.com,2023-05-07,Vigo
690,Javier Marcelo Mesa Saldaña,casandraramon@example.com,2025-12-15,Badajoz
691,Cecilia Baños Tamarit,gaston07@example.net,2023-04-26,Vitoria
692,Lourdes Blázquez Carreras,rupertoperez@example.net,2024-10-09,Vitoria
693,Raimundo Domingo Barón,heliodoro53@example.net,2025-07-14,Cordoba
694,Azucena Guerrero Rodriguez,wlopez@example.net,2025-04-19,Gijon
695,Elena Páez-Palacio,fquiroga@example.net,2023-11-02,Elche
696,Asunción Carvajal Iglesia,ovalencia@example.net,2025-10-29,Elche
697,Augusto Baena Bayo,lamor@example.com,2024-10-24,Granada
698,Calista Mateo Bárcena,vizcainomaria-fernanda@example.com,2025-05-18,MALAGA
699,Eugenio Valenciano,qvargas@example.net,2024-01-12,Murcia
700,Magdalena de Angulo,ycarrera@example.com,2023-12-11,Cartagena
701,Isaura Segura Araujo,elorzacecilia@example.net,2025-07-31,Zaragoza
702,Vasco Patricio Córdoba Tur,tcanizares@example.net,2024-03-02,Alicante
703,Lucas Trujillo Soriano,gcrespi@example.org,2024-03-04,Barcelona
704,Marta Pina Osorio,miguel-angel00@example.net,2023-02-19,LA CORUNA
705,Febe Amores Nogueira,bcabanillas@example.com,2025-12-23,Vigo
706,Felicia Barbero Hidalgo,joelmiguel@example.net,2023-04-04,Oviedo
707,Toño Mayol Carbó,fortunato08@example.com,2023-02-10,Sevilla
708,Margarita Villa Robledo,,2025-12-16,Elche
709,Marianela Portero Mora,torrescornelio@example.net,2025-01-09,Sevilla
710,Leonor Valverde Nicolás,encarnacionmari@example.com,2025-11-28,Cordoba
711,Jose Ramón Benet,luciolara@example.org,2023-11-22,Valencia
712,Gracia Gonzalez-Briones,navarroleandro@example.org,2024-09-12,Malaga
713,Juanita Roldán,ovidiobenitez@example.net,2025-06-21,Alicante
714,Rosaura Marín,mmillan@example.com,2024-03-16,Vitoria
715,Lola Jenny Escribano Alfonso,coronavalera@example.org,2024-12-25,Elche
716,Edelmira Roura Barreda,panfilosevillano@example.org,2023-09-21,Zaragoza
717,Telmo Isaac Reguera Montalbán,,2023-10-20,Granada
718,Mohamed Cecilio Jerez Guzman,hgomez@example.org,2023-07-30,Valencia
719,Sabas del Simó,brubio@example.net,2025-09-19,Bilbao
720,Cebrián Llamas,,2024-12-22,VITORIA
721,Modesto Arnal Torre,baquerorosalina@example.org,2023-12-11,Vigo
722,Toribio Amílcar Ramírez Parra,puenteprimitiva@example.net,2025-07-12,Madrid
723,Basilio de Vélez,anabel13@example.net,2023-05-15,Granada
724,Eulalia Porta Guzman,jgibert@example.org,2023-07-11,Barcelona
725,Isidro Real-Izquierdo,trujillobibiana@example.com,2025-02-05,Gijon
726,Federico Roda Taboada,leopoldococa@example.com,2024-06-04,Elche
727,Samanta Mendez Almazán,ballesterjessica@example.net,2023-09-20,Vigo
728,Fátima del Parejo,guzmanrosa@example.com,2024-03-01,Bilbao
729,Ángeles Jaume Mascaró,gutierrezmanuel@example.org,2025-07-30,GIJON
730,Zacarías Ródenas Molins,raragon@example.org,2025-06-21,Valencia
731,Jovita Rey Méndez,kcabrera@example.net,2023-10-14,Vigo
732,Gabriel Rivero Morillo,,2024-12-03,Bilbao
733,Maxi Salcedo Cerdán,perezheraclio@example.net,2023-12-01,Madrid
734,Anna Cano-Cruz,ascensioncastillo@example.net,2025-01-21,Valladolid
735,Jennifer Tejera Cañellas,fulgencio95@example.com,2023-08-06,Sevilla
736,Flor Espada Pozuelo,bgomez@example.org,2025-10-08,Valladolid
737,Maura Crescencia Borrell Sevillano,juan-franciscodomingo@example.org,2024-03-15,Zaragoza
738,María Carmen Juan Company,pedrofrancisco@example.net,2023-05-09,Zaragoza
739,Irma Santiago,ocarrasco@example.net,2023-08-11,Barcelona
740,Ernesto Urrutia-Piña,tomasgabaldon@example.net,2023-08-25,Cordoba
741,Prudencio Nilo Fajardo Ripoll,sebastiancoello@example.org,2023-11-15,La Coruna
742,Desiderio Sanmartín-Hurtado,dafne71@example.org,2024-05-28,Zaragoza
743,Nydia Puga Garay,vrocha@example.net,2023-10-08,La Coruna
744,León Barral Azorin,joel75@example.net,2025-10-26,Vitoria
745,Olimpia Pilar Arroyo Adadia,anna96@example.com,2025-12-07,Cartagena
746,Benigna Armengol Escobar,fortunato87@example.com,2025-08-20,Madrid
747,Arsenio Molins Roselló,juan-bautistacaro@example.com,2023-02-18,Valencia
748,Josep Lucas Palomo,qluna@example.net,2025-06-28,Madrid
749,Juan Millán-Ruano,maximianotur@example.org,2024-09-01,Alicante
750,Amelia Fabregat Comas,grasgervasio@example.org,2024-05-30,Murcia
751,Patricio Solera Rubio,uriaapolinar@example.com,2024-01-26,Zaragoza
752,Julieta del Ureña,,2023-04-13,Oviedo
753,Cipriano Silvestre Diéguez Verdugo,chus93@example.net,2025-12-29,Cartagena
754,Juan José Escribano Rico,,2025-01-11,Elche
755,Alba Luís Carro,lpereira@example.org,2025-07-06,Granada 
756,Alberto Bertrán Seguí,osantiago@example.com,2024-10-13,Sevilla
757,Fidel Arranz Santamaría,lupita92@example.org,2025-08-04,Cordoba
758,Felix Sabas Baquero Bejarano,zbru@example.com,2023-07-15,Bilbao 
759,Anunciación Almansa Galindo,romanquevedo@example.com,2024-12-10,Cordoba
760,Benito Martín Tudela,rmenendez@example.net,2023-05-24,Sevilla
761,Sigfrido Pedrero Vila,ameliasalinas@example.com,2024-06-06,Barcelona
762,María Carmen Rocha-Bosch,npedrosa@example.org,2024-04-20,Bilbao
763,Araceli Arjona Vilanova,abigail32@example.com,2024-07-31,Granada
764,Anna Manso,fruiz@example.com,2023-11-26,Cartagena
765,Octavio Mas Ibarra,kmarques@example.org,2024-08-26,Vitoria
766,José María Campos Vicens,grey@example.com,2024-12-25,Valencia
767,Ruth Isern-Padilla,delfina18@example.org,2023-05-05,Sevilla
768,Carmina Esparza Pozo,blancosigfrido@example.net,2023-11-23,La Coruna
769,Paloma Sanz-Sandoval,nestor23@example.org,2023-03-27,Cartagena
770,Dora Trini Camino Roura,adanruperto@example.org,2023-01-15,Oviedo
771,Jimena Quirós Torrecilla,esperanza95@example.net,2025-01-08,Madrid
772,Rosaura Mate Bonilla,elpidioalcala@example.org,2023-05-03,Elche
773,Pablo Fabra Amor,aliciacodina@example.net,2023-09-22,Badajoz
774,Celestina de Mascaró,ecolomer@example.com,2023-01-24,Bilbao
775,Vito Corominas Salgado,bsoto@example.com,2024-10-03,Zaragoza
776,Eugenio Pou,mugicaadan@example.org,2024-11-21,Cordoba
777,Herminia Valcárcel Manso,torrentsalomon@example.com,2024-07-16,Granada
778,Nidia Yolanda Torrents Guardiola,alvarezalejo@example.com,2024-09-23,Madrid
779,Ana Belén del Rincón,fcaro@example.net,2025-10-26,Cartagena
780,Jacinta Rubio Almansa,luciofernandez@example.com,2024-01-12,Vigo
781,José Luis de Nicolau,scastro@example.net,2025-02-18,BILBAO
782,Serafina Palomino Sureda,estergalan@example.com,2025-01-27,Badajoz
783,Nazario Tolosa Castelló,heracliocrespi@example.net,2024-06-23,Granada
784,Leire Mateos Guitart,ceciliaarevalo@example.org,2024-01-29,Malaga
785,Gaspar Cuadrado-Díaz,bartolomenicolas@example.com,2023-05-05,Valencia
786,Benito de Torrecilla,noe50@example.net,2023-10-21,Elche
787,Teodosio Villalba Calvet,rionerea@example.com,2025-11-21,Vigo
788,Balduino Cal Arnaiz,,2025-08-12,Valencia
789,Camila Manzano Sala,jcabezas@example.net,2024-02-03,Elche
790,Benjamín Franch Saavedra,pagudo@example.com,2024-01-10,Oviedo
791,Carlota Blázquez,ramon65@example.net,2024-12-29,elche
792,Renato Ávila Robles,,2025-10-03,Elche
793,Tamara Villalonga Pardo,salasesteban@example.org,2025-02-25,Oviedo
794,Anastasia Blazquez,maxi62@example.com,2023-03-09,Madrid
795,Natalio Corbacho Barco,simon68@example.com,2025-03-01,gijon
796,Yéssica Núñez Aguiló,trinidad89@example.org,2025-02-06,LA CORUNA
797,Milagros Fuertes Salamanca,susana63@example.com,2023-04-03,Barcelona
798,Eva María del Cases,ignacio18@example.net,2023-12-09,Gijon
799,Prudencia Cuesta Alvarado,jordanjose-antonio@example.com,2025-03-07,Vigo
800,Aura Barreda,,2023-02-22,Alicante
801,Jacobo Martí Adadia,pnicolau@example.net,2025-12-19,Madrid
802,Oriana Guillen-Ordóñez,lucas92@example.net,2024-02-18,Vigo
803,Baldomero del Villalonga,pacificapaniagua@example.com,2023-04-18,Valencia
804,Saturnina Requena Bilbao,barriosteodoro@example.org,2024-06-05,Vigo
805,Angélica Peiró Zorrilla,xvillena@example.com,2025-08-13,Bilbao
806,Leticia Roda-Sacristán,kriera@example.org,2024-07-08,Sevilla
807,Olivia Seco Castelló,garciaxavier@example.com,2023-02-05,Badajoz
808,Lino Peiró Carrera,hcanet@example.com,2024-09-18,Valladolid
809,Juan Carlos Coronado Carranza,marcos54@example.com,2024-06-16,Zaragoza
810,Calisto Robles Atienza,,2025-06-16,Barcelona
811,Abril Carvajal Oller,arribassilvestre@example.com,2024-09-20,Vigo
812,Jennifer Nebot-Pi,wcazorla@example.org,2024-07-07,oviedo
813,Pía Sandoval Sanchez,roxanamorell@example.org,2025-05-26,Valladolid
814,Guadalupe Gala Guerrero Prats,,2023-11-01,MALAGA
815,Toribio Daza Amat,chelo18@example.org,2023-07-30,Vitoria
816,Macarena Maricruz Baena Vélez,maricelatamarit@example.net,2025-09-09,La Coruna
817,Narciso Escolano Alfonso,miriam33@example.net,2025-07-08,Malaga
818,Isidora Blazquez-Montes,farrieta@example.org,2024-01-08,Zaragoza
819,Hipólito Amador Álvarez,roberto41@example.org,2025-12-09,Valencia
820,Carla del Cobo,jose-mariborras@example.org,2023-12-03,Vitoria
821,Nidia Dominguez Barral,gerardo00@example.com,2024-03-03,Barcelona
822,Bibiana Rey Morante,remigio10@example.org,2023-09-20,Cordoba
823,Maristela Cándida Ureña Verdugo,rcardona@example.org,2023-12-15,Murcia
824,Griselda de Tomé,ramonevita@example.org,2025-09-28,barcelona
825,Eloy Cadenas Hoz,marcoramirez@example.com,2023-04-02,Murcia
826,Clara Cisneros,calixta23@example.net,2025-11-10,Barcelona
827,Jennifer de Abella,pmancebo@example.org,2023-01-01,Valladolid
828,Elena Iglesia Pinto,purificacion39@example.net,2023-11-05,Cordoba
829,Rafael Becerra Mas,pratsjovita@example.org,2025-06-29,Elche
830,Elisa del Galvez,soledad54@example.net,2024-05-11,Gijon
831,Natanael del Noguera,angelmoya@example.org,2025-09-28,Oviedo
832,Mohamed Abril Tamayo,agustihortensia@example.org,2024-03-28,La Coruna
833,Rafaela Pozo Bertrán,,2024-05-02,Alicante
834,Gabriel Peñalver Palma,xelorza@example.net,2025-12-14,Barcelona
835,Jerónimo Pellicer Ferrando,oagusti@example.net,2023-01-22,Murcia
836,Noé Pallarès-Feliu,,2023-08-31,Cordoba
837,Fidela Arco Lozano,,2025-12-14,Vigo
838,Aura Lobato Vall,jdonaire@example.org,2024-12-24,BARCELONA
839,Nerea Echevarría-Bas,marciabas@example.org,2023-10-12,Valladolid
840,Tatiana Goñi-Zabala,gregorio08@example.net,2023-10-05,alicante
841,Verónica del Abril,uazorin@example.com,2025-07-14,Sevilla
842,Eli Carro Villegas,xvalbuena@example.net,2025-04-11,Vigo
843,Amado del Rivera,amolina@example.com,2023-08-02,Granada
844,Valerio Amaya Gonzalez,,2023-06-30,Gijon
845,Amílcar Matías Caballero Anaya,zrosales@example.org,2024-10-11,Vitoria
846,Sol Ibáñez Huertas,saenzjorge@example.com,2025-07-01,Gijon
847,Loreto Guzmán Beltran,obustos@example.com,2024-09-26,valladolid
848,Américo Aragonés Pi,tania12@example.org,2025-10-04,Malaga
849,Amor Mata Rosales,,2024-09-04,La Coruna
850,Teodoro Graciano Querol Báez,mguijarro@example.net,2024-11-14,La Coruna
851,Fátima Simó Roman,nicolasflorina@example.net,2025-05-08,Vigo
852,Lorena Moya Fernández,calderonalbano@example.net,2025-02-20,Elche
853,Rosa Ferrer-Cases,pedro67@example.net,2024-11-11,Alicante
854,Domingo Cervantes Arregui,castellmateo@example.net,2024-04-22,Valencia
855,Esperanza Coello Colom,mmendizabal@example.com,2023-11-16,granada
856,Juan Antonio Coca Barceló,,2024-01-12,Valencia
857,Miguel Fortuny,nogueragonzalo@example.net,2024-06-05,Granada
858,María Carmen Muñoz Narváez,silvio52@example.org,2024-05-12,Cartagena
859,Jose Miguel Gimenez Acevedo,jimenagrau@example.com,2024-11-14,Malaga
860,Jose Angel del Peña,salomonespinosa@example.org,2024-02-02,Oviedo
861,Gastón Andrés Cardona,luis-angelsacristan@example.org,2024-11-22,Cordoba
862,Amada Andreu Flor,loretodavila@example.org,2025-08-28,Valladolid
863,Fortunato Hoyos Escalona,alfredoecheverria@example.com,2025-09-25,Sevilla
864,Severo Cervantes Pinilla,,2024-05-14,Valencia
865,Rufina Perales Donoso,hbas@example.org,2025-08-25,Valladolid
866,Régulo Falcó Feliu,uperello@example.net,2024-04-15,Cordoba
867,Édgar de Fajardo,montserrat25@example.org,2023-02-28,Cordoba
868,Tristán Cases-Verdejo,ugallart@example.org,2025-05-09,Vitoria
869,Ana Sofía Carina Verdugo Pons,andrea87@example.org,2023-12-19,Cartagena
870,Lucila Tomas Uría,lledesma@example.com,2024-11-30,Granada
871,Mirta Arce-Galan,teresafranco@example.com,2025-08-04,Malaga
872,Concha Maza Rodríguez,xcrespo@example.com,2024-08-26,Vitoria
873,Remigio Blasco Marquez,wvillena@example.org,2024-10-02,Vigo
874,Loida Navarrete Rojas,bsolsona@example.com,2024-02-07,vitoria
875,Ester Llano Piñeiro,escobarvasco@example.org,2023-10-19,Barcelona
876,Gastón Blanca Mariño,lloretangeles@example.org,2023-04-18,Vigo
877,Geraldo Arenas Fonseca,,2025-03-27,Cartagena
878,Claudio Cervera-Julián,marilope@example.com,2025-05-08,Granada
879,Graciela Albero Suarez,rosendapuga@example.org,2023-09-06,Alicante
880,Jordi Guillen,vserra@example.org,2023-12-10,Barcelona
881,Iker Rios,,2023-02-02,Valencia
882,Luis Castellanos Mayoral,valeronelida@example.net,2025-07-03,Gijon
883,Coral Rius Roig,umari@example.net,2023-01-26,VIGO
884,Íñigo Chamorro Corral,clementina99@example.net,2025-08-08,Elche
885,Clara Portillo Bartolomé,efabra@example.org,2023-12-27,Malaga
886,Micaela Mayo Buendía,cristobalelias@example.org,2025-06-24,Madrid
887,Laura Alba Estévez Flor,pololoreto@example.org,2023-09-13,zaragoza
888,Anastasia Sanz,pedrosaaura@example.org,2023-07-08,Cartagena
889,Genoveva Crespo Cano,brunildaripoll@example.com,2025-03-25,Vitoria
890,Yaiza Fábregas Castillo,martinrosell@example.net,2024-12-29,BARCELONA
891,Marciano Menéndez Franco,mllorens@example.org,2025-12-22,Zaragoza
892,Ana Belén Pujol Huerta,visitacion97@example.com,2024-05-22,Valencia
893,Rafa Bou Maestre,soliver@example.net,2025-05-18,Bilbao
894,María José Díez Ribes,,2024-02-26,VIGO
895,Paco Bustos Pozuelo,herassonia@example.org,2023-10-28,Vigo
896,Emelina de Gaya,wreina@example.net,2023-05-13,gijon
897,Angélica Calzada Vargas,sebastian72@example.com,2023-08-16,Badajoz
898,Jerónimo Amor Beltran,vpiquer@example.net,2024-03-13,Barcelona
899,Heliodoro Arellano,,2025-10-02,Cartagena
900,Nazaret Simó Tormo,fbayo@example.net,2024-12-21,Zaragoza
901,Berta Sotelo Lorenzo,franciscoaleman@example.net,2023-04-21,Vitoria
902,Bernabé Juanito Portillo Diéguez,albaines@example.com,2023-06-18,Vigo
903,Carmina Gascón Aramburu,vascoasenjo@example.net,2025-06-08,Vigo
904,Guiomar Mendez Saldaña,acunaatilio@example.com,2025-04-20,Vitoria
905,Glauco de Folch,alcazartadeo@example.org,2025-12-20,Valencia
906,Samanta Fernandez Barroso,sofiabarcena@example.net,2023-07-03,Badajoz
907,Alfredo Ricart Vila,morillomohamed@example.net,2024-11-17,Zaragoza
908,Claudia Macarena Prats Roman,guerraignacio@example.org,2024-01-26,ELCHE
909,Adrián Quesada Molina,porrasiban@example.com,2023-08-30,Vigo
910,Moreno Peinado-Arranz,gilsegismundo@example.com,2025-04-21,Gijon
911,Aroa Duarte Infante,morataevangelina@example.net,2024-03-01,Valladolid
912,Flavio Echevarría Monreal,vbauza@example.org,2024-10-28,Alicante
913,Jacinta Piñeiro-Vicente,anitaalcalde@example.org,2023-01-24,Bilbao
914,Fabián Guzmán Romero,,2023-05-31,Sevilla
915,Emiliana Franch Cordero,pfuente@example.org,2023-09-18,Madrid
916,Isidora Pepita Mulet Cañete,maximino08@example.com,2024-12-11,Malaga
917,Remigio Albano Grande Muñoz,jose-carlos38@example.org,2025-09-20,La Coruna
918,Salvador de Pizarro,gervasio70@example.org,2025-08-11,Elche
919,Clemente Azorin Cid,edgardobravo@example.org,2024-10-11,Gijon
920,Desiderio Vera,rojasluciana@example.com,2023-12-08,Oviedo
921,Donato Rodrigo,eloisaibarra@example.com,2023-11-09,Sevilla
922,Mercedes Fortuny Llabrés,xbernal@example.com,2024-02-18,Alicante
923,Isabela Rocamora Vazquez,,2023-01-22,Alicante
924,Inmaculada Blanco Marín,carolinaechevarria@example.com,2024-02-21,Vitoria
925,Javi Erasmo Perez Terrón,minguezelias@example.net,2024-05-29,Murcia
926,Álvaro Falcó Acosta,,2024-02-15,Cartagena
927,Ángela Ricart Prat,,2025-12-18,Cordoba
928,Hernando Arias Casanova,mcamara@example.com,2025-11-14,La Coruna
929,Liliana Torres Pedrosa,polangeles@example.com,2025-03-17,Murcia
930,Jorge de Pardo,colomajuan-carlos@example.net,2024-05-14,Sevilla
931,Edu Huertas Cuéllar,caromaria-manuela@example.org,2024-12-07,Zaragoza
932,Gisela Bernat Villegas,saritarocha@example.org,2025-06-28,Valencia
933,Osvaldo Matas-Valle,umena@example.com,2025-04-04,Vitoria
934,Baltasar Ocaña Clavero,marianela36@example.net,2023-12-04,Malaga
935,Saturnino Téllez Abellán,,2024-04-02,Vitoria
936,Morena Maldonado Rosa,,2025-02-10,Valencia
937,Jose Francisco Espada,sanjuanclaudia@example.org,2023-07-23,Valladolid
938,Reinaldo España Feliu,valeria67@example.net,2025-09-27,VIGO
939,Toño Delgado Bernal,che61@example.com,2023-03-12,Valencia
940,Luís Guitart Tejedor,acabrero@example.org,2023-10-19,Oviedo
941,Nazaret Arnaiz Caballero,azaharaaguilar@example.com,2024-10-22,Oviedo
942,Jose Carlos Sáenz-Navas,xnavarro@example.net,2025-09-02,Cordoba
943,Salomé Heras Paniagua,npinedo@example.org,2025-12-04,Cordoba
944,Rosenda Cabrera Acero,uquerol@example.org,2023-01-29,Malaga
945,Toño Losa Ibarra,vito97@example.net,2024-03-28,Malaga 
946,Abel Montserrat,palominosamanta@example.org,2025-11-28,Vigo
947,Nidia Saldaña Guillen,vpaez@example.net,2025-05-20,ELCHE
948,Inés Tamayo Cabrera,mmarin@example.org,2025-02-19,Bilbao
949,Valentina Vargas,castellanastasia@example.org,2023-11-27,Sevilla
950,Trinidad del Diéguez,ecarlos@example.net,2024-08-15,Murcia
951,Curro de Borrás,royoligia@example.org,2023-06-25,Zaragoza
952,Yaiza Pla Lozano,loidajimenez@example.net,2024-06-06,Bilbao
953,Nazaret Cerdán Téllez,mendezsalome@example.org,2025-10-18,la coruna
954,Ana Sofía Milagros Novoa Pi,,2023-09-03,Madrid
955,Espiridión Bonilla Cantón,nietomanu@example.net,2025-10-24,vigo
956,Luciano Pedro Castejón,ricardo90@example.com,2023-03-09,Oviedo
957,Celestina del Roda,maria-manuela52@example.net,2024-12-28,Badajoz
958,Consuela Campillo-Prats,sernamaximiano@example.org,2025-06-13,Vigo
959,Silvio Damián Valero Sarmiento,elianaluque@example.org,2025-03-29,Vitoria
960,Marcelino Montero Mendizábal,llanosregina@example.net,2024-09-21,Oviedo
961,Jose Miguel Manuel,zbarral@example.com,2023-06-17,Zaragoza
962,Teobaldo Gomila,escamillarocio@example.com,2025-03-08,Cartagena
963,Saturnino Narciso Cuervo Almeida,bnebot@example.net,2024-06-02,Valencia
964,Prudencia Posada Portillo,alvarezlucia@example.com,2023-11-06,Valencia
965,Pancho Prada,castromoises@example.net,2025-08-06,Cordoba
966,Teodoro Mateu Seco,,2025-02-01,GIJON
967,Vidal Camilo Gallego Gibert,macariaagullo@example.com,2025-03-06,La Coruna
968,Aroa Coloma-Peñas,ddieguez@example.org,2024-01-25,Elche
969,Carmina Badía Carpio,dorita62@example.net,2025-03-02,Granada
970,Ale de Hernando,ttorres@example.net,2024-10-15,Granada
971,Nacho Perez Borrás,rpina@example.net,2024-12-16,Badajoz
972,Adelina Carretero Carnero,carroamaya@example.net,2025-01-02,Valencia
973,Coral Alvarado,sllanos@example.net,2023-04-14,Zaragoza
974,Carolina Plana-Tomé,,2023-04-19,Valladolid
975,Pepe Esteban Ramirez,pradacayetana@example.net,2025-05-08,VALENCIA
976,Laura Bartolomé,galangenoveva@example.org,2023-07-18,Vitoria
977,Nélida Carolina Adadia Salvador,donato02@example.net,2023-08-15,Vitoria
978,Armando Jerez Arana,casanovasantonia@example.com,2024-02-03,Elche
979,Carlota del Abad,marceloarteaga@example.net,2025-09-18,VIGO
980,Narciso Juanito Salgado Chaves,hmilla@example.com,2024-10-26,ZARAGOZA
981,Clementina Cabeza,galvezangelino@example.org,2023-06-05,Oviedo
982,Bonifacio Garzón,leopoldo29@example.com,2023-03-23,Badajoz
983,Eladio Pizarro-Cárdenas,fsastre@example.com,2025-01-11,Malaga
984,Julio Frías Bejarano,evita35@example.net,2024-12-21,Zaragoza
985,María Del Carmen Céspedes,ucorral@example.com,2024-02-20,Granada
986,Delia Angélica León Casanovas,ramirezblas@example.com,2024-12-02,Elche
987,Yéssica Múgica Llano,rupertagonzalez@example.com,2023-01-11,Barcelona
988,Consuela Pinedo Calzada,echevarriabelen@example.net,2025-08-17,Sevilla
989,Samanta Tovar-Bustos,juanita94@example.net,2023-10-25,Elche 
990,Vidal Asensio Donaire,,2025-06-02,Zaragoza
991,Mamen del Tapia,juan-antonioagusti@example.net,2024-07-16,Cordoba
992,Nando Cases Clavero,dlastra@example.net,2024-12-01,Malaga
993,Olga Ibañez Ripoll,,2025-05-25,Malaga
994,Eloísa Llorens,tvinas@example.org,2023-12-01,Valladolid
995,Ezequiel Ramos Milla,bernadcarmelo@example.net,2023-09-21,Bilbao
996,Celestino Barceló Blazquez,casandra70@example.com,2025-01-12,Vigo
997,Jose Valenciano Villa,ramirezalberto@example.net,2023-07-28,Elche
998,Pepe Rodríguez Ochoa,,2024-10-29,Cordoba
999,Jacinta Carla Zabaleta Gomila,carlitopedraza@example.org,2024-07-16,VALENCIA
1000,Héctor Valbuena Pinilla,raulcarbajo@example.com,2025-09-28,ALICANTE
1001,Severo de Manrique,almudena44@example.org,2023-01-03,MURCIA
1002,Georgina Gelabert-Mayol,sierratecla@example.net,2025-07-18,Oviedo
1003,Gaspar Aguado Seguí,marc51@example.org,2024-01-19,Alicante
1004,Herberto Pacheco Agullo,,2023-04-03,Zaragoza
1005,Ximena Corral,fcasals@example.org,2023-06-20,Cordoba
1006,Daniel Sosa-Prats,marcelino56@example.org,2024-08-10,Cartagena
1007,Baltasar Ródenas-Saavedra,enriqueotero@example.net,2024-04-20,Oviedo
1008,Verónica Fiol Cano,lucasarjona@example.org,2024-03-08,Valencia
1009,Xiomara Angulo Cueto,alejandralarranaga@example.org,2024-04-06,Elche
1010,Leocadia de Morcillo,uvalls@example.net,2025-07-12,Malaga
1011,Benigna Canals Campos,casesfabricio@example.com,2024-07-02,Badajoz
1012,Amancio del Román,roviraalexandra@example.com,2023-11-06,Badajoz
1013,Ricardo Romeu Huguet,luisinavidal@example.org,2023-10-01,Zaragoza
1014,Toni Lago Huertas,efiol@example.net,2025-05-07,Malaga
1015,Pancho Vallés Escudero,ritacomas@example.org,2023-05-13,Cartagena 
1016,Alma Llanos Fernandez,teodosioaleman@example.net,2023-08-07,Cartagena
1017,Goyo Ramón Zapata,,2024-04-11,Valladolid
1018,José Mari Roldán Aznar,damian45@example.com,2025-10-30,Badajoz
1019,Delia Montero Asenjo,apolinarabascal@example.org,2024-12-24,Barcelona
1020,Cloe Machado Suarez,violeta91@example.com,2023-07-22,Madrid
1021,Filomena Múñiz Mayo,caballerohaydee@example.org,2025-01-18,Valencia
1022,Fito Palomo Pardo,jordan43@example.net,2024-02-25,Barcelona
1023,Berto Carreño Armengol,guadalupesalinas@example.org,2023-03-24,Badajoz
1024,María Pilar del Mata,ifranch@example.net,2023-06-18,Alicante
1025,Clemente Ripoll Iriarte,teresa57@example.net,2025-02-25,Murcia
1026,Anabel Tolosa Rius,diazelena@example.com,2025-02-02,Badajoz
1027,Espiridión Arroyo Barrera,manupuga@example.com,2025-01-20,Granada
1028,Angelita Dalmau,yvergara@example.net,2025-05-04,Cartagena
1029,María Dolores Llabrés Gabaldón,abrahamcuesta@example.net,2023-08-27,Madrid
1030,Valerio Vilalta Sarabia,marcio34@example.net,2023-10-22,La Coruna
1031,Che Goicoechea Arroyo,lupeariza@example.net,2023-06-12,Oviedo
1032,Bonifacio León-Aznar,palmiragallo@example.net,2023-05-08,Cordoba
1033,Melania Peinado Morata,lagunalorenza@example.org,2024-03-23,Cordoba
1034,Emilia Eufemia Barceló Alarcón,isidoro42@example.com,2025-11-30,La Coruna
1035,Máxima de Piña,ruth98@example.org,2025-06-14,Bilbao
1036,Fermín del Frías,,2025-03-10,Gijon
1037,Flor Colomer Tello,valcarcelgerardo@example.com,2023-07-22,Cordoba
1038,Ciríaco Trujillo Escribano,alfonso42@example.org,2025-06-14,Vitoria
1039,Cecilia Anastasia Clemente Bello,dhigueras@example.net,2025-11-29,valencia
1040,Porfirio Zurita Cervantes,caborene@example.com,2023-01-23,Barcelona
1041,Rico Arranz Catalán,,2023-06-06,Malaga
1042,Adora Rosa María Agustí Camino,reyna13@example.org,2024-06-10,Vitoria
1043,Violeta Saldaña-Cárdenas,natanael72@example.org,2023-03-03,Granada
1044,Mauricio Casal-Almazán,calderoncandelas@example.com,2023-04-23,La Coruna
1045,Bibiana Abella Gomez,gonzalezteofilo@example.com,2023-06-11,Vitoria
1046,Daniel Édgar Planas Capdevila,hdomenech@example.org,2023-04-22,murcia
1047,Gaspar Antonio Múgica Carrasco,,2023-06-15,Valladolid
1048,Luisa Nadal Escudero,qconesa@example.net,2023-11-27,Cartagena
1049,Félix Urbano Calleja Linares,qpeinado@example.net,2025-05-25,Zaragoza
1050,Tomás Comas Collado,eusebio67@example.net,2025-05-23,Valladolid
1051,Sabina Bautista Carbajo,jlopez@example.org,2023-12-21,Valladolid
1052,Ciriaco Plaza Osorio,ana-belen67@example.net,2025-12-02,Vigo
1053,Rosalina Mercedes Mínguez Chacón,rodolforiquelme@example.net,2024-06-28,Gijon
1054,Leire de Planas,roblesbelen@example.net,2025-05-01,Zaragoza
1055,Pascual de Gutierrez,abilio30@example.com,2024-09-03,Vigo
1056,Édgar Canet Barreda,,2023-06-07,Elche
1057,Íngrid del Herrera,pastoragomez@example.org,2025-03-29,OVIEDO
1058,Pablo Clemente Pina,rodriguezramiro@example.org,2025-02-07,Sevilla
1059,Angelina Tapia-Cruz,colladopio@example.org,2023-03-28,Valladolid 
1060,Adolfo Rico Conde,adoracionchaves@example.net,2024-08-01,Bilbao
1061,Joel Hernán Navas Saldaña,madriddan@example.org,2023-03-07,Vitoria
1062,Marciano Durán Vaquero,aitorprieto@example.com,2025-01-15,Sevilla
1063,Manola Jordá Valls,leire36@example.org,2023-10-25,Alicante
1064,Juan Carlos Pina Casares,salvadorbarba@example.org,2024-03-05,Vitoria 
1065,María Del Carmen de Solís,pmillan@example.net,2024-03-19,Bilbao
1066,Caridad Ballester Pera,rferreras@example.org,2023-04-25,Zaragoza
1067,María Cristina Narváez Anaya,lopecanovas@example.net,2023-04-27,Sevilla
1068,Marc Alba,godofredo83@example.net,2025-10-15,Barcelona
1069,Eloy de Arribas,darroyo@example.com,2023-04-13,Cordoba
1070,Adalberto Gaspar Lumbreras Puig,maxiportillo@example.net,2024-01-25,Gijon
1071,Pascual Cabanillas Muñoz,gvara@example.net,2025-06-04,cartagena
1072,Albano Piña Tapia,manriquefelix@example.org,2025-01-17,Granada
1073,Venceslás Bueno Guardiola,noemichico@example.net,2023-06-26,Bilbao
1074,Lorena Zabala,victorino25@example.com,2024-01-30,Malaga
1075,Almudena Ponce Haro,emilianabenavides@example.org,2024-09-13,Valladolid
1076,Ariadna Alcolea Clavero,carla17@example.org,2024-05-13,Badajoz
1077,Eusebio Cuéllar Bayo,corona55@example.org,2023-03-19,Valladolid
1078,Dora Sáenz Jaén,hcheca@example.net,2024-06-19,Murcia
1079,Tecla Madrid Quero,ccastello@example.com,2024-07-15,Malaga
1080,Estefanía Florentina Blanco Reyes,rjodar@example.org,2024-11-11,La Coruna
1081,Raimundo Hierro Aguiló,reynacalzada@example.com,2024-02-16,Elche
1082,Gloria Beltran-Gisbert,qsevilla@example.org,2024-01-18,Vitoria
1083,Miguela Sola Canales,escribanolupita@example.org,2025-10-02,LA CORUNA
1084,Rebeca Rosselló Flores,emulet@example.com,2024-01-11,Cordoba
1085,Julieta Cloe Tamayo Carbó,walter08@example.org,2025-11-05,La Coruna
1086,Miguel García Montero,pintobernabe@example.com,2025-05-15,Madrid
1087,Clotilde Balaguer Galán,rochajulian@example.com,2024-11-27,Valencia
1088,Calisto Bayón Llanos,tbilbao@example.net,2024-05-09,Gijon
1089,Luciana Gargallo Jover,paulinabalaguer@example.org,2025-09-07,Elche
1090,Fabiana Martinez Córdoba,pacorius@example.com,2024-06-05,Vitoria
1091,Pablo Rueda Pacheco,jagustin@example.net,2023-08-06,Bilbao
1092,María Manuela Coca-Morante,alberto27@example.org,2024-07-01,Murcia
1093,Aurora Ramos Jódar,sanjuanpepita@example.org,2024-11-26,Badajoz
1094,Ariadna Arce-Gil,sosimodelgado@example.net,2024-02-18,Vigo
1095,Clementina Feijoo Alcaraz,odalys50@example.com,2025-09-09,BARCELONA
1096,Salud Casanovas,asarmiento@example.com,2024-01-21,BARCELONA
1097,Inmaculada del Carballo,alvaroromero@example.com,2023-07-13,Cordoba
1098,Candelas Macarena Ruano Pizarro,ramona64@example.net,2024-11-10,La Coruna
1099,Armando Calleja Borrás,reinacristobal@example.com,2025-04-01,Cartagena
1100,Ángeles Macaria Cabo Saldaña,manjonreyes@example.com,2023-08-21,La Coruna
1101,Mamen Piquer Carbó,robertasoria@example.org,2024-01-20,Cordoba
1102,Haydée Priego Aguilera,merche38@example.com,2023-10-21,Oviedo
1103,Fabio Ribera-Hernández,riberaanacleto@example.org,2023-01-29,Madrid
1104,Sol Villena Moll,francisco96@example.org,2024-09-01,Sevilla
1105,Celia Pozuelo Aznar,ocastells@example.com,2025-12-07,Granada
1106,Heriberto Monreal Villar,ulisesguardia@example.org,2025-02-17,Zaragoza
1107,José Antonio Carrasco Pou,pilar82@example.com,2023-08-12,Alicante
1108,Albert Ruiz Alberdi,amarobermudez@example.net,2024-02-24,Vigo 
1109,Javi Palma Estévez,fortunatagirona@example.com,2023-08-01,Gijon
1110,Primitivo del Juliá,llopiscelestino@example.org,2024-11-18,Vigo
1111,Teresita Calderón-Cantero,,2023-11-06,Barcelona
1112,Arturo Berenguer Urrutia,ximena36@example.org,2024-06-22,Gijon
1113,Hilario Beltrán Torrecilla,,2024-02-16,Barcelona
1114,Melisa Sanmartín Cuevas,marcagustin@example.org,2024-12-23,Badajoz 
1115,Tania Alejandra Carpio Novoa,alondra99@example.net,2023-01-06,Oviedo
1116,Perla Iñiguez,,2024-08-10,Murcia
1117,Loida Corominas,roxanapatino@example.org,2025-09-11,Vigo
1118,Fernando Chacón Gimeno,castanedajulio@example.com,2024-06-11,Oviedo 
1119,Félix Mariscal Solera,grubio@example.com,2025-10-07,Cordoba
1120,Chema Figuerola-Lucas,lcalderon@example.net,2023-12-08,Valencia
1121,Poncio Torrents,bsalmeron@example.net,2025-03-29,Gijon
1122,María Ángeles Campos Piñol,kfolch@example.com,2024-02-14,Elche
1123,Jafet Diego Aragón,delia64@example.net,2025-06-25,Vitoria
1124,Feliciana Puig,,2024-04-15,Oviedo
1125,Gastón Higueras Belmonte,galaperal@example.com,2023-06-08,Alicante
1126,Azucena Agustí Montalbán,muletignacio@example.com,2024-09-13,Cartagena
1127,Ximena Guerrero Batalla,mluque@example.org,2024-07-31,Cartagena
1128,Lisandro Lobo Benavides,urozas@example.com,2023-08-06,sevilla
1129,Salvador Uribe Valenzuela,llobettadeo@example.org,2023-05-17,Zaragoza
1130,Marcelo Morillo Piñol,coronaalmazan@example.com,2023-01-20,Sevilla 
1131,Adela Serrano-Luís,prudenciaquevedo@example.org,2025-09-08,Gijon
1132,Almudena Navas,banosadoracion@example.org,2025-06-28,Vigo
1133,Paloma Mascaró Llobet,marisa56@example.org,2024-09-01,Valladolid
1134,Leire Arévalo Pozuelo,josefina77@example.net,2025-11-25,oviedo
1135,Tadeo Pereira Calderon,goicoecheaasdrubal@example.org,2023-06-02,Vigo
1136,Tere Ruano Gonzalo,chusfeijoo@example.net,2025-09-15,Zaragoza
1137,Sabina Adadia Badía,,2025-11-04,Murcia
1138,Eligio Mur Pino,jovita22@example.net,2024-05-19,CARTAGENA
1139,Feliciano Colomer Reyes,hcarvajal@example.net,2023-09-21,Elche
1140,Nadia Trillo Lozano,maria-teresa73@example.org,2023-10-17,Gijon
1141,Pelayo Ariel Osorio Herrera,jordanabermejo@example.org,2025-12-01,Elche
1142,Curro Alberto Garzón,mplaza@example.com,2023-04-25,Barcelona
1143,Santos Álamo,martirio47@example.net,2023-06-18,Barcelona
1144,Ascensión Castillo,yesicaparra@example.com,2025-12-04,Barcelona
1145,Loida Cintia Páez Expósito,loboteo@example.org,2025-01-22,Zaragoza
1146,Miriam Calatayud-Colom,vcampo@example.org,2023-09-21,Valladolid
1147,Cayetana Lasa Andrade,wsantamaria@example.com,2023-05-10,la coruna
1148,Anselma del Rosado,eutropiopuente@example.net,2024-04-17,Elche
1149,Amelia Sainz Llamas,climaco06@example.net,2025-10-14,Vitoria
1150,Eugenio Fajardo,megea@example.com,2024-08-03,zaragoza
1151,Lorenza Rosselló Canales,ibarradan@example.org,2023-05-07,Cartagena
1152,Lucio Larrea Gómez,cabreroleoncio@example.org,2025-08-25,Elche 
1153,Genoveva Pozo Cadenas,macarenaledesma@example.com,2023-08-14,Zaragoza
1154,Fulgencio Maestre,macarena01@example.org,2024-07-05,Valladolid
1155,Judith Pepita Mayoral Gómez,maxibanos@example.org,2023-07-25,Cartagena
1156,Bibiana Alberto Sánchez,bmuniz@example.org,2025-12-03,Valladolid
1157,Che Agustí Ortuño,fabella@example.org,2024-06-01,Malaga
1158,Sebastián Alemany Manso,beatrizvaquero@example.org,2025-04-07,Gijon
1159,Aureliano Mayo Narváez,vtrujillo@example.com,2025-12-20,Cartagena
1160,Natanael Torrecilla-Izaguirre,alvaro05@example.com,2025-02-17,Cordoba
1161,Remedios Tomé,,2025-03-09,Badajoz
1162,Candelario Reguera Giménez,,2023-09-25,Valladolid
1163,Fernanda Fábregas Borrell,zoraidapina@example.net,2023-04-29,Elche
1164,Valentín Sancho-Águila,juan-manueloller@example.com,2024-03-04,Elche
1165,Eliana Mendoza Farré,vinajudith@example.com,2025-07-03,Oviedo
1166,Inocencio Sanz Oliver,damian07@example.net,2023-06-11,La Coruna
1167,Juan Carlos Manjón Cánovas,amanda41@example.com,2023-01-18,Badajoz
1168,César Luna Casal,torresmariano@example.org,2024-04-16,Cordoba
1169,Amador Iglesias Cervera,,2025-11-16,La Coruna
1170,Calixta de Lillo,luzferrandiz@example.com,2024-10-03,Madrid
1171,Espiridión Gilabert Antón,,2024-11-29,Vigo
1172,Gloria Cabañas Jurado,edelmira42@example.net,2024-04-22,Valladolid
1173,Rosaura Chaparro Flores,elpidio68@example.org,2023-11-26,Sevilla
1174,Eustaquio Serra Español,grueda@example.org,2024-07-31,Granada
1175,Lidia Pallarès Solís,teofilo76@example.com,2024-05-20,Badajoz
1176,Alba del Borrego,encarnacionmate@example.org,2024-09-28,Cordoba
1177,Belen Marcos Baeza,zcasas@example.net,2023-01-07,Madrid
1178,Jimena Ballester,ballesterosjulian@example.net,2023-04-28,Cartagena
1179,Ariadna Samanta Manso Tirado,rosaura01@example.net,2024-10-02,La Coruna
1180,Pepita Baena,ascensioncobos@example.net,2025-03-22,Alicante
1181,Bernarda Godoy Cortes,eusebia40@example.com,2024-11-14,Badajoz
1182,Baudelio Bautista,,2024-07-23,Badajoz
1183,Cristian de Sáez,vegavicente@example.com,2023-03-02,Bilbao 
1184,Eutimio Quiroga Tomás,orianagutierrez@example.net,2023-10-13,Barcelona
1185,Nieves Isabel Casal Rosell,fannyalmeida@example.org,2023-06-05,Badajoz
1186,Che de Tamayo,smanjon@example.net,2023-04-20,La Coruna
1187,Leire Pedrero-Llopis,,2024-05-23,Malaga
1188,Brunilda Anaya Luque,kcarreno@example.com,2023-01-13,Elche
1189,Ale Mohamed Sales Arnau,emilio77@example.com,2023-01-10,Cartagena
1190,Gastón Valle Vaquero,,2024-07-16,GIJON
1191,Nacio Cordero Ortiz,,2023-11-29,Zaragoza
1192,Anabel Tomás Peñas,kescribano@example.net,2025-10-13,Bilbao
1193,Dora Castilla,dionisia95@example.net,2024-11-07,Barcelona
1194,Anabel Arrieta Andreu,,2023-04-27,Badajoz
1195,Etelvina Guardiola Guzmán,,2025-04-08,Sevilla
1196,Ámbar Baró Barrio,dario01@example.com,2025-04-16,Murcia
1197,Melania Sol Andreu Dávila,candido76@example.org,2025-12-19,Madrid
1198,Manu Folch-Ferrán,amor74@example.org,2023-08-09,Vitoria
1199,Isaac Álvaro Fernandez,amadoreva@example.net,2023-04-16,Valladolid
1200,Sandalio Checa Adadia,maria-angeles69@example.net,2025-08-05,Granada
1201,Catalina Álvarez Valderrama,pepitagalan@example.net,2025-06-26,Zaragoza
1202,Feliciana Palacios,nicolasabautista@example.com,2024-04-13,Granada
1203,Trinidad Belda Bermudez,micaelavillar@example.com,2023-04-21,Murcia
1204,Cristina Aznar Muro,goicoecheapaca@example.com,2025-10-07,GRANADA
1205,Guiomar Pallarès-Bayo,luciobenavides@example.net,2024-09-22,Elche
1206,Úrsula Vall,sabas90@example.net,2025-02-03,Cartagena
1207,Lupe Sotelo Jódar,antuneznilo@example.com,2023-10-13,La Coruna
1208,Victoria Barranco Chaparro,carlamurcia@example.net,2025-09-26,Barcelona
1209,Desiderio Uriarte Beltran,olivacalisto@example.com,2024-10-17,Zaragoza
1210,Áurea Anita Tejero Castilla,loreto01@example.org,2024-06-28,Elche
1211,Moreno del Rosado,ymateos@example.org,2023-01-24,Murcia
1212,Albert Ferrández Pinilla,toledobaldomero@example.com,2025-04-19,Oviedo
1213,Ildefonso Roldán Cervera,riodesiderio@example.net,2025-12-12,Valladolid
1214,Feliciana Ferrer Novoa,pbarco@example.org,2023-04-11,La Coruna
1215,Danilo Rey Arroyo,iborraodalis@example.org,2023-03-25,Elche
1216,Isidoro Escribano Lumbreras,mirallespancho@example.net,2024-12-19,Gijon
1217,Esteban de Puga,qcarvajal@example.org,2023-03-25,Valladolid
1218,Clarisa del Palau,vicentemate@example.com,2025-05-05,Malaga
1219,Toño Nacho Hidalgo Zurita,melchor88@example.org,2023-03-01,Vitoria
1220,Olalla Torre Losa,,2025-07-11,Oviedo
1221,Cristina Mayol,donatoperales@example.net,2025-06-13,Valladolid
1222,Alejandro Gutierrez Sacristán,bcarbonell@example.com,2025-07-05,Oviedo
1223,Emilio Plana-Mas,barredaleon@example.net,2024-02-25,Vigo
1224,Tomás Piñeiro Planas,oarregui@example.org,2024-02-20,Alicante
1225,Luisina Badía Mayol,oliverasamancio@example.net,2025-04-06,Cartagena
1226,Ámbar Jáuregui Gascón,nogueiralucila@example.net,2024-04-20,La Coruna
1227,Ricarda Barberá Canales,,2024-04-09,Murcia
1228,Rebeca Villena-Juan,ricosolsona@example.net,2025-12-23,Bilbao
1229,Blas de Lozano,che38@example.com,2024-01-05,Alicante
1230,Alma Lledó Pardo,georgina49@example.org,2023-05-17,Oviedo
1231,Nadia Montesinos-Lamas,vicentesevillano@example.org,2024-04-27,Cordoba
1232,Alicia Palmer Tenorio,,2025-10-25,Bilbao
1233,Vidal Miralles-Baró,qescolano@example.com,2023-10-12,Cordoba
1234,Belen Gordillo Díaz,salomeayala@example.org,2023-05-06,Cordoba
1235,Cirino Velázquez Sacristán,ariel83@example.org,2025-11-09,Murcia
1236,Eduardo Alegre-Osuna,,2023-03-26,La Coruna
1237,Aurelia Vicente Berenguer,herminiomoreno@example.net,2024-02-12,Valladolid
1238,Andrea Roldan Luna,amadormorera@example.net,2025-05-13,La Coruna
1239,Griselda Perera Sosa,ester02@example.com,2023-02-18,Vigo
1240,Xavier Amigó Camino,nuriamillan@example.net,2025-02-23,Oviedo
1241,Rita Núñez,reyesantunez@example.net,2025-03-06,Alicante
1242,Rafaela Bermudez Berenguer,claravara@example.net,2024-11-21,Cordoba
1243,Lupita Carrión Álamo,suredageorgina@example.net,2024-07-24,Sevilla
1244,Edelmira Ferrero Marcos,nandoherrero@example.com,2023-09-11,Badajoz
1245,Pilar Carlos Hernando,xredondo@example.org,2024-01-21,Oviedo
1246,Angélica Paredes,cgrau@example.com,2023-09-09,Gijon
1247,Óscar Hierro Ramón,eloisajulia@example.com,2024-01-10,Gijon
1248,Apolinar Real Robledo,coralurrutia@example.net,2025-08-24,Vigo
1249,Vinicio Escolano,kalcantara@example.org,2024-04-03,Zaragoza
1250,Olivia del Cabrero,rutharagon@example.com,2023-01-27,Cordoba
1251,Angelino Cazorla Villa,wroca@example.org,2024-03-16,Barcelona
1252,Dalila del Carrera,teofila59@example.net,2024-11-06,Cordoba
1253,Angelino Pacheco Sanchez,vsandoval@example.com,2023-11-14,Valencia
1254,Odalis Cañizares Español,cornejoteresita@example.org,2024-10-12,Vigo
1255,Nereida Santana Pinilla,valentin28@example.net,2024-10-06,Vitoria
1256,David Martinez Uriarte,atilio98@example.net,2024-09-27,Alicante
1257,Eloísa Moraleda Plana,marita22@example.org,2025-06-11,La Coruna
1258,Ildefonso Vives,consuelo95@example.org,2024-01-16,Murcia
1259,Benigno Maestre Llanos,orodenas@example.org,2023-11-13,Murcia
1260,Marcio Camino-Guardiola,epifanio13@example.net,2025-07-08,Oviedo
1261,Alberto Ariño Ferrero,torrespepita@example.org,2024-02-10,Alicante
1262,Lucho Ignacio Salgado Viñas,paulinasantiago@example.com,2025-10-03,Oviedo
1263,Iván Rosell Uriarte,chema24@example.net,2025-01-02,Alicante
1264,Rosaura Bermúdez Girón,morillofaustino@example.net,2024-01-03,Zaragoza
1265,Mayte Vilalta Benavent,tecla06@example.org,2025-10-18,Sevilla
1266,Ester Falcón,aguilojose-luis@example.org,2024-10-04,CARTAGENA
1267,Nicodemo de Lara,fcordero@example.org,2025-03-14,Badajoz
1268,Blas Conrado Borrego Villalonga,abrahamrovira@example.org,2024-06-21,Bilbao
1269,Claudia Olimpia Enríquez Arias,njodar@example.com,2024-11-22,Bilbao
1270,Melchor del Tomé,saturninamarin@example.org,2025-08-17,barcelona
1271,Laura Poza Palau,gmarques@example.org,2023-05-04,elche
1272,Hugo Jacinto Morell Huertas,lcarmona@example.com,2025-11-14,Bilbao
1273,Fulgencio Puig Castellanos,mtorrijos@example.com,2025-01-23,Bilbao
1274,Espiridión Leal Vera,taniarebollo@example.org,2024-09-08,Barcelona
1275,Dorita Moll Reina,bsalamanca@example.com,2023-10-13,sevilla
1276,Eloy Torralba Gilabert,fanny04@example.com,2024-03-25,Granada
1277,Valentina Diaz-Fábregas,murciaefrain@example.net,2024-08-14,Valladolid
1278,Salvador Pinilla Bosch,ximena58@example.org,2024-12-18,La Coruna
1279,Clementina Paredes,,2023-09-09,Sevilla
1280,Xavier Pereira Muñoz,jgarriga@example.net,2023-09-30,Zaragoza
1281,Alejandro Almagro Zurita,vallsromulo@example.com,2023-02-16,Madrid
1282,Eutropio Albano Grau Huertas,lladomaribel@example.org,2025-06-10,Oviedo
1283,Morena Pérez Castro,rosalva11@example.org,2024-07-06,Malaga
1284,Ainara Alcolea Cordero,posadaguillermo@example.net,2025-07-30,Granada
1285,Imelda Vila Alvarado,leocadio73@example.org,2023-10-17,La Coruna
1286,Jovita Peñas-Manuel,obuendia@example.com,2024-09-06,La Coruna
1287,Elodia Velázquez Hidalgo,falemany@example.net,2024-03-07,Murcia
1288,Rafaela Campoy Santamaria,crescenciaamat@example.com,2025-04-25,Cordoba 
1289,Flora Tapia Canales,nazaret21@example.org,2024-09-06,VALLADOLID
1290,Toni Trillo,celsocid@example.com,2024-11-06,Cordoba
1291,Lourdes Guerrero Barral,ainiesta@example.com,2025-03-22,Barcelona
1292,Alejandro Montoya Ramos,ledesmajenny@example.org,2025-04-07,Valencia
1293,Magdalena Valero Millán,modestoserra@example.net,2024-06-13,BADAJOZ
1294,Tecla de Calzada,yberenguer@example.org,2025-04-09,Bilbao
1295,Juan Bautista Carrión Delgado,urbanocarballo@example.org,2025-08-28,Oviedo
1296,Carlota Zamorano Torrens,,2023-01-11,Barcelona 
1297,Isaac Mariscal Linares,encarnacion59@example.net,2023-07-01,Malaga
1298,Juan Carlos Octavio Fuente Pera,agustina73@example.com,2025-10-13,Granada
1299,Celestino Zamora Sáez,mollsigfrido@example.org,2023-06-14,Malaga
1300,Abilio Mesa Expósito,joaquinaburgos@example.net,2024-05-17,Barcelona
1301,Américo Solís Crespi,ordonezfanny@example.net,2025-08-26,Gijon
1302,Maxi Alcalá Fernández,lucas69@example.net,2023-12-02,La Coruna
1303,Raquel Graciana Iñiguez Francisco,corominascristian@example.net,2023-08-26,Malaga
1304,Eleuterio Calatayud Castañeda,kmurillo@example.net,2024-10-24,Cordoba
1305,Nayara Yéssica Sáenz Gallart,abilioguardiola@example.org,2023-04-11,Barcelona
1306,Brunilda Bienvenida Cózar Talavera,moralescasemiro@example.org,2023-05-31,Madrid
1307,Imelda Suarez Morillo,angelita13@example.net,2024-03-06,Cordoba 
1308,Olalla Sánchez Padilla,pili85@example.net,2023-03-27,Badajoz
1309,Soledad Clotilde Delgado Lobato,priscilaruiz@example.net,2024-04-29,Cartagena
1310,Octavio Carreño-Rozas,gaspar05@example.com,2025-04-24,Sevilla
1311,Pascuala Rodrigo García,robertoperello@example.org,2025-10-19,Valladolid
1312,Clímaco Salamanca Paniagua,adelardomenendez@example.com,2023-04-14,Cordoba
1313,Zoraida Izaguirre Valverde,llanoanastasio@example.net,2023-10-29,Vitoria
1314,Gisela Arranz Isern,eufemia09@example.org,2025-08-04,Oviedo
1315,María Fernanda Santos Trujillo,ainaracalleja@example.org,2024-02-10,Elche
1316,Virginia Oriana Coronado Elorza,celestinorivas@example.org,2023-03-03,LA CORUNA
1317,Faustino Cabanillas Lobato,fatimaalegria@example.com,2025-07-06,zaragoza
1318,Viviana Dominguez Pazos,quintanasigfrido@example.net,2025-01-03,Elche
1319,Clemente Valls Coloma,,2023-10-29,Vitoria
1320,Omar Vega,oduran@example.net,2025-07-11,Alicante
1321,Fabricio Llanos Orozco,nogueraadelaida@example.net,2025-07-05,Murcia
1322,Lorenzo Sierra Borja,botellagerman@example.net,2023-04-05,Sevilla
1323,Marta Almagro Dominguez,,2024-05-19,Valladolid
1324,Fabio de Cazorla,balduino64@example.org,2023-11-02,Malaga
1325,Estela Riba-Gonzalez,leandroflores@example.org,2025-12-09,Vitoria
1326,Paco Sabater-Lamas,trillopedro@example.net,2024-02-03,Alicante
1327,Javiera Donaire,polfabricio@example.net,2024-09-15,Malaga
1328,Fanny Malo Galan,juana88@example.net,2025-05-20,Madrid
1329,José María Galvez Jordá,adeliajulian@example.org,2025-10-07,Valladolid
1330,Mónica Estrada,dchaves@example.net,2023-12-20,Cordoba
1331,Florinda Aragón-Mora,palmerruth@example.org,2023-06-23,Badajoz
1332,Eva María Navarro Cabrera,xiomarapalma@example.com,2023-06-28,Murcia
1333,Cayetana de Saavedra,uroyo@example.com,2024-06-03,malaga
1334,Edmundo del Nebot,tquero@example.org,2025-11-29,Cartagena
1335,Rico de Robledo,kleon@example.com,2024-10-12,Gijon
1336,José María Delgado Mas,clementinachaparro@example.org,2024-12-28,Granada
1337,Artemio Mendoza Cid,alvaro62@example.com,2023-01-01,Elche
1338,Cornelio Dueñas Mata,cecilio23@example.org,2024-04-23,Valladolid
1339,Carmelo del Adadia,wcuervo@example.org,2024-05-30,Valencia
1340,Octavia Garcia Sureda,tsilva@example.org,2025-04-16,GIJON
1341,Guillermo Castells Monreal,salomonmorillo@example.com,2025-06-17,SEVILLA
1342,María Prada Bellido,amaya90@example.org,2025-08-28,Malaga 
1343,Rodrigo Gutierrez Peinado,noe80@example.net,2024-10-18,zaragoza
1344,Zoraida Berenguer Grau,angelinaexposito@example.org,2023-08-20,La Coruna
1345,Araceli Nicolás Plana,teodorocontreras@example.com,2023-12-07,Valladolid
1346,Alexandra Julián Robles,fernandopuig@example.net,2024-07-21,Bilbao
1347,Joan Blanch Olivares,quiroganieves@example.org,2023-06-26,Madrid
1348,Lucio Vendrell Plana,falberdi@example.net,2025-11-18,Alicante
1349,Ileana Ballester Mateo,vjordan@example.net,2023-05-08,Gijon
1350,Lidia Peralta Sáenz,rafaela85@example.org,2025-05-10,Bilbao
1351,Luisina Pla Bernal,adriannavas@example.net,2024-10-08,Vitoria
1352,José Ángel Sanz,datienza@example.com,2023-02-13,Alicante 
1353,Jimena Pedraza Ayllón,jose-antonio65@example.net,2023-11-21,Valladolid
1354,Kike Lastra Escamilla,pepe60@example.com,2023-12-22,Cordoba
1355,Marc Cantón Palau,prietojose-ramon@example.org,2023-04-03,Badajoz 
1356,Bernardino Coca Uriarte,wllobet@example.com,2025-01-25,Badajoz
1357,Ángel del Armas,moreraramon@example.org,2023-06-10,Madrid
1358,Graciano Vila Bermúdez,,2023-01-25,Alicante
1359,Poncio Bernad-Rosselló,feliuconcepcion@example.com,2025-12-26,Vigo
1360,Lola Luz Hervás Avilés,,2023-10-29,Bilbao
1361,Emiliano Valls Arroyo,rescudero@example.com,2023-10-26,Barcelona
1362,Claudia Alfonso Ribas,leonardolasa@example.com,2024-10-18,Sevilla
1363,Ariadna Giralt Gomila,morataismael@example.org,2024-11-01,Vitoria
1364,Sarita Jimena Rivero Mulet,jtamarit@example.org,2024-01-11,Cordoba
1365,Fanny Sales Cordero,,2025-02-03,Malaga
1366,Dominga Quintana Antúnez,torrecillachelo@example.com,2023-04-02,Gijon
1367,Flora Mateu,,2024-05-27,Elche
1368,Mateo Diaz Ortiz,wribes@example.org,2025-04-03,Cordoba 
1369,Leopoldo Ramiro Tudela Guitart,ycatala@example.net,2025-11-05,Sevilla
1370,Atilio Priego Gil,danmancebo@example.org,2025-08-05,Cordoba
1371,Malena Real Ortiz,silviolorenzo@example.com,2025-04-24,Vigo
1372,Nazaret Moll Vallés,zgomis@example.com,2025-04-09,Cartagena
1373,Seve Óscar Sancho Crespo,salomonmaldonado@example.org,2024-08-06,Bilbao
1374,Rafaela Simó Dueñas,placustodia@example.net,2024-04-03,Bilbao
1375,Guiomar Fabregat Andres,emilianovaquero@example.org,2024-10-19,Zaragoza
1376,Ainoa Morcillo Iborra,cloesuarez@example.net,2023-04-10,La Coruna
1377,Ainoa Porras Vidal,remedioscuellar@example.com,2024-02-09,Zaragoza
1378,Chucho del Folch,eligio41@example.org,2023-08-15,Vitoria
1379,Jimena Hierro Salcedo,natividadelorza@example.com,2024-07-02,cartagena
1380,Samu Muñoz Cuervo,oscarbecerra@example.org,2025-03-31,Vigo
1381,Teresita Vizcaíno Soriano,ybejarano@example.com,2025-11-15,Granada
1382,Azeneth de Ródenas,sbarreda@example.com,2025-06-26,Oviedo
1383,Germán Pulido Vidal,yromero@example.org,2023-04-24,La Coruna
1384,Reynaldo Cantón-Dominguez,seve52@example.org,2025-05-21,Oviedo
1385,Eligio Caballero,felisa17@example.net,2024-06-22,Murcia
1386,Reyes del Noriega,jennifer75@example.com,2025-02-05,Bilbao
1387,Eli Araujo-Chaves,azaharamaldonado@example.org,2023-08-31,Cartagena
1388,Marcela Pareja Manuel,lilia29@example.net,2023-11-30,VALENCIA
1389,Nerea Mariño Cortes,eugeniomanzano@example.com,2023-10-10,Elche
1390,Alberto de Mateo,danielaalbero@example.com,2024-02-04,Vitoria
1391,Petrona Villanueva,ntapia@example.org,2025-12-01,Elche
1392,Lázaro Vallejo Miralles,reyes72@example.net,2024-06-12,Vigo
1393,Viviana Pino Alcaraz,noriegajafet@example.com,2023-08-15,VALENCIA
1394,Emilio Carreras Figueras,andrea79@example.net,2025-09-20,BADAJOZ
1395,Viviana Gracia,,2024-11-17,Sevilla
1396,Lilia Bautista Linares,barbavictoriano@example.net,2024-07-27,Barcelona
1397,Eduardo de Hierro,jennysastre@example.org,2023-02-14,Oviedo
1398,Débora Mamen Lobato Bravo,luzbartolome@example.org,2024-07-26,Elche
1399,Cristóbal Goñi Hervás,gsimo@example.net,2025-08-24,Murcia
1400,Feliciano Beltran Ferrándiz,ccarnero@example.org,2024-06-05,Badajoz
1401,Kike Garrido Torrens,,2025-08-01,Oviedo
1402,Plácido Salas Ferreras,qabascal@example.com,2024-10-21,Zaragoza
1403,Melania Egea Mulet,svilar@example.net,2023-11-25,Malaga
1404,Diana del Llopis,eufemia71@example.org,2024-06-18,Valladolid
1405,Virginia Vergara Sosa,lcardenas@example.org,2025-04-13,Elche
1406,Asdrubal Óscar Salazar Noriega,guillermocamps@example.org,2023-08-22,Vitoria 
1407,Encarnación Montero,rcalderon@example.com,2025-10-13,Sevilla
1408,Lucho Cortes,faustino36@example.org,2025-07-23,MURCIA
1409,Narcisa Camila Morell Villalonga,xriera@example.net,2023-10-23,Badajoz
1410,Jonatan Mateos-Peláez,marianomugica@example.net,2024-01-23,La Coruna
1411,Javiera Mena Roig,arincon@example.com,2023-03-02,Valencia
1412,Felicidad Chaves Saura,alejo33@example.net,2025-02-24,Elche
1413,Sigfrido Glauco Alvarez Montserrat,upineiro@example.net,2024-09-05,Vitoria
1414,Sabas Garrido,glledo@example.org,2023-09-24,Barcelona
1415,Paloma Tena Soriano,portajaviera@example.net,2024-06-17,Vitoria
1416,Marcio Perez-Barranco,barbafeliciana@example.com,2023-10-30,Zaragoza
1417,Isabel Luís Cantero,vcanizares@example.org,2023-12-22,Elche
1418,Sara Cordero Contreras,consuela38@example.org,2024-04-25,Granada
1419,Maribel Juliá Manuel,checamaria-pilar@example.org,2025-08-12,Vitoria
1420,Tamara Paniagua Salmerón,geronimomontesinos@example.com,2023-09-07,Badajoz
1421,Eva Flor Jove,,2024-12-04,Barcelona
1422,Gertrudis Torrecilla Asensio,vilaraul@example.org,2024-09-12,Oviedo 
1423,José Antonio Morillo Téllez,consuelo51@example.net,2023-03-24,Vitoria
1424,León Capdevila Cuadrado,,2025-12-24,Cordoba
1425,Rodolfo Rosa Lluch,vsanmiguel@example.org,2024-12-13,Madrid
1426,Ciriaco Nicolás Santiago,zalmazan@example.net,2023-11-19,Gijon
1427,Saturnina Gema Alfonso Aguirre,mohamedroldan@example.org,2023-10-11,Alicante
1428,Luís del Seco,maria-luisapacheco@example.net,2025-08-08,Madrid
1429,Ciríaco Colomer Fábregas,gerardo10@example.net,2024-10-21,Murcia
1430,Rosario Castejón Olivé,,2025-10-14,Badajoz 
1431,Cosme Mateo,teobaldolinares@example.org,2025-10-23,valencia
1432,Rolando Padilla,cervantessaturnina@example.com,2023-05-15,Barcelona
1433,Alba Saldaña Gallardo,caviles@example.com,2024-03-13,Granada
1434,Rogelio Pintor,,2025-09-27,Vigo
1435,Azucena Cánovas,dionisiotorrijos@example.net,2024-10-24,Valencia
1436,Herminia Feijoo Gallo,vendrellplacido@example.com,2023-10-07,Oviedo
1437,Javier Alegre Aguilar,zrivera@example.org,2024-01-24,Barcelona
1438,Silvio Anacleto Rovira Mas,judithblasco@example.net,2024-12-06,Valencia
1439,Valentina Soto Alcázar,luna50@example.org,2025-07-17,La Coruna
1440,Lorenzo Agullo Castellanos,enriquesoriano@example.org,2023-03-09,Barcelona
1441,Toribio Marcos,esmeralda62@example.com,2023-07-08,Cordoba 
1442,Bárbara Escudero,,2024-06-29,Granada 
1443,Heriberto Matías Perea Lara,ambrosio05@example.org,2025-09-01,Malaga
1444,Quirino Cobos Ramón,,2025-03-02,Zaragoza
1445,Cayetano Cabrera Alcolea,teofila31@example.com,2025-12-19,Granada
1446,Jordán Sobrino Ribes,mcanizares@example.net,2023-01-01,Vigo
1447,José Jimenez Castellanos,gala85@example.net,2025-01-02,Gijon
1448,Jorge Ureña Ferrández,isidorovilla@example.org,2025-06-01,vitoria
1449,Daniel Blanca Bustamante,nlumbreras@example.org,2023-10-01,Gijon
1450,Cirino Mascaró-Mulet,hvizcaino@example.net,2025-12-18,Gijon
1451,Ricardo Catalá-Mosquera,qperera@example.org,2024-09-26,Valencia 
1452,Raúl Plaza Asensio,germanalcaraz@example.org,2024-11-26,Oviedo
1453,Cecilio del Mora,terronalondra@example.com,2023-07-25,Zaragoza
1454,Graciela Sans-Garmendia,ijodar@example.com,2023-05-10,Vigo
1455,Nacio Vilar-Navas,tecla24@example.com,2025-06-03,sevilla
1456,Reina Sastre Bárcena,,2025-05-07,Malaga 
1457,Miguela Amigó Cases,gordillozacarias@example.org,2023-05-12,Oviedo
1458,Bernardino Ulises Olivera Melero,jrubio@example.org,2025-11-25,Gijon 
1459,Casandra Puga,erasmogirona@example.org,2023-08-06,Elche
1460,Lucila Cordero Zapata,parejacalista@example.org,2025-01-30,zaragoza
1461,Carina Perelló,corneliodaza@example.net,2024-11-26,Bilbao
1462,Coral Soledad Cornejo Rodrigo,leonaviles@example.com,2023-11-21,Madrid 
1463,Ignacia Tamayo,imontserrat@example.net,2025-10-25,Madrid
1464,Anselmo Iglesias Mesa,aguedabatlle@example.org,2025-04-07,Cordoba
1465,Calixto Terrón Cueto,rosendocuervo@example.net,2024-04-04,Vitoria 
1466,Charo Ibarra-Ordóñez,gonzaloleoncio@example.org,2025-09-05,Oviedo
1467,Primitivo Cordero Fuster,rcisneros@example.com,2025-04-13,Granada
1468,Melchor Carpio Viñas,azucena19@example.com,2023-09-12,Oviedo 
1469,Emma Casanovas Santos,calistonoguera@example.com,2025-11-06,Gijon
1470,Graciano Jaume Carbajo,lrojas@example.org,2025-08-18,Bilbao
1471,Purificación Manuel Gomila,borregolupita@example.net,2025-11-17,Bilbao
1472,Dalila Urrutia Rosell,obarbera@example.org,2025-08-06,Vitoria
1473,Tadeo Llorens-Infante,simon45@example.org,2023-01-15,Vigo
1474,Daniela Uría Giralt,glarranaga@example.net,2024-06-18,ZARAGOZA
1475,Socorro Marcia Peña Villena,marnal@example.org,2024-10-09,Alicante
1476,Lucio Bustamante Carpio,ponciorobles@example.com,2025-02-26,Murcia
1477,Fulgencio Sacristán Serna,,2025-03-26,Sevilla
1478,Nayara Amigó Garzón,amadomulet@example.org,2023-11-17,Barcelona
1479,Rosario Andrade Saura,plinio55@example.org,2023-10-31,Granada
1480,Fermín Sedano Jódar,hugomontserrat@example.net,2024-03-15,Cartagena
1481,Reyna Dueñas Valero,mugicapastor@example.net,2024-08-12,Madrid
1482,Federico del Cadenas,ramismatias@example.net,2024-06-28,Bilbao
1483,Reyes Piñeiro Francisco,roberta75@example.com,2025-06-02,Murcia
1484,Priscila Cuervo Domingo,alcides13@example.net,2023-12-07,Valencia
1485,Odalis Marti,romulobenitez@example.org,2023-04-13,Sevilla
1486,Zoraida Valentina Quiroga Lago,lilianieto@example.net,2024-01-23,Cartagena
1487,Édgar Plaza Calleja,encarna91@example.com,2025-12-31,Barcelona
1488,Sara Armas Hoyos,guadalupellanos@example.org,2024-06-25,Vitoria
1489,Donato de Sacristán,espiridionalberola@example.com,2023-09-25,Cartagena
1490,Timoteo Tomas Ródenas,afernandez@example.org,2025-07-18,Barcelona
1491,Gloria Pombo-Jurado,nieves46@example.com,2024-02-04,Bilbao
1492,Feliciano del Benítez,modestohuerta@example.net,2024-09-26,Barcelona
1493,Álvaro Vera Tamarit,cruz93@example.net,2024-01-17,Gijon
1494,Samanta de Sola,consuelo07@example.net,2024-04-24,Vitoria
1495,Isa Barón-Donoso,sanabriacelia@example.net,2023-03-05,Bilbao
1496,Judith Coloma Bartolomé,berto49@example.com,2025-11-04,OVIEDO
1497,Pepe Tudela Rosa,ruygarrido@example.net,2024-05-10,Murcia
1498,Obdulia del Murillo,clotildeverdejo@example.com,2023-06-08,Barcelona
1499,Nieves del Agudo,,2025-04-28,Zaragoza
1500,Marino Bartolomé Ávila,ucuellar@example.org,2023-09-30,Elche
1501,Remedios Purificación Escobar Escudero,urialuisina@example.org,2023-12-30,Cordoba
1502,Heriberto Ponce Ramón,isanchez@example.com,2023-07-20,Bilbao
1503,Galo Chus Ros Iniesta,lbotella@example.com,2024-03-15,Badajoz
1504,Gabino de Nicolás,,2023-01-23,Valladolid
1505,Ana Manuela Barranco Perea,,2023-01-14,Badajoz
1506,Fátima Medina Amorós,rosa-maria12@example.org,2024-11-28,Cartagena
1507,Casandra Gil Ojeda,,2024-09-21,Valladolid
1508,Olalla Elías Vera,odalyssalgado@example.org,2024-11-12,Bilbao 
1509,Victoria de Mesa,candido52@example.net,2024-07-22,Cordoba
1510,Jose Ramón Ferrando Cortina,walter86@example.com,2025-10-31,Zaragoza
1511,Ana Sofía del Hoz,epifanio37@example.org,2025-05-20,Elche
1512,Gastón Barral Tenorio,vizcainociriaco@example.net,2024-12-18,Bilbao
1513,Marcela Vélez,sfont@example.com,2023-05-29,Granada
1514,Esteban Roldan,yrozas@example.org,2024-06-21,Cordoba
1515,Aránzazu Montoya Tomé,fmaza@example.com,2025-04-24,Alicante
1516,Juan Luis Arnaiz Fabra,melerotecla@example.net,2025-03-30,Barcelona
1517,Macarena Durán-Mir,anayaasdrubal@example.com,2024-02-26,Oviedo
1518,Lupita Badía Roura,apoloniapelaez@example.net,2025-02-05,Badajoz
1519,Augusto Sebastián,teclagiralt@example.net,2023-12-18,Malaga
1520,Jose Miguel Gabaldón,arrietaagata@example.com,2023-08-14,Granada
1521,Óscar Manrique Acuña,,2025-12-17,Oviedo
1522,Gilberto del Arribas,erasmohoz@example.net,2025-01-02,La Coruna
1523,Nieves Menendez Fuentes,sebastian06@example.com,2024-02-18,Barcelona
1524,Sebastian Torrents,eli06@example.org,2025-02-01,Vigo
1525,Belen Gisbert Bejarano,carlosfederico@example.com,2023-03-14,Gijon
1526,Eugenia de Jerez,,2023-11-09,Elche 
1527,Dorita Camps-Carreras,ffranch@example.net,2025-07-16,Valladolid
1528,Bernardo Villegas,somozaalejandra@example.org,2023-05-03,GRANADA
1529,Sigfrido Pons Espinosa,bauzajose-antonio@example.com,2024-11-05,Granada
1530,Pepita Clavero Salamanca,varamaria-fernanda@example.org,2025-04-22,Zaragoza
1531,Amada Alcaraz Corominas,rosalina42@example.com,2024-05-21,Cordoba
1532,Gustavo Pinto Coronado,anselma13@example.org,2024-11-18,gijon
1533,Máxima Ródenas Amaya,pbanos@example.net,2024-08-02,Malaga
1534,Candelaria de Moll,cantonisidora@example.org,2024-03-25,Oviedo
1535,Adriana de Montoya,antonio21@example.net,2023-09-14,La Coruna
1536,Abril Barragán Ponce,gomezmaria-belen@example.net,2023-02-08,Bilbao
1537,Angelina de Tamayo,rlumbreras@example.net,2024-02-28,Bilbao
1538,Néstor del Ibáñez,fanny77@example.org,2024-05-12,Cordoba
1539,Consuelo Cobos Madrid,romanjimenez@example.org,2024-02-08,Zaragoza
1540,Inocencio Marín Cobo,segurasegismundo@example.net,2025-08-22,Vitoria
1541,Herberto de Osorio,santiagorobledo@example.com,2024-05-19,Barcelona
1542,Isidora Pont Silva,nicolas56@example.org,2025-03-03,oviedo
1543,Donato Gaya,cloeferreras@example.net,2024-12-23,Granada
1544,Filomena Ximena Sierra Real,,2023-06-04,Granada
1545,Kike Santamaria Mas,mazcona@example.org,2024-01-06,Oviedo
1546,Narciso Planas Villar,cescribano@example.org,2025-01-30,elche
1547,Margarita Dueñas Llano,felipaquesada@example.net,2025-05-06,Zaragoza
1548,Carlos Reina,adelina32@example.com,2023-12-13,Gijon
1549,Luisa Paulina Aranda Caballero,boadaalfonso@example.org,2025-10-05,Bilbao
1550,Fito Bosch Millán,hermenegildo23@example.com,2025-07-10,alicante
1551,Matilde Moles Salom,tnevado@example.org,2023-11-14,Murcia
1552,Salvador Cuesta Cornejo,severocarrasco@example.net,2025-09-24,Valladolid
1553,Candela Soria Lucas,danilocollado@example.com,2023-04-17,Valencia
1554,Borja Piquer Suárez,ktapia@example.org,2024-10-04,Vitoria
1555,Íngrid Sainz Espada,,2024-09-13,Vigo
1556,Anselma Pelayo Bayón,elpidiomarin@example.net,2024-03-07,Valencia
1557,Bartolomé Figueras Montes,leonor15@example.net,2025-12-13,Oviedo
1558,Adriana Rios Dominguez,renata43@example.net,2023-11-04,Murcia
1559,Yaiza Alvarez,,2024-12-12,barcelona
1560,Eleuterio Jacobo Roselló Nebot,llamasmaribel@example.net,2024-05-17,Alicante
1561,Flavio Angulo Castrillo,,2023-08-07,Gijon
1562,Fortunata Pont Araujo,josefina65@example.com,2025-05-30,Cartagena
1563,Griselda Nogués Cazorla,loida48@example.org,2024-06-19,Cartagena
1564,Ariel Sandoval-Blazquez,rosalva81@example.org,2025-06-07,barcelona
1565,Domingo Benavente Elorza,berto29@example.org,2025-05-03,Valencia
1566,Adalberto Alcalde Nogueira,costadafne@example.net,2025-11-24,Murcia
1567,Melania Muro Camacho,barberojulie@example.org,2023-08-07,Badajoz
1568,Ciro Bravo Bravo,rosellomaxima@example.net,2023-09-13,Oviedo
1569,Plinio Bernad Pombo,eufemia83@example.com,2025-06-15,Murcia
1570,María Del Carmen Estrada Somoza,lupita90@example.com,2023-07-22,La Coruna
1571,Aníbal Echeverría Figueroa,ernesto89@example.org,2025-02-06,Murcia
1572,Ciríaco Exposito Montoya,ferminprat@example.net,2025-07-05,Valladolid
1573,Marcelo Hilario Velázquez Machado,teodosioiglesia@example.com,2025-03-17,Cordoba
1574,Adelaida Infante,marisela21@example.org,2023-03-10,Madrid
1575,Yaiza Barrena Ropero,salmeronalbano@example.net,2025-01-09,Murcia
1576,Marita Pardo Bastida,lucia57@example.com,2025-03-24,Murcia
1577,Flora Valero Marín,imillan@example.net,2023-07-28,Sevilla
1578,Carlota Arnau-Osorio,dsola@example.com,2025-10-09,La Coruna
1579,Jordana Sobrino Santamaria,erasmopol@example.com,2025-11-06,Bilbao
1580,Rufino Moliner Pizarro,salomonpavon@example.org,2024-04-21,cartagena
1581,Carlos Espejo Gaya,alegrerosendo@example.com,2023-06-14,Murcia
1582,Chita Almeida Valencia,tcuadrado@example.net,2023-11-01,Gijon
1583,Jose Francisco Valera,krozas@example.com,2025-11-28,Bilbao 
1584,Gabriel Camino Bautista,julieta79@example.com,2023-06-05,Oviedo
1585,Leocadia Gascón,atrujillo@example.com,2024-11-23,Valladolid
1586,Mayte Mercader Romeu,castillabenita@example.com,2024-01-09,Cordoba
1587,Roxana Castellanos Peiró,bbarroso@example.com,2024-02-10,Gijon
1588,Cruz del Guillen,fabiana74@example.net,2024-01-09,Vitoria
1589,Octavia Ferreras Castejón,merche93@example.net,2024-10-11,Oviedo
1590,Santos de Torres,ualiaga@example.net,2025-08-23,Vigo
1591,Pili Colomer Montoya,angelamor@example.com,2024-10-22,Cordoba
1592,Anastasio Sancho-Porras,maximallorente@example.net,2023-06-06,Alicante
1593,Jordi Huerta Godoy,,2024-06-12,Vigo
1594,Ruben Llamas Montero,mmiralles@example.net,2023-08-08,Elche
1595,Íñigo Carreño,macarena03@example.net,2025-05-25,La Coruna
1596,Edelmiro Ruperto Peñalver Rocha,martijuan-carlos@example.org,2023-06-07,Vitoria
1597,Alberto Robles Bermúdez,adela27@example.net,2024-02-23,sevilla
1598,Manuel Saldaña Miralles,llanosxavier@example.com,2023-08-05,la coruna
1599,Jenny Elodia Cánovas Castells,ale10@example.com,2024-08-28,Valladolid
1600,Bibiana Miró Perez,roviraflavia@example.com,2024-03-09,Murcia
1601,María José Aramburu Luna,clarisa90@example.net,2023-03-03,Vigo
1602,Jose Ramón Bartolomé Bayo,evaristocalatayud@example.net,2023-06-29,Valladolid
1603,Arturo del Palau,ceferino65@example.org,2024-06-23,Granada
1604,Ana del Priego,carlotaborras@example.org,2024-05-06,Barcelona
1605,Rico Julián Gordillo,basilioamador@example.org,2024-12-05,badajoz
1606,Jose de Arnal,martaguerrero@example.org,2025-11-12,Bilbao
1607,Josué Montenegro Moraleda,bpriego@example.net,2025-04-19,Zaragoza
1608,Aitana Ribera Bayo,folchdolores@example.org,2023-08-17,Madrid
1609,Leandra Aguilar-Olmedo,pedroaraceli@example.org,2024-03-11,Alicante
1610,Julio Aguilera Lucena,cayetana58@example.com,2023-06-25,OVIEDO
1611,René Jaén,gustavo54@example.com,2023-05-11,Badajoz
1612,Jaime Alberto Salinas Vigil,lfuentes@example.org,2023-02-15,Badajoz
1613,Ramiro Fuster Folch,pepita39@example.com,2024-01-31,Granada
1614,Moisés Gras Iniesta,ariadnaalvarez@example.com,2023-01-14,Cordoba
1615,Tito Múgica Fábregas,upont@example.com,2024-05-16,Zaragoza
1616,María Cristina Dalmau Tur,ymachado@example.net,2025-07-28,Murcia
1617,Antonio de Abad,ayllonrocio@example.org,2025-11-03,Valladolid
1618,Evaristo Salgado Pizarro,cletobaeza@example.com,2023-08-24,Bilbao
1619,Héctor Peralta,losadasilvestre@example.net,2023-01-25,Gijon
1620,Vinicio Carretero Matas,,2023-05-12,Badajoz
1621,Valerio Tamayo Díaz,capdevilachema@example.net,2023-09-15,BILBAO
1622,Nélida Llano-León,tenabernardino@example.net,2025-01-28,La Coruna
1623,Anacleto Puga,candres@example.com,2024-04-19,Oviedo
1624,Haydée Díez Alcalde,barrosomaria-luisa@example.com,2025-02-17,valladolid
1625,Cintia Lastra Amador,salome33@example.net,2024-05-05,Alicante
1626,Moreno Arregui Rozas,tguardiola@example.net,2023-02-21,La Coruna
1627,Anunciación Pedrero Sastre,xcespedes@example.net,2025-09-15,La Coruna
1628,Luz de Montes,santos29@example.com,2024-02-12,Vitoria
1629,Raquel Manzano Coloma,xraya@example.com,2023-04-05,Malaga
1630,Venceslás Cervantes-Méndez,filomena77@example.net,2025-08-02,Vigo
1631,Victor Arnau Nuñez,elenanoguera@example.net,2024-11-24,Malaga
1632,Teodoro Chaparro Fuster,abilbao@example.org,2025-12-21,Zaragoza
1633,Alondra de Acosta,carmelita23@example.net,2025-02-16,Oviedo
1634,Laura Caro Morell,,2025-06-17,La Coruna
1635,Luis del Raya,gonzalezfelicidad@example.net,2024-05-12,Malaga
1636,Pepito Abascal,,2025-01-31,Oviedo
1637,Dionisio René Ramis Mateo,camilabarcena@example.org,2023-01-26,Barcelona
1638,Eusebio Carrillo Galan,pastorabellido@example.org,2023-10-05,Elche
1639,Héctor Pallarès Quintana,marinolegario@example.com,2024-02-15,Barcelona
1640,Iker Martín Tejera Arnaiz,fangulo@example.com,2024-01-21,Valencia
1641,Pancho Sáenz-Pla,rocamorajennifer@example.net,2024-11-10,Barcelona
1642,Noa Trujillo Amores,farias@example.org,2024-06-04,Madrid
1643,Araceli de Higueras,sanzreynaldo@example.net,2024-01-05,Granada
1644,José Alexandra Moraleda Menendez,ngascon@example.com,2023-04-15,Zaragoza
1645,Manu Anaya Velasco,gbayon@example.org,2024-05-22,Bilbao
1646,Gala Atienza-Isern,villanuevaamor@example.org,2025-09-15,Valencia 
1647,Teófilo Ceferino Ariño Manrique,teodosio12@example.org,2023-08-07,Zaragoza
1648,Diana Adán Ponce,maria-teresapenas@example.org,2023-11-28,Madrid
1649,Francisco del Granados,gcarmona@example.org,2023-06-02,Murcia
1650,Marcela Aitana Ríos Valderrama,narcisa60@example.net,2024-07-29,elche
1651,Mercedes Camino Riquelme,raragones@example.com,2024-09-02,Vitoria
1652,Anabel Bas Bonet,,2024-07-09,Vigo
1653,Wilfredo de Carrillo,cacereschema@example.net,2023-07-24,Barcelona
1654,Jacinto Perea,ale12@example.net,2024-03-28,Cartagena
1655,Almudena de Francisco,marcelocanas@example.net,2025-02-07,Cartagena
1656,Gilberto Barreda Viana,capdevilabeatriz@example.net,2023-10-19,La Coruna
1657,Adelia Mateos,miguelhervas@example.com,2025-05-28,La Coruna
1658,Natanael Taboada,,2023-07-08,Madrid
1659,Melisa de Coll,rosaviana@example.org,2025-08-01,Madrid
1660,Jorge Vilanova Belmonte,jose-manuelreyes@example.net,2024-02-01,Oviedo
1661,Severiano del Ramos,rosalesaristides@example.com,2025-05-05,Oviedo 
1662,Clemente Pereira Portillo,vgomila@example.org,2024-06-09,Granada
1663,Vilma Ramos,jose-antoniovazquez@example.com,2024-06-28,Madrid
1664,Inocencio Anguita Rincón,blazquezjulie@example.org,2025-04-27,Madrid
1665,Gil Lobato Pozuelo,abril54@example.net,2024-10-25,Elche
1666,Teófilo Joel Vidal Torrent,ecervantes@example.com,2023-04-10,Alicante
1667,Fabiana Villanueva Barros,,2024-10-13,Oviedo
1668,Faustino del Heras,pablomedina@example.org,2025-06-24,Cordoba
1669,Nicolasa Reina,juan-luis96@example.net,2024-12-23,Madrid
1670,Vilma Roberta Chaparro Marquez,,2024-08-17,Elche
1671,Clara Sevillano Viña,desideriomanuel@example.net,2023-09-28,Granada
1672,Rosa Melisa Navas España,pperera@example.com,2024-06-14,Malaga
1673,Loreto Segovia-Noguera,jose-manuelbello@example.com,2023-05-17,Sevilla
1674,Ruth Pozuelo Acero,fabregatoctavia@example.com,2025-10-13,Sevilla
1675,Malena Lluch Vicente,,2025-12-11,Elche
1676,Martirio Campoy Tamayo,upombo@example.org,2023-06-03,Zaragoza
1677,Gerardo Ballester Armengol,lobatocandido@example.net,2024-08-09,Bilbao
1678,Ruben Báez Rocha,anibalbarreda@example.org,2023-05-03,Murcia
1679,Pacífica Eliana Luís Ropero,jeronimogimenez@example.net,2024-10-23,Cartagena
1680,Leoncio Otero-Guzmán,alonsomoliner@example.org,2023-07-08,Elche
1681,Clara Alemany Cueto,lermanydia@example.com,2023-05-17,Alicante
1682,Telmo del Giner,angeldaza@example.org,2025-10-02,Vigo
1683,Balduino Acero-Haro,trinidad99@example.com,2024-05-03,Alicante
1684,Aureliano de Real,jsalas@example.net,2025-08-31,Gijon
1685,Pili Fortunata Alvarado Llabrés,socorrotur@example.com,2025-05-15,Valencia
1686,Fabiana Montserrat,,2024-03-01,Vigo
1687,María Dolores Fuertes Peralta,julianaberenguer@example.net,2025-07-06,Gijon
1688,Carla Quintero Galan,mauricioosuna@example.com,2023-10-28,Vitoria
1689,Vinicio David Pino Soria,,2023-03-12,Badajoz
1690,Guiomar Ochoa Palomares,falmagro@example.com,2025-03-04,Bilbao
1691,Anunciación Ruiz Jara,,2024-06-08,Bilbao
1692,Damián Villar Ferrán,pizarropanfilo@example.org,2025-04-13,Cordoba
1693,Paulino Cuenca Bru,ibanezcebrian@example.net,2025-10-18,Valencia
1694,Brígida Marcos Cifuentes,llopez@example.org,2024-03-24,Barcelona
1695,Juan Bautista Batlle Guardiola,azorinconstanza@example.net,2025-05-08,Valencia
1696,Ernesto Sosa Rocha,,2024-10-22,Gijon
1697,Anastasio Cadenas Leon,bibianacasanova@example.com,2024-08-29,Gijon
1698,Paloma Escamilla Corominas,jose-luisaguirre@example.com,2025-07-26,gijon
1699,José María Almansa-Valle,pradaelpidio@example.org,2023-02-22,OVIEDO
1700,Teo Catalán Herranz,consuela47@example.org,2024-05-13,La Coruna
1701,Pepe Hurtado Cáceres,bautistarene@example.org,2023-01-01,Barcelona
1702,Lucía Trillo Prat,dzapata@example.net,2025-10-30,Madrid
1703,Roberta Quirós Iglesias,gdiaz@example.com,2023-05-19,Malaga
1704,Cristian Beltrán Pedrero,david96@example.com,2024-02-17,Valencia
1705,Aitana Miranda Torrens,maricelaalcazar@example.org,2024-04-22,La Coruna
1706,Jafet Chaves Matas,jhidalgo@example.org,2025-09-13,Granada
1707,Dolores Torrecilla Pujol,xsola@example.org,2024-05-22,Valladolid
1708,Amaya Higueras Coello,marquesreinaldo@example.org,2024-01-20,Badajoz
1709,Victoria Rosselló Bermejo,pedro88@example.com,2023-02-14,Sevilla
1710,Anabel Ortuño Muñoz,martinvelazquez@example.org,2023-01-13,Elche
1711,Camilo Lerma Barreda,vergaraisaias@example.net,2024-07-25,Barcelona
1712,Jacobo Quintanilla Múñiz,noliver@example.com,2023-11-09,Bilbao
1713,Salvador Villanueva Casal,btorrent@example.net,2023-02-09,Murcia
1714,Pastora de Corral,qmurillo@example.net,2024-04-27,Badajoz
1715,Calixto Cisneros-Ferrándiz,planaleoncio@example.com,2023-08-30,La Coruna
1716,Evaristo Albero Cañas,,2025-05-26,Alicante
1717,Ignacio Jara Galvez,batallafernando@example.org,2023-10-18,Barcelona
1718,Roberta Batalla Gilabert,rdaza@example.com,2023-05-06,Valencia 
1719,Ruperta Noriega Perales,kjorda@example.net,2024-08-23,Alicante
1720,Melania Morera Zurita,guadalupevina@example.net,2023-11-02,Oviedo
1721,Reyes Viviana Higueras Gonzalo,rouraalmudena@example.com,2023-12-26,BADAJOZ
1722,Emperatriz Valenzuela,laznar@example.com,2025-05-28,Barcelona
1723,Balduino Colomer-Godoy,silviaibarra@example.com,2025-09-19,Malaga
1724,Paco Vega Parejo,apulido@example.net,2023-12-30,Valladolid
1725,Domingo Cámara Teruel,mirangeles@example.org,2024-04-22,Madrid
1726,Calista Ribas Sáenz,mugicaraimundo@example.org,2023-12-04,Murcia
1727,Vanesa Téllez Prieto,santiagoropero@example.org,2023-11-10,Badajoz
1728,Rosaura Caridad Navarrete Cuervo,dorita61@example.org,2023-03-31,Zaragoza
1729,Carlito Romero Ugarte,cornejoaurelio@example.org,2024-05-31,Gijon
1730,Bonifacio Manuel Pedraza,griselda91@example.org,2023-07-01,Valencia 
1731,Fito Aureliano Arias Blanca,abadpaca@example.org,2025-05-15,Cordoba
1732,Sandra Trujillo Campos,dorita49@example.net,2023-03-20,Malaga
1733,Elodia Bernardita Bas Sevilla,fausto81@example.com,2024-10-26,Badajoz
1734,Alcides Haroldo Nevado Cánovas,wsantamaria@example.net,2023-12-02,Bilbao
1735,Hortensia Gutierrez Mendoza,,2025-02-09,Badajoz
1736,Aníbal Barral Carranza,candidosanchez@example.org,2023-06-13,Gijon
1737,Epifanio Méndez Montero,linatirado@example.com,2024-03-25,Oviedo
1738,Pastora del Gallego,xaragon@example.org,2024-03-04,Valladolid
1739,Ana Sofía Avilés Angulo,roque27@example.com,2024-12-22,Gijon
1740,Rita Morales Sancho,olallamorillo@example.net,2025-11-25,Zaragoza
1741,Mónica Miranda Espejo,cordobajosue@example.com,2023-04-13,Valencia 
1742,Brunilda Arnal Checa,armidavalbuena@example.com,2025-09-21,Elche
1743,Horacio Arenas Agullo,leonor59@example.com,2024-01-05,Vigo
1744,Jose Antonio Vallejo Franch,eusebiomarquez@example.net,2024-12-22,Barcelona
1745,Eli Portillo,trinidadariza@example.com,2025-11-22,Sevilla
1746,Maite Manrique-Sastre,luisnazaret@example.org,2024-03-22,Granada
1747,Jordi Rincón Silva,aguedamiro@example.net,2023-09-02,Bilbao
1748,Eutimio Arias-Grande,ruperto40@example.net,2023-09-09,Valencia
1749,Segismundo del Haro,babril@example.org,2025-11-16,Valladolid 
1750,Julio Riera-Alegre,maria-jose90@example.com,2025-12-19,Cartagena
1751,Juanito Madrigal,guitartangela@example.com,2024-09-06,Cartagena
1752,Carmen Fonseca Alcaraz,vbernal@example.net,2023-09-27,Cartagena
1753,Ainara Cabezas Castilla,fortunato44@example.com,2023-06-27,Gijon
1754,Clara Céspedes Pardo,malomartin@example.net,2025-01-27,Valladolid
1755,Antonio Cortés Carrión,,2025-11-23,Madrid
1756,Roberto Sanmiguel Nebot,vallmaria-dolores@example.net,2024-05-24,alicante
1757,Jose Angel Lobo Blanco,modesta15@example.org,2024-03-01,Vitoria
1758,Leandro Ibáñez,boixbernardino@example.org,2023-06-09,La Coruna 
1759,Juan Carlos Ferrera Tejero,amor56@example.com,2023-04-24,Bilbao
1760,Renata Quevedo,florenciofalcon@example.net,2024-11-29,Vigo
1761,Piedad Bautista-González,yseco@example.com,2024-12-05,Oviedo
1762,Vinicio Arnaiz,santamariagodofredo@example.org,2024-09-17,Gijon
1763,Nazaret Perales Nevado,uaguilera@example.com,2023-04-04,Granada 
1764,Manuel Viñas Carnero,ainaraurrutia@example.net,2025-12-27,Malaga
1765,Azeneth Antúnez Molins,mateoroig@example.com,2023-02-12,Badajoz
1766,Amaro Marín Cerro,olalla62@example.com,2024-01-08,Gijon
1767,Angelita Pascual Benavides,vmendez@example.com,2024-03-21,Valencia
1768,Erasmo Mosquera Esteban,cervantesbeatriz@example.net,2024-10-19,Cartagena
1769,Gerardo Carballo Bustamante,maria-jesus55@example.org,2023-07-20,Cordoba
1770,Lupe Bermúdez,augustolloret@example.com,2025-07-11,Bilbao
1771,Priscila de Martinez,cornelio60@example.com,2025-10-04,Valencia 
1772,Araceli Mínguez Leon,cerrobruno@example.org,2025-11-06,Valencia
1773,Adela Campillo-Tapia,,2024-03-20,alicante
1774,Eligio Cuenca Huguet,munizflorentino@example.org,2024-12-11,Zaragoza
1775,Odalis Calleja-Alegria,ugil@example.net,2023-05-19,Gijon
1776,Dafne Raya,zabalasara@example.com,2024-09-24,Zaragoza
1777,Jose Manuel Gárate,roperohector@example.net,2024-12-31,Gijon
1778,Seve Álamo,,2024-03-27,Valladolid
1779,Elvira Leon-Ibañez,riverajose-mari@example.net,2024-10-25,Vigo
1780,Baudelio Ramirez Feijoo,jessica29@example.org,2025-06-11,Sevilla
1781,Azeneth Ibarra-Cazorla,gualjosep@example.net,2023-02-21,Valencia
1782,Octavio Prat Cañas,leonelcapdevila@example.net,2023-01-04,Madrid
1783,Plinio Cano,reyescustodio@example.com,2023-08-15,Cordoba
1784,Candelario Casal Peinado,segismundo68@example.net,2023-10-29,Vitoria
1785,Timoteo Coello,roqueosuna@example.org,2025-08-11,Vigo
1786,Jose Ignacio del Llanos,qaviles@example.org,2024-04-19,Alicante
1787,Américo Barreda Segarra,herminio61@example.com,2023-06-04,Sevilla
1788,Chus Rojas-Alcalá,eavila@example.net,2024-05-13,Zaragoza
1789,Modesto Dani Sancho Font,primitiva76@example.com,2023-06-25,Valencia
1790,Isidoro de Alemany,filomenatorre@example.com,2023-08-28,Malaga
1791,Liliana de Canals,lorena58@example.com,2025-01-26,Granada
1792,Tomás Villalonga-Menéndez,ealmagro@example.net,2025-11-15,Vitoria
1793,Dionisio Luna Iniesta,maritaespana@example.net,2024-06-28,Oviedo
1794,Abril Company,moranmaria-jesus@example.net,2025-04-23,Oviedo
1795,Margarita Nogueira Abella,,2025-03-13,Elche
1796,Dionisia Llabrés Flores,gpalacios@example.com,2024-06-01,Granada
1797,Victor Hierro,artemio55@example.com,2025-04-11,Sevilla
1798,Eva del Goñi,salegre@example.org,2023-04-24,Madrid
1799,David Reig Arranz,adeliarevilla@example.net,2025-12-27,Valencia
1800,Aurelio Sainz Cerdá,malenagarmendia@example.org,2024-02-11,Vigo
1801,Eduardo Alberdi Rebollo,lozanofernanda@example.net,2025-09-02,Oviedo 
1802,Arturo Niño,emmacarrera@example.org,2025-06-01,Valencia
1803,Lupe Piedad Hernando Arregui,,2024-12-21,Cartagena
1804,Tadeo Tovar Gascón,gmuro@example.org,2024-07-06,Cartagena
1805,Óscar del Abad,,2024-09-01,Valladolid
1806,Albert Cabanillas Almazán,guadalupe22@example.org,2025-03-19,Gijon
1807,Clímaco Gallart Figueroa,manoloserna@example.org,2024-12-26,Madrid
1808,Martin de Angulo,fuentequique@example.net,2025-04-09,Cordoba
1809,Silvestre Olegario Rosales Correa,cuencaainoa@example.com,2023-01-09,Granada
1810,Alexandra Díez Rivera,blazquezmaria-cristina@example.org,2023-08-21,Gijon
1811,Hipólito Camps Royo,,2025-02-21,Valencia
1812,Verónica del Santamaría,patriciagarriga@example.com,2024-04-10,Oviedo
1813,Socorro Rosalina Salgado Lorenzo,,2025-05-24,Bilbao
1814,Clímaco Ramis Marqués,fsola@example.net,2023-05-07,Badajoz
1815,Virgilio Balaguer Gras,telloruperto@example.net,2024-09-28,Elche
1816,Amando Villaverde Escolano,nereacases@example.org,2025-09-22,Malaga
1817,Tecla Benavent,barbarablanes@example.com,2024-07-29,Gijon
1818,Efraín Julián Márquez,,2024-04-13,Malaga
1819,Buenaventura Giménez,villaverdeeusebio@example.net,2024-04-29,Zaragoza
1820,Palmira Bernat Montserrat,rcozar@example.com,2025-12-24,Alicante
1821,Ale Aparicio Alberdi,,2023-02-03,cordoba
1822,Caridad Bertrán Blanch,aliciacabello@example.com,2025-05-08,Alicante
1823,Miriam del Barceló,condepatricio@example.com,2024-02-20,la coruna
1824,Régulo Varela Manjón,juan-carlos21@example.net,2025-06-09,Zaragoza
1825,Nayara Maricruz Tapia Madrigal,xyuste@example.org,2023-06-15,Valencia
1826,Josué María Arnal Miralles,csomoza@example.net,2024-04-21,Malaga
1827,Alfredo Avilés Acedo,soraya36@example.com,2024-11-28,Granada
1828,Gerardo Villalobos Llopis,sandaliopina@example.net,2023-05-15,Alicante
1829,Brígida Leon Vidal,modestopeiro@example.net,2023-02-23,Granada
1830,Segismundo Che Perez Arnaiz,sorianobalduino@example.com,2023-08-16,Cordoba
1831,María Cristina Seguí Padilla,zaragozagil@example.org,2023-03-12,La Coruna
1832,Salvador Arévalo-Carvajal,hiriarte@example.org,2025-09-02,Valencia 
1833,Pepita Adadia,eufemia42@example.net,2025-11-05,VIGO
1834,Vanesa Ibarra Villalobos,reyesexposito@example.net,2024-12-10,Alicante
1835,Edelmira Herrera Cortina,cidjosefina@example.com,2024-11-09,Bilbao
1836,Primitivo Che Vélez Meléndez,kmartorell@example.org,2023-09-24,La Coruna
1837,Prudencia Castrillo Pedrosa,ggargallo@example.com,2025-11-19,Cartagena
1838,Ariel Sevilla-Armas,,2023-06-21,Cartagena 
1839,Prudencia Manso Arnal,samuelgrande@example.net,2025-01-10,Murcia
1840,Macaria Estévez Marin,rosendaalvarado@example.net,2023-04-03,Vitoria
1841,Encarnita Reina Losada,armida98@example.net,2025-10-01,Sevilla
1842,Rolando Gonzalez Canales,jose-antonio88@example.net,2023-07-15,Zaragoza 
1843,Fito Cañete-Solana,nietoanselmo@example.com,2025-01-22,Cordoba
1844,Teodosio Manuel Haro,yesicagarzon@example.org,2025-11-28,Madrid
1845,Charo Zorrilla Jiménez,sol16@example.net,2023-09-01,Gijon
1846,Samuel Calatayud Bosch,sanzbegona@example.com,2025-03-01,Valladolid
1847,Lalo Asensio Fiol,doritabravo@example.net,2025-01-13,Cartagena
1848,Concepción Cañizares Quirós,jaime06@example.org,2025-03-03,Gijon
1849,Ángel Vazquez Valdés,roque17@example.net,2025-07-29,Valladolid
1850,Pacífica de Alarcón,horacioamor@example.org,2024-10-04,Vitoria
1851,Reyes Ribera Caparrós,pilarzabaleta@example.org,2023-09-25,Valladolid
1852,Eva Sureda Valencia,luisina49@example.org,2025-11-18,Granada
1853,África Acero García,npedro@example.com,2023-05-27,Cartagena
1854,Antonio Merino Belda,,2023-11-11,Zaragoza
1855,Emelina de Guardia,vtejada@example.org,2024-10-04,Cordoba
1856,Charo Donaire Criado,elviravega@example.org,2023-03-22,Valladolid
1857,Eli Naranjo Nebot,fbenitez@example.com,2025-10-20,Cartagena
1858,Berto Juan Bautista Ramón Arnau,eva-maria05@example.org,2024-06-23,Murcia
1859,Inés Rozas Arteaga,carneromargarita@example.org,2024-04-12,La Coruna 
1860,Alfonso Ferrando Baquero,,2025-08-27,Valladolid
1861,Sebastian Amores Pomares,isidorasarmiento@example.org,2023-12-18,Malaga
1862,Aureliano Echevarría,,2023-02-27,Gijon
1863,Liliana Español Rubio,torralbaeugenia@example.com,2024-04-10,Valladolid
1864,Milagros de Galvez,,2023-11-30,Cordoba
1865,Adela del Ferrera,marc37@example.net,2025-09-27,la coruna
1866,Bernarda Ramón,garayjoaquin@example.net,2024-02-15,Badajoz
1867,Amando Calatayud Pellicer,maleman@example.org,2024-07-10,Bilbao
1868,Marisa Barón-Mancebo,consuela20@example.net,2025-12-26,Valladolid
1869,Lupe Daza-Quintana,xpena@example.net,2023-11-21,Gijon
1870,Miguela del Borrás,espiridion85@example.net,2024-02-25,Alicante
1871,Diana Collado-Murillo,mariscalalfonso@example.net,2025-08-30,Gijon
1872,María Pilar Ferreras-Díez,candidoesteban@example.org,2023-11-19,Vigo
1873,Román Ropero Quintero,rayaesther@example.net,2023-01-26,sevilla
1874,Juana de Puig,sebastianmaria-cristina@example.com,2025-12-01,Badajoz
1875,Miguel Ángel Salamanca Dávila,martingracia@example.net,2024-10-26,Murcia
1876,Nazaret Pardo Hervás,,2025-06-26,Badajoz
1877,Griselda Carranza Cisneros,bnoguera@example.net,2025-05-31,Oviedo
1878,Hermenegildo Palmer Collado,flarranaga@example.net,2024-02-24,MALAGA
1879,Fabiola Ramírez Beltran,albinotirado@example.com,2023-04-18,OVIEDO
1880,Rodolfo Falcón Álvaro,,2025-07-13,Madrid
1881,Heraclio Company-Hernandez,remedios84@example.net,2025-09-12,Vitoria
1882,Sigfrido Córdoba Tejera,abelagudo@example.net,2025-07-23,Murcia
1883,María Carmen Portillo Porras,ballesterosdemetrio@example.com,2024-07-06,Vitoria
1884,Apolinar Ferrando Nadal,asensioblas@example.com,2024-08-01,Cordoba
1885,Miriam Eligia Bernat Marcos,montoyabaltasar@example.com,2024-03-22,Valencia
1886,Tomás Vélez Ferrández,oreina@example.org,2023-02-25,Granada
1887,Constanza Losada León,valbuenavalero@example.com,2024-10-18,La Coruna
1888,Candelas Barragán Sanchez,lucilaquintana@example.com,2025-01-05,Zaragoza
1889,Bernardita Fabiola Aliaga Briones,ysanchez@example.org,2025-12-12,Cordoba
1890,Odalis Batlle-Lago,puertaazucena@example.net,2024-08-07,BILBAO
1891,Cleto Fiol Franco,fguerra@example.org,2025-11-11,Alicante
1892,Felisa Donoso Francisco,,2024-08-19,Zaragoza
1893,Jesús Alarcón Fuentes,irenecal@example.org,2024-10-22,Granada
1894,Goyo Capdevila Gilabert,ggarate@example.net,2023-12-15,Gijon
1895,Leocadia Ochoa Peñalver,falconisaias@example.com,2023-03-23,Valencia
1896,Emiliana del Lamas,domingorosaura@example.net,2023-12-21,Vitoria
1897,Toni Priego Mariscal,busquetstomas@example.com,2023-11-09,cartagena
1898,Diego Sans Fuentes,paz16@example.com,2024-08-08,La Coruna
1899,Víctor Sierra Valero,yolandaestevez@example.org,2023-01-16,Badajoz
1900,Miguel Briones Tur,cristianferrer@example.com,2024-07-23,Gijon
1901,Carlota Nieto Tur,wguillen@example.com,2025-08-07,Oviedo
1902,Ulises de Cardona,candelariamontalban@example.com,2023-02-01,Elche
1903,Luciano del Alsina,,2025-10-13,Granada
1904,Javi Tejera Barriga,pvalderrama@example.com,2024-07-22,Oviedo 
1905,Tito Alcántara Patiño,,2023-04-03,Barcelona
1906,Cipriano Goicoechea Olmedo,ileana21@example.com,2025-01-13,Vigo
1907,Adoración Naranjo Salvà,landasandalio@example.net,2023-06-14,Oviedo
1908,Juan Carlos Dávila Belmonte,naciopuga@example.com,2025-04-07,Cartagena
1909,León Ledesma Gutierrez,ymalo@example.net,2025-08-09,valencia
1910,Bernardino Arellano Muro,grasgloria@example.net,2024-04-19,Sevilla
1911,Otilia Nydia Iglesia Vera,,2024-01-06,Bilbao
1912,Loida Manola Batalla Blasco,ovidio78@example.net,2024-05-16,Vigo
1913,Ovidio Sainz Bravo,agueda23@example.net,2024-03-16,Malaga
1914,Judith Ferrández Estévez,sansleonardo@example.com,2025-05-05,Cartagena
1915,Ana Belén Pacífica Serra Uría,iplanas@example.org,2025-07-28,Barcelona
1916,Zoraida Rubio-Vega,icorrea@example.com,2024-07-19,Badajoz
1917,Jose Manuel Arenas,isa80@example.com,2024-12-06,Gijon
1918,Gerónimo de Leon,palomomarisol@example.com,2024-02-22,Valladolid
1919,Eusebia Noelia Saura Arenas,casanovasflorencio@example.com,2025-09-13,Granada
1920,Roque Noriega Perera,jose28@example.com,2024-05-19,Sevilla
1921,Chelo Checa Osorio,gilberto32@example.net,2024-08-06,Madrid
1922,Soraya Leon-Posada,roxanaferreras@example.net,2025-11-18,Sevilla
1923,Aroa Nieto-Quirós,juan-bautistabernal@example.net,2025-01-15,Alicante
1924,Cayetana Nebot Tomas,xiomaranunez@example.com,2023-07-03,Bilbao
1925,Carlota Quintanilla-Giralt,olegarioavila@example.net,2025-05-06,Elche
1926,Aroa Godoy Vargas,posadarafael@example.com,2023-01-29,Elche
1927,Lorenza Jódar Pomares,alcides95@example.com,2025-04-27,Oviedo
1928,Seve Eladio Gomez Aguilera,marianocarretero@example.net,2025-09-06,Badajoz
1929,Angelita Carbajo-Teruel,dcozar@example.org,2024-07-25,Badajoz
1930,Marisa Guzman Leon,boixpili@example.com,2023-08-19,Bilbao
1931,Arsenio Fermín Marin Santiago,morillopastora@example.com,2023-08-10,Vitoria 
1932,Pánfilo Durán,estefania36@example.com,2025-03-08,Vigo
1933,Ariadna Gárate,,2023-01-18,gijon
1934,Débora Soraya Conde Canales,maria-luisa10@example.com,2023-07-14,VITORIA
1935,María Manuela Ángel Carro,mbarrena@example.net,2025-07-04,Badajoz 
1936,Adelaida Llabrés Paniagua,joelvilar@example.net,2024-09-03,Elche
1937,Gracia Cánovas Cerro,cecilia66@example.org,2025-11-13,Zaragoza
1938,Lilia Ribes-Sandoval,tlosa@example.org,2023-06-01,Vigo
1939,Lina Navas Losa,luz96@example.com,2025-05-23,Madrid
1940,Rocío Maestre Enríquez,marcocarrera@example.org,2025-06-09,La Coruna 
1941,Eva Amigó Cerdán,arizaaristides@example.org,2025-05-28,Sevilla
1942,Micaela Gras Guerra,,2025-08-19,Cordoba
1943,Salomón Moreno Molins,galindoadelardo@example.com,2024-01-08,Granada
1944,Juan Carlos Frías Roig,isabelcabrera@example.com,2023-11-29,Valencia
1945,Luciana Piñol,jtrujillo@example.com,2025-11-21,Sevilla
1946,Héctor del Sainz,fernanda62@example.net,2023-01-07,Zaragoza
1947,Soraya Villalba Diez,lucio31@example.net,2023-08-28,Vigo
1948,Paulino Camacho Cañellas,piedadbarros@example.org,2023-08-08,Cordoba
1949,Valentín Aguilar Mayol,barralrene@example.net,2023-01-09,Valladolid
1950,Juan Bautista Hierro Ribes,,2024-08-28,Vitoria
1951,Aitana Dalmau Soto,tvillena@example.org,2024-12-30,Murcia
1952,Rubén Escrivá Olmo,usimo@example.com,2025-03-29,Elche 
1953,Mar Larrañaga Tomás,reynaldocortes@example.net,2025-10-29,La Coruna
1954,Bibiana Bosch Vicente,qpineiro@example.net,2023-09-22,Vigo
1955,Gustavo Baena Espada,pcarrillo@example.com,2023-07-12,La Coruna
1956,Noelia Garrido Fiol,kgaya@example.net,2024-09-30,Sevilla
1957,Silvio Andres Moreno,francisco-josecortina@example.net,2025-11-12,vitoria
1958,Clotilde Perla Requena Donoso,roldannerea@example.com,2024-12-21,Vitoria
1959,Angelita Mateo-Guzman,jordidiaz@example.com,2024-12-17,Valladolid
1960,Ruperto de Montero,juanito61@example.com,2025-03-05,Valencia
1961,Paz Ureña Gilabert,nuriapozuelo@example.com,2023-09-28,Cordoba
1962,Lucho Méndez Julián,crescencia79@example.net,2025-03-05,Barcelona
1963,Victoriano Salvador Ródenas,estevezconcepcion@example.org,2024-04-27,Sevilla
1964,Amaro Muñoz Hoz,faguila@example.net,2023-05-04,Madrid
1965,Olga Morillo Chacón,eladiocompany@example.org,2025-06-09,Valladolid
1966,Bonifacio Pastor Puerta,fabrafulgencio@example.org,2025-08-26,Sevilla
1967,Ricardo Torrijos-Solana,rolmedo@example.org,2025-01-29,Malaga
1968,Natividad Vilar Palau,jordiprado@example.org,2025-05-25,Bilbao
1969,Cosme Alemany Lobo,jonatan61@example.net,2025-07-26,Elche
1970,Estrella Canals-Seguí,oliverpetrona@example.org,2025-11-11,Malaga
1971,Ximena Bueno-Alsina,fernandadiego@example.net,2025-10-29,OVIEDO
1972,Narcisa Amador Bru,heliodoro74@example.net,2025-08-09,Malaga
1973,Celia Barberá,vivianaadadia@example.net,2024-03-31,Valladolid
1974,Anna Gallo Valero,cardonaespiridion@example.com,2023-02-23,Oviedo 
1975,Pío Cordero Carlos,faustocarranza@example.net,2025-10-09,Granada
1976,Guadalupe Soler Chaparro,cardonaeloisa@example.net,2025-01-08,Vitoria
1977,Basilio Piñeiro Quevedo,castillaxiomara@example.org,2023-02-15,Bilbao
1978,Palmira Alejandra Salom Cerdán,gisela87@example.org,2023-08-05,Gijon
1979,Piedad Pastora Gargallo Arco,concha36@example.com,2024-01-05,Malaga
1980,Adora de Sarabia,maxi81@example.org,2025-04-17,Malaga
1981,Chus Aureliano Bosch Luís,prateufemia@example.net,2023-06-04,Granada
1982,Teodora Aguirre Morera,eutimiomadrid@example.com,2023-05-22,Gijon
1983,Charo Pedraza-Olmo,zbatalla@example.net,2025-03-17,Madrid
1984,Samuel Garmendia Ojeda,melaniavalderrama@example.org,2025-04-30,Cartagena
1985,Javi de Cifuentes,,2023-12-24,Murcia
1986,Gala Melero Castillo,raquelamores@example.com,2025-10-28,Vitoria
1987,Albert Chico Tirado,rocamoraduilio@example.com,2024-11-04,Badajoz
1988,Cristina Uría Lobo,delgadoelena@example.net,2023-03-09,Granada
1989,Ildefonso Rojas Alonso,igracia@example.org,2025-07-31,Gijon
1990,Mirta Campo,miguel42@example.net,2024-11-23,Madrid
1991,Dan Machado Antúnez,benignocasanovas@example.org,2024-11-06,Murcia
1992,Leonor Sanmiguel Pedrosa,,2024-02-11,Murcia
1993,Nicolasa Oliveras-Peral,teodoro23@example.com,2024-06-09,Alicante
1994,Bruno Iglesias Serrano,hacedo@example.org,2024-08-31,Valencia
1995,Sabas Vilar Casado,galanamando@example.net,2025-05-18,Badajoz
1996,Crescencia de Sancho,wllorente@example.org,2024-06-19,Sevilla
1997,Lorena Arnau Alberto,,2023-06-12,Oviedo
1998,Toño Campoy Noriega,,2024-07-11,Malaga
1999,Jennifer Cal Hoz,sevillaleticia@example.org,2023-12-31,Vigo
2000,Santos Maestre Paniagua,amparo43@example.com,2023-07-11,Valladolid
2001,Albano Alemany,wespada@example.net,2025-07-30,Murcia
2002,Itziar Rojas Román,anabel03@example.org,2024-09-07,Vitoria
2003,Chita Fonseca Quevedo,pacificasabater@example.com,2025-07-07,Sevilla
2004,Isa Comas Bermúdez,delfina18@example.org,2025-06-29,Alicante
2005,Agustina Antón Barceló,samuel66@example.org,2023-12-07,La Coruna
2006,Maura Amaya Bauzà,ayusovictoriano@example.net,2024-06-16,Elche
2007,Beatriz Iniesta Arcos,jaureguidelfina@example.org,2024-08-19,Valladolid
2008,Anabel del Acero,josep15@example.org,2023-02-16,Cartagena
2009,María Fernanda Leyre Arellano Martorell,yprat@example.net,2024-08-02,Gijon
2010,Micaela Goicoechea Bas,abigailsaavedra@example.net,2023-05-12,Cartagena
2011,Francisca Marco Calatayud,gpina@example.org,2023-08-26,Gijon
2012,Amador Jose Carlos Tena Larrea,joandavila@example.com,2024-04-23,Badajoz
2013,Rafa Villalba,dafne91@example.net,2024-05-03,Sevilla
2014,Anastasio Laguna Dalmau,bchaparro@example.org,2024-05-27,vigo
2015,Jimena Duarte,borrellsegismundo@example.org,2025-07-10,Vigo
2016,Maxi Jover Bustamante,gutierrezrafael@example.net,2025-02-08,Vitoria
2017,Marianela Loida Vargas Sanabria,teofilacaparros@example.org,2025-12-05,Cartagena
2018,Pío Vara Manjón,bejaranocarina@example.com,2025-09-07,Malaga
2019,Juanito Bruno Cuevas Carreño,hpalacio@example.net,2025-03-19,Cordoba
2020,Lucho del Vendrell,,2023-03-09,Cartagena
2021,Efraín Artigas Riquelme,emontero@example.net,2023-04-13,Badajoz
2022,Tadeo Fabregat Pinto,maridulce@example.com,2023-04-11,Valencia
2023,Cayetano Vicente Valero,maxima29@example.net,2024-04-09,Zaragoza
2024,Bárbara Sierra,qtejada@example.net,2023-02-24,Valladolid
2025,Macario Pacheco Grande,jordanveronica@example.org,2025-05-15,Sevilla
2026,Aurelia Pacheco Roldán,urrutiatrinidad@example.net,2024-12-04,Bilbao
2027,Jose Francisco Luz Gomez,loreto65@example.org,2025-05-03,Cordoba
2028,Marisa Puig Espada,felicidad09@example.com,2025-02-08,Sevilla
2029,Silvestre Marcos Peñalver Pla,lolalanda@example.net,2024-04-15,Malaga
2030,Jaime Vidal-Miguel,bertosaldana@example.org,2023-06-17,Vigo
2031,Aroa Polo Cisneros,pelayoherrero@example.net,2024-03-21,Zaragoza
2032,Magdalena de Abad,juan-pablopaez@example.net,2025-02-02,Elche
2033,Marino de Ruano,juanprats@example.com,2023-06-15,Gijon
2034,Isidora Bayo,nalonso@example.org,2023-04-08,Granada
2035,Custodio Carbajo Hurtado,gisela92@example.org,2025-02-22,Cartagena
2036,Demetrio Garcés Talavera,vabad@example.org,2025-12-11,Zaragoza
2037,Ángel Iñiguez Montesinos,pereznazaret@example.net,2023-01-25,Badajoz
2038,Geraldo Lopez Matas,qcoca@example.org,2024-11-06,Gijon
2039,Ester Angulo Ferrando,leocadio09@example.com,2024-03-16,Granada
2040,Joel Tomé Bas,juanajordan@example.net,2024-08-12,MALAGA
2041,Mayte de Acedo,jserrano@example.org,2023-04-17,La Coruna
2042,Ismael Lillo Riba,gonzaloprimitiva@example.com,2024-11-13,Oviedo
2043,Maura Peñas Landa,sibarra@example.net,2024-03-09,Malaga 
2044,Malena Isabela Mesa Velázquez,smiguel@example.org,2023-12-25,Oviedo
2045,Dorita Mir-Avilés,casanovaencarna@example.org,2025-03-02,Malaga
2046,Ambrosio Tejedor Paniagua,josefinapizarro@example.net,2023-02-18,La Coruna
2047,Andrés Felipe Sánchez Bermudez,obarrio@example.net,2024-08-12,Cordoba
2048,Roxana del Galan,pmiralles@example.com,2025-12-05,Zaragoza
2049,Aureliano Villa Juan,ramon90@example.com,2024-06-16,Malaga 
2050,Albano Mascaró Cerdán,bernarda94@example.org,2023-02-21,Valladolid 
2051,Florina Lledó Royo,avalencia@example.org,2023-12-25,Vitoria
2052,Dorotea Cáceres Alcaraz,maxi65@example.com,2025-04-08,Cartagena
2053,Lupita Andres Sanjuan,maria-jesus53@example.org,2025-05-06,Barcelona
2054,Albina Imelda Castrillo Herrera,,2025-07-25,Vigo 
2055,Rogelio Riquelme Navarro,baltasar16@example.net,2024-01-02,Madrid
2056,Fanny Crescencia Baeza Agullo,lcueto@example.org,2023-07-11,La Coruna
2057,Cipriano Rico Sans Roman,tsaez@example.com,2023-05-28,Zaragoza
2058,María José Bautista Portero,,2023-11-04,Murcia
2059,Arturo Perales Vaquero,bibiana86@example.org,2023-01-07,Gijon
2060,Adoración de Sánchez,tteruel@example.com,2025-12-22,Oviedo
2061,Clímaco Bernad Duran,vicente04@example.com,2023-05-28,Elche
2062,Rosa María Jódar Córdoba,jbenitez@example.net,2023-05-02,La Coruna
2063,Amando Frías Álvaro,jenaro75@example.org,2024-04-16,Granada
2064,Pastora Polo-Asensio,oordonez@example.org,2024-02-08,La Coruna
2065,José Ángel Díez-Menendez,duilioguerrero@example.net,2023-12-22,Granada
2066,Gerardo Ledesma-Arévalo,romanjose-manuel@example.com,2024-12-16,Vitoria 
2067,Máximo Joaquín Nevado Coello,ramonabenitez@example.org,2023-06-03,la coruna
2068,Carmelo Salvà,maria-luisa89@example.net,2025-03-12,Malaga
2069,Nilda Blazquez Sanmartín,wpuig@example.org,2023-09-24,Valencia
2070,Mohamed Miguel Ángel Delgado Tovar,americofeliu@example.net,2024-08-13,Badajoz
2071,Sebastián Beltran Taboada,lidia08@example.org,2025-05-28,Madrid
2072,Marcio Pombo Huerta,jaranando@example.net,2024-11-27,Bilbao
2073,Guadalupe Gras Morcillo,juanitogrande@example.com,2025-07-18,Cordoba
2074,Adolfo Alejandro Calleja Villa,prietovalero@example.com,2024-07-07,Barcelona
2075,Yolanda Bautista,lojeda@example.com,2023-10-06,Alicante
2076,Dorita Juárez Roma,gallooriana@example.net,2025-08-21,Bilbao
2077,Jordán Gelabert Sanjuan,alcantarafelisa@example.net,2024-12-14,Oviedo
2078,Dalila Casal Colom,gvalles@example.net,2023-10-07,Cordoba
2079,Paulina del Roig,soniabarrera@example.com,2025-12-24,Malaga
2080,Juliana Cañas Tello,lledoprimitiva@example.com,2025-01-16,Vitoria
2081,Godofredo Guerrero-Arce,piquerleocadia@example.com,2023-07-11,Badajoz
2082,Víctor Frías Gonzalo,hcanovas@example.org,2023-09-19,la coruna
2083,Carlos Capdevila Valero,pouzoraida@example.org,2025-10-31,Oviedo
2084,Clementina Duque-Villanueva,garayflorencio@example.org,2023-05-13,Elche
2085,Adrián Esteve Grau,tamaraabril@example.org,2023-03-11,Sevilla
2086,Gabriela Serra,hpino@example.org,2025-09-24,Badajoz
2087,Sol Terrón,acarro@example.net,2023-04-02,Sevilla
2088,Ciríaco Gilberto Pla Buendía,bernabe38@example.com,2025-10-14,Alicante
2089,Miguel Ángel de Vicens,tolosaleoncio@example.com,2025-05-08,Oviedo
2090,Miguela de Ferrero,martin69@example.com,2025-06-30,Vigo
2091,Ale Acevedo Fiol,sebastianpetrona@example.com,2025-09-30,Oviedo
2092,Gil Lorenzo Mur,erio@example.com,2023-01-22,Barcelona
2093,Isaías Roselló Porta,,2023-01-15,Vitoria
2094,África Peláez Martínez,boschjuliana@example.org,2025-12-17,Oviedo
2095,Sancho Salvador Morante,pujadasencarna@example.net,2023-10-22,Murcia
2096,José Alondra Yáñez Alcolea,maria-teresa83@example.com,2024-04-04,Granada
2097,Eugenio Chico,,2024-10-27,Sevilla
2098,Juan Luis Guillén Rosselló,suredabenigna@example.net,2024-12-24,bilbao
2099,Ricarda Belmonte Pascual,pelaeznieves@example.net,2024-04-14,Cordoba
2100,Jenny Berenguer Santos,salvarado@example.net,2023-09-17,Barcelona
2101,Armando Cazorla Rosado,walter89@example.net,2025-06-29,Vitoria
2102,Goyo Alcolea Mate,adanmaria@example.net,2024-02-08,Alicante
2103,Angelino Serra Paniagua,arcelia51@example.com,2024-06-17,Vigo
2104,Patricio Artemio Cervera Torrents,rogelio92@example.org,2023-04-16,Valencia
2105,Blanca del Briones,bcervera@example.com,2023-07-14,VITORIA
2106,Marcial Tejada Múñiz,sanchobalduino@example.net,2025-08-24,Sevilla
2107,Poncio Pazos-Larrea,cruzolivares@example.net,2023-11-18,Bilbao
2108,Serafina Arrieta Montaña,ivega@example.org,2025-07-15,Murcia
2109,Bernardino Pedraza Valdés,alemanmacarena@example.org,2023-03-11,Badajoz
2110,Constanza Nogués Redondo,balduino72@example.org,2025-06-25,Vigo
2111,Teo Soriano-Elías,,2025-08-28,Cartagena
2112,Abilio Barragán-Borrell,pvina@example.net,2023-07-20,Granada
2113,Plinio Santamaria-Hernandez,cerezosimon@example.org,2024-03-02,MALAGA
2114,Ángela del Aguado,dbastida@example.com,2025-10-30,Cartagena
2115,Artemio Carmona Peral,enriquezrafaela@example.com,2025-08-28,Zaragoza
2116,Saturnino Boix Miró,teofiloberrocal@example.net,2025-08-22,Murcia
2117,Corona Saez Baeza,,2024-05-21,Murcia
2118,Martina Mir Alcolea,tomasjose-maria@example.net,2025-06-28,Barcelona
2119,Valentín Varela Miguel,jovita43@example.net,2023-06-04,Badajoz
2120,Lourdes Solís-Reyes,rosaurarevilla@example.com,2023-05-25,VIGO
2121,Emilio Sureda-Carlos,,2024-07-18,Oviedo
2122,Jordi Francisco Mercader,garcesvaleria@example.net,2025-04-27,Alicante
2123,Efraín Márquez Arrieta,,2025-01-20,Cartagena
2124,Joaquín Martin Garcés,urbano48@example.org,2024-01-05,Oviedo
2125,Humberto Barrena Ramirez,caridad60@example.net,2024-04-15,Malaga
2126,Macario Gilabert,tatiana48@example.net,2023-08-02,Valladolid
2127,Chus Federico Goñi Piñeiro,santiago28@example.org,2023-12-29,Cordoba
2128,Jacinto Saldaña Lloret,pozueloplacido@example.com,2024-11-10,Cordoba 
2129,Ani Pascual Puerta,hernanespana@example.net,2025-06-22,Badajoz
2130,Alexandra Luz Mínguez Morata,arnauana@example.net,2025-02-06,Alicante
2131,Nazario Cal Guillen,blancocornelio@example.com,2025-05-03,elche
2132,Arcelia Aliaga Cisneros,noa47@example.net,2024-03-02,Sevilla
2133,Cesar Alvarez Ramis,zaira35@example.com,2025-02-04,Zaragoza
2134,Néstor Elorza Abascal,cepedagerman@example.com,2025-09-14,Granada
2135,Felipa Barranco-Alarcón,rosalinarios@example.net,2025-10-04,Barcelona
2136,Feliciano Cantero Navas,rosaliaespana@example.com,2025-11-25,Alicante
2137,Dora Sacristán-Nicolás,rioslorenzo@example.org,2025-11-13,Zaragoza
2138,Armida Salazar Feijoo,,2025-02-15,Zaragoza
2139,Nereida Paz-Anaya,griseldabastida@example.org,2023-01-11,Bilbao
2140,Elvira Garzón Mateu,frutosjenny@example.net,2023-05-10,Zaragoza
2141,Félix Cases-Angulo,tiburcioarroyo@example.net,2024-11-01,Valladolid
2142,Amílcar Andrés Felipe Marín Burgos,franciscanavarro@example.net,2024-11-06,Bilbao
2143,Leandro Palomar Oliva,virginiapereira@example.net,2024-09-13,Gijon
2144,Alonso Pardo Pons,aragonesbenigno@example.com,2025-11-22,La Coruna
2145,Maricruz Alberto-Aliaga,jromero@example.org,2023-03-22,Zaragoza
2146,Paca Saavedra Tejada,arsenio37@example.net,2023-10-20,Badajoz
2147,Pepito Gibert Ferrer,marino95@example.org,2023-01-23,Alicante
2148,Leandra Sedano Pi,,2023-08-27,Granada
2149,Saturnina Alba Beltran,ygarcia@example.com,2023-10-07,Gijon
2150,Catalina Macias Camacho,liniguez@example.net,2023-03-09,Vitoria
2151,Natalio Conde Gilabert,,2023-03-18,Valencia
2152,Lucho Ariño Robles,palaciojose-ignacio@example.org,2024-11-29,Valencia
2153,Manu del Vicens,jose-carlos02@example.org,2023-04-07,Gijon
2154,Isidora Gimeno Cerdán,lucenateresita@example.net,2024-01-02,Elche
2155,Eva María Sanmartín Morales,chuchodonoso@example.net,2025-03-18,Alicante 
2156,Esperanza Diez Prats,gualpia@example.org,2024-04-04,vigo
2157,Sabas Aguirre Cid,wpelayo@example.net,2023-07-24,Vitoria
2158,Jerónimo Sierra-Amat,abelsalgado@example.org,2023-04-10,La Coruna
2159,Soledad Cáceres Gonzalez,,2025-02-06,Valladolid
2160,Augusto Donoso Bauzà,victoria81@example.net,2024-09-19,Badajoz
2161,Paloma Acosta Paz,rouracurro@example.org,2024-07-05,Madrid
2162,Julio Pera,,2024-10-07,Valencia
2163,Mariana Silva Sosa,julianaburgos@example.com,2024-09-01,Vitoria
2164,Paulino Ayuso Nicolás,alejandragarzon@example.org,2024-08-23,Vigo
2165,María Fernanda Cortes Verdugo,zduque@example.net,2023-10-30,Valencia
2166,Toribio Amando Báez Vilaplana,florentinotapia@example.org,2023-01-02,Oviedo
2167,Leoncio García Mariño,eufemiagranados@example.org,2024-12-27,Gijon
2168,Amor Iniesta Borrego,leon74@example.net,2023-08-20,Murcia
2169,Óscar Zamorano Canals,roblesplacido@example.net,2024-10-22,Granada
2170,Pancho Agustín,magdalenaalberto@example.org,2023-02-09,Murcia
2171,Amador Lluch,isidorocastro@example.org,2025-02-24,La Coruna
2172,Felisa Castejón Calderón,,2025-09-11,Alicante
2173,José Bueno Rios,soraya06@example.com,2024-03-09,Valladolid
2174,Néstor Barceló Ocaña,patriciasacristan@example.com,2024-05-18,Cordoba
2175,Yaiza Báez Gomez,maria-jesusbelda@example.net,2023-01-26,Valladolid
2176,Marcelino Borrás Ricart,soriamarc@example.com,2025-08-06,Oviedo
2177,Tito Cuenca Gibert,andresjuan-jose@example.org,2025-07-11,Badajoz
2178,Samanta del Batlle,,2024-09-13,Zaragoza
2179,Benigno Rivas,galcala@example.org,2024-02-07,Badajoz
2180,Vicenta del Rios,wserna@example.org,2024-02-24,La Coruna
2181,Íngrid Coronado Blasco,xparedes@example.org,2023-11-29,valladolid
2182,Roque Rico Iñiguez Mas,sainztomas@example.com,2025-12-09,Barcelona
2183,Marciano Rogelio Fabregat Gomila,anunez@example.com,2024-12-10,Barcelona 
2184,Carina Santiago Falcó,raqueldomingo@example.com,2023-05-28,Sevilla
2185,Arsenio Marqués Collado,inocencio62@example.net,2024-01-12,Vitoria
2186,Obdulia del Larrea,cosmevilla@example.net,2024-11-28,Madrid
2187,Juanito Ureña Cabañas,,2025-03-04,Sevilla
2188,Nando Pinto Lago,herbertonevado@example.org,2025-08-30,Malaga
2189,Jeremías Ciro Pavón Barceló,bernardita33@example.org,2023-10-13,Vitoria
2190,Saturnino Arana,,2025-07-03,Vitoria
2191,Leticia Ramirez,pereiraloida@example.com,2024-02-10,Madrid
2192,Reyes Portero Leiva,ymuro@example.com,2024-03-15,Granada
2193,Poncio Narváez-Flores,jose65@example.net,2024-06-01,Murcia
2194,Haroldo Pomares-Valverde,bbartolome@example.org,2025-09-19,Zaragoza
2195,Aníbal Elorza Novoa,rafael08@example.net,2025-09-22,Cordoba
2196,Eva Medina-Verdejo,nogueragil@example.com,2024-10-15,malaga
2197,Roberta Pera Piquer,cmatas@example.org,2023-05-04,Alicante
2198,Adolfo del Llorente,josepedro@example.net,2024-10-06,Valencia
2199,Eliseo Escudero Plaza,maciasbaldomero@example.net,2025-11-11,Vigo
2200,Marisela de Huguet,severocarnero@example.com,2025-05-01,Alicante
2201,Custodio Plinio Barba Santamaría,qgimeno@example.com,2023-09-05,Valencia
2202,Albino Carro Valcárcel,zaira22@example.org,2023-03-29,Vigo
2203,Itziar de Lucas,faustino35@example.net,2023-11-03,Malaga
2204,Inocencio Vega Serna,juanito70@example.org,2024-06-28,Barcelona
2205,Trinidad Amaya Ángel,vnoguera@example.org,2023-09-01,Gijon
2206,Joaquina Santamaría Catalán,,2024-03-21,Cordoba
2207,Joaquín Acero,lopezvisitacion@example.org,2024-12-08,Bilbao
2208,Óscar Palau Corominas,bbarros@example.com,2023-12-23,Granada
2209,Mónica Arroyo,amayazoraida@example.org,2024-06-14,Valencia
2210,Pánfilo Castellanos Bastida,,2025-07-16,Sevilla
2211,Benito Roig,mascarojavi@example.net,2025-01-28,Madrid
2212,Rodrigo Gelabert Puig,urrutiafidel@example.org,2023-08-06,Murcia
2213,Gonzalo Oliva,leire28@example.com,2023-07-12,La Coruna 
2214,Marcelo Estrada Tormo,omarcastell@example.net,2024-02-14,Valencia
2215,Feliciana Sarita Garcés Guitart,fortunatocontreras@example.net,2025-01-29,Zaragoza
2216,Corona Falcón Yuste,abelmadrigal@example.com,2025-07-23,BADAJOZ
2217,Rosendo del Gomis,javirocha@example.com,2023-04-06,Bilbao
2218,Alexandra Soria Puerta,avilescarmen@example.com,2023-02-19,Elche
2219,Guiomar Valenciano Carrillo,paulafolch@example.com,2023-02-12,Vitoria
2220,Jose Luis Casanovas Costa,wcabo@example.net,2025-07-15,Madrid
2221,Consuela de Borrás,troyo@example.com,2024-08-08,Madrid
2222,Rosario Quevedo-Tejera,morenosalas@example.com,2023-05-24,Valladolid
2223,Cándido Corominas,felixverdugo@example.org,2024-11-26,Sevilla
2224,Emelina Dolores Correa Oliva,lilianaespinosa@example.org,2025-03-15,Granada
2225,Graciela Barceló Pi,otilianebot@example.org,2024-02-12,Zaragoza
2226,Vinicio Porras Herrera,ehierro@example.net,2023-05-06,La Coruna
2227,Elías Puente Téllez,cruz30@example.com,2025-01-03,Valencia
2228,Tiburcio del Carro,eustaquio01@example.org,2025-04-29,Bilbao
2229,Herberto Barceló Verdugo,gracia63@example.net,2025-06-26,Gijon
2230,Máxima Pavón Polo,mirlupe@example.com,2025-05-16,Valencia
2231,Gerardo Montalbán Iglesias,davilaeugenia@example.net,2023-03-15,Sevilla
2232,Iker Leal Bello,noguesnarciso@example.com,2023-10-25,Sevilla
2233,Úrsula Bravo-Peña,domitilamontesinos@example.com,2024-08-22,Valladolid
2234,Rosenda Esteban Barrena,zabascal@example.org,2023-01-20,Vigo 
2235,Isaac Cuadrado Alcolea,valderramaclemente@example.org,2025-03-09,Cordoba
2236,Carlito Meléndez Beltrán,conchahervia@example.net,2024-04-16,Zaragoza
2237,Graciana Joaquina Santiago Ramis,zabalaainoa@example.org,2023-03-23,Gijon
2238,Leandra Tomás Guardia,esteveeligio@example.com,2024-12-15,Zaragoza
2239,Jeremías Nicolau Talavera,portuno@example.net,2025-10-22,Zaragoza
2240,Ximena Mendizábal-Franco,bravoeva-maria@example.com,2023-12-27,Valencia
2241,Albino Vila,german31@example.org,2023-02-20,Elche
2242,Lázaro Bayón Ortiz,olleramalia@example.com,2023-10-26,Badajoz
2243,Lope Miguel Sastre Luz,taguilar@example.org,2023-01-02,Madrid
2244,Mar Simó Priego,,2024-03-15,Cartagena
2245,Jacinta Sandoval-Mendoza,rivasolalla@example.org,2024-02-27,Malaga
2246,Inmaculada Aragón Jimenez,anacleto06@example.org,2024-01-22,Vitoria
2247,Joel de Arellano,kllado@example.com,2024-11-06,Vigo
2248,Isabela Bermúdez Canet,emigdio96@example.org,2023-12-18,Murcia
2249,Ovidio Peláez Solano,escobarquirino@example.com,2023-05-01,Zaragoza
2250,Candelaria Sevillano,bfabregas@example.com,2023-09-15,GRANADA
2251,Teodosio Miralles Manjón,emma65@example.com,2024-03-29,CARTAGENA
2252,Delia Martín Murillo,sandra43@example.com,2025-02-16,Vitoria
2253,Ruy Mayoral Carrión,whidalgo@example.net,2023-09-23,Murcia
2254,Emiliano Sanmartín-López,consuelolerma@example.com,2023-10-17,Valencia
2255,Purificación Donoso,jacoboasenjo@example.net,2023-12-26,Sevilla
2256,Belen Tapia Gil,cornelio32@example.org,2025-11-26,Zaragoza
2257,Itziar Castelló-Barriga,dariotejero@example.org,2024-06-08,Sevilla
2258,Vinicio Teodosio Villena Oliveras,lucianorey@example.com,2024-01-04,Badajoz
2259,Benigna Casas-Arcos,agustinarnau@example.com,2023-11-01,Gijon
2260,Susana Mayo Pizarro,,2023-09-02,Vigo
2261,Sergio Amorós Cid,custodio21@example.org,2025-03-15,Granada
2262,Eva Pozuelo Palacio,vfalcon@example.net,2024-01-05,VALLADOLID
2263,Abril Ros Bermúdez,brunojulian@example.net,2024-01-31,Zaragoza
2264,Ciríaco Efraín Morán Puente,fgiralt@example.org,2023-09-02,Bilbao
2265,Malena del Asensio,manuespanol@example.org,2025-06-27,Alicante
2266,Nico Cerdá Aragonés,guiomarmenendez@example.com,2023-11-17,Valencia 
2267,Herminio Galiano-Campos,mascarojesus@example.net,2024-05-09,Bilbao
2268,Herminia Vargas-Prieto,,2023-12-10,Oviedo
2269,Lucas Lozano Pizarro,coronadosoraya@example.net,2023-04-09,Cartagena
2270,Isabel Macias Baró,mlago@example.org,2023-11-28,Cartagena
2271,Amparo Cortina Gracia,asdrubal22@example.net,2024-10-30,Cartagena
2272,Héctor Portillo-Neira,vidalnavarro@example.net,2025-08-13,Cordoba
2273,Conrado Font Cañellas,estrellaguillen@example.org,2023-05-30,Madrid
2274,Fito Quero Campos,hernandoagustin@example.org,2023-01-25,Cordoba
2275,Edmundo Real,,2025-01-28,Murcia
2276,Rita Sastre Patiño,rioroberta@example.com,2023-06-05,Elche
2277,María Jesús Olivera Miró,trinibarbera@example.org,2023-11-01,Cartagena
2278,Clementina Barba Bermudez,visitaciongual@example.net,2024-09-29,Elche
2279,Saturnino Torrent-Donaire,ambrosiogascon@example.com,2025-02-24,Murcia
2280,Alonso Castejón Marti,zbayo@example.net,2025-06-06,Gijon
2281,Artemio Santos Cánovas,giselacazorla@example.com,2023-02-27,Cordoba
2282,Amparo Saavedra Riba,gertrudis87@example.net,2025-04-30,Barcelona
2283,Severo Tamayo Valbuena,paloma46@example.org,2024-11-13,bilbao
2284,Tere Casandra Laguna Ayllón,opalomares@example.net,2023-09-07,La Coruna
2285,Calista Somoza Colomer,anselma12@example.org,2023-12-14,Gijon
2286,Salvador Novoa Pol,tlujan@example.com,2025-09-29,Sevilla
2287,Duilio Torralba Ibañez,vitobenito@example.org,2023-04-20,Bilbao
2288,Armando Arévalo Carreras,cvilanova@example.org,2025-02-02,La Coruna
2289,Herminia de Benavent,fayala@example.com,2025-01-30,Cartagena 
2290,Marcelino de Ortuño,infantejordana@example.com,2023-07-15,Valencia
2291,Paulina Canals Uribe,duquegabino@example.org,2025-09-19,Elche
2292,Pilar Iñiguez Iborra,ceciliasantos@example.org,2023-06-29,Madrid
2293,Tatiana Mancebo Conde,danielpena@example.org,2024-02-18,Vigo
2294,Noa Juliá Piñeiro,violetaferrero@example.net,2025-03-17,Valladolid
2295,Salomé de Francisco,macario47@example.org,2023-11-30,ZARAGOZA
2296,Leticia Verdugo,albano47@example.org,2025-05-31,Gijon
2297,Tito Perelló Pina,calixto95@example.org,2025-05-13,Badajoz
2298,Leonor Jiménez Espada,oroldan@example.net,2023-08-18,Granada
2299,Perla Ester Ribas Guijarro,gil77@example.com,2023-12-16,Vigo
2300,Cebrián Palmer Corral,ripollcecilio@example.com,2024-01-18,Oviedo
2301,Calisto Cañete Amorós,constanza22@example.net,2023-11-10,Malaga
2302,Felix Reguera Gil,corderodomitila@example.com,2023-12-13,La Coruna
2303,Gracia Guerrero-Ruano,abigailcorrea@example.net,2024-03-23,Valencia
2304,Paloma Emiliana Escolano Arnau,,2024-12-27,Madrid
2305,Lola Alba Nicolás Caballero,,2024-12-18,Badajoz
2306,Alfredo Llamas Gomez,bernardoblanes@example.org,2025-07-21,Valencia
2307,Severino Duran Benito,maribel48@example.net,2025-09-26,madrid
2308,Pelayo Perales Corral,irincon@example.com,2025-12-22,Alicante
2309,Victoriano Adalberto Calleja Canals,juan-francisco88@example.org,2024-03-02,Murcia
2310,Remigio Bonifacio Abascal Arnau,kelias@example.net,2025-09-30,Barcelona
2311,Isaura Zamorano Tenorio,pazmir@example.net,2023-12-25,Barcelona
2312,Merche Querol Luján,xmercader@example.net,2023-05-11,Gijon
2313,Paloma Castelló Gelabert,genoveva21@example.net,2023-06-04,Elche
2314,Rufina Coca Escamilla,ferrandogervasio@example.org,2023-12-01,CORDOBA
2315,Alonso Luís Cárdenas,bernardita31@example.com,2025-03-14,Elche
2316,África Caparrós,sotelorosalia@example.net,2024-05-04,Granada
2317,Marita Lobato Zurita,cuevasaroa@example.net,2023-08-07,Granada
2318,Ainara de Gimenez,aroca@example.org,2025-03-19,Gijon
2319,Patricio Abril Barrios,oliverasharoldo@example.net,2023-06-26,Valencia
2320,Charo Prieto Fabregat,acevedomodesto@example.net,2023-02-20,Oviedo
2321,Elpidio Hidalgo Ávila,carmelitaabellan@example.com,2024-08-29,Oviedo
2322,Óscar Rios Donoso,barredavirgilio@example.com,2024-08-08,Cartagena
2323,Candelas Sebastián Rubio,rosagordillo@example.org,2025-07-13,Zaragoza
2324,Valero Valls,nfrias@example.com,2024-03-22,Alicante
2325,José Antonio Navarrete Carbonell,zelorza@example.com,2023-04-25,valencia
2326,Mamen Mayol Camps,benaventegoyo@example.org,2024-12-28,Cordoba
2327,Cornelio Gonzalez Corominas,verdejolupe@example.org,2024-01-18,Valencia
2328,Jerónimo Barroso Álvaro,tmorell@example.net,2025-10-28,Elche
2329,Hermenegildo Toledo Ureña,,2024-04-08,Murcia
2330,Sara Diego Aguado,larreajose-miguel@example.org,2024-11-11,Zaragoza
2331,María Dolores Sales Redondo,sernazaida@example.net,2025-01-31,Oviedo
2332,Martina Rius Huerta,pancho72@example.net,2025-01-10,Valladolid
2333,Pascual Portillo Peñas,josefa68@example.com,2025-04-17,Gijon
2334,Tomasa Felicidad Burgos Chacón,victorino34@example.net,2024-07-09,Badajoz
2335,Violeta Cámara-Nuñez,jacinto94@example.net,2024-04-21,Valencia
2336,Roberto Sales Martí,cruzalsina@example.com,2023-10-21,Cordoba
2337,Bienvenida Requena Rocha,bernardino79@example.net,2024-03-10,Granada
2338,Lisandro Acevedo Sebastián,itziar74@example.net,2024-01-21,BILBAO
2339,Susanita Marianela Luís Ramirez,carlos83@example.net,2025-05-28,Barcelona
2340,Basilio Hernán Sevilla Herrera,primitiva78@example.net,2024-01-12,Bilbao
2341,Paula Campillo Pintor,maxi98@example.org,2023-10-18,Valencia
2342,Adelina Diaz Villa,uagustin@example.org,2023-05-10,Granada
2343,Ceferino Pujadas Chaparro,zariza@example.com,2023-11-14,Sevilla
2344,Xiomara Ana Alfaro Escamilla,bienvenida45@example.net,2023-04-25,Vitoria
2345,Aarón de Armengol,,2023-09-17,Cartagena
2346,Paz Juana Juárez Camino,severo30@example.org,2025-10-11,Cartagena
2347,Rocío Pellicer Alberto,abascaliban@example.org,2025-01-14,Barcelona 
2348,Pía Quintana Cal,filomena30@example.com,2024-02-29,cordoba
2349,León Julián Feliu,bmariscal@example.com,2024-09-16,Malaga
2350,Pía Tena,,2023-06-27,Sevilla
2351,Albino Carbajo Frías,sperales@example.org,2023-02-22,Madrid
2352,Ángel Marqués-Mateo,eleuterio99@example.org,2024-03-07,Zaragoza
2353,Nazaret Novoa-Roca,kperello@example.com,2025-10-27,Madrid
2354,Bibiana Cases Caro,visitacion59@example.net,2024-04-23,Malaga
2355,Bernardita Miró Roig,geronimoescriva@example.org,2024-10-29,La Coruna
2356,Custodia Garriga Mariño,qandreu@example.com,2023-12-03,Vigo 
2357,Encarnacion Maldonado Morell,edelmira39@example.com,2023-12-24,Elche
2358,Teobaldo Guardiola Gomis,adolfo71@example.org,2023-11-12,Elche
2359,Concha Cal Delgado,aceromanu@example.org,2024-03-08,Alicante
2360,Artemio Bayo Sureda,,2025-11-29,Malaga
2361,Camila Roig Lillo,esmeraldaolivares@example.net,2023-12-18,Vigo
2362,Manola Morcillo Donoso,danielamayoral@example.org,2025-01-16,Zaragoza
2363,Berta Milla Cadenas,gcarlos@example.com,2024-06-20,Alicante
2364,Anselma Jacinta Batlle Ballesteros,yesica08@example.net,2023-02-21,Sevilla
2365,Marcelino Arturo Jordán Samper,rmelendez@example.com,2023-09-10,madrid
2366,Merche Garmendia Palacios,manuelrios@example.net,2025-03-13,Valladolid
2367,Basilio Sigfrido Serra Carrera,custodia49@example.com,2023-08-07,Granada 
2368,Teo Virgilio Frutos Arco,,2023-02-03,Alicante
2369,Bernabé Gelabert,yblanco@example.org,2025-01-24,Elche
2370,Seve de Roldán,vilaltaainoa@example.net,2024-08-09,Valencia
2371,Santiago Bayo Osorio,alexandratalavera@example.org,2023-01-11,Alicante
2372,Irma de Molina,,2024-05-02,Badajoz
2373,Hernando Fernando Garcia Morán,almudenavigil@example.org,2023-04-22,Valencia
2374,Teresa Campo-Palacio,mtejera@example.com,2023-11-03,La Coruna
2375,Leonor Bonilla Tello,,2025-06-05,Vitoria
2376,Úrsula Bas-Menéndez,hugoprieto@example.org,2024-10-06,Elche
2377,Domitila Peñalver-Ropero,vicenta50@example.net,2024-10-05,Vigo
2378,Rosa Andres-Arco,asensioberta@example.net,2024-08-30,Barcelona
2379,Corona Alegria Guillén,fernando11@example.net,2024-10-13,La Coruna 
2380,Ema Madrigal,florinamarino@example.com,2023-10-31,Badajoz
2381,Renata Villanueva,estefania97@example.net,2024-02-11,malaga
2382,Lisandro Peláez Trujillo,fabiola95@example.net,2023-05-19,Vigo 
2383,Perla Cantero,escamillaeric@example.org,2024-04-28,malaga
2384,Joaquina Benavent-Cervantes,benigna83@example.net,2024-10-28,Alicante
2385,Ximena Bilbao Sevilla,moyamaricela@example.net,2024-08-02,SEVILLA
2386,Óscar Mulet-Cabeza,,2025-04-13,Badajoz
2387,Juan Carlos Posada Zabala,blanchgerman@example.net,2023-08-27,Sevilla
2388,Cruz Álvarez Valverde,marina68@example.org,2025-04-29,Bilbao
2389,Delfina Tur-Bernal,yesica59@example.org,2025-08-30,Elche
2390,Rafa Diaz Calzada,ksole@example.org,2024-02-10,Madrid
2391,Lino Rodríguez Rocha,ismaelpereira@example.org,2024-11-19,Barcelona
2392,Petrona Vargas Almansa,xalbero@example.net,2023-12-15,Madrid
2393,Nicodemo Prat Aller,carrocoral@example.org,2025-05-12,Bilbao
2394,Adelardo Ibarra Casas,imelendez@example.net,2025-08-07,Barcelona
2395,Azucena Hervia Roldan,barraljenny@example.net,2023-12-26,La Coruna
2396,Rosalva de Vallés,arnauloreto@example.com,2023-03-08,vigo
2397,Eutimio Garay Serra,salvadorbanos@example.com,2025-10-19,Gijon 
2398,Leonor Fuster,iquesada@example.com,2023-03-28,Zaragoza
2399,Liliana Quero Higueras,,2023-03-08,Malaga
2400,Matías Múgica Montoya,xbotella@example.net,2025-11-13,Barcelona
2401,Natalia Hoz Boix,rosalinda66@example.org,2024-10-02,Oviedo
2402,Cayetana Palau-Oliver,cadenasreynaldo@example.com,2023-09-27,Granada
2403,Alondra Mónica Cañete Verdejo,adrianatorre@example.org,2024-05-15,bilbao
2404,Lalo Robles Pineda,vacuna@example.org,2023-11-20,Valladolid
2405,Anna Pina,jose-maria16@example.org,2023-02-08,Bilbao
2406,Mateo Serrano Morales,nicanormari@example.com,2025-06-26,Granada
2407,Glauco Casanova Arcos,haydeeabella@example.org,2024-06-21,Valladolid
2408,Adalberto Laguna,amandarivas@example.org,2024-04-07,Alicante
2409,Trini Calatayud,evita44@example.com,2023-05-08,Valencia
2410,Crescencia Molins-Galván,requenaconsuelo@example.org,2024-04-03,Badajoz
2411,Dorita Acevedo Durán,anselmalobo@example.net,2024-07-12,Vigo
2412,Tristán Montero-Orozco,galvezpaz@example.com,2024-08-12,Sevilla
2413,Bernarda Tudela Casal,,2024-12-04,Elche
2414,Rosenda Carretero Camacho,xlillo@example.net,2025-04-19,Barcelona
2415,Cosme Mayol Galindo,vendrellana@example.org,2024-08-24,Malaga
2416,Modesta Palomar Vigil,lupitaguillen@example.org,2024-03-19,Bilbao
2417,Javiera Alcalá Iglesias,guerreroliliana@example.org,2024-10-25,Elche
2418,Zaira Aurelia Oller Ferrando,lalvarado@example.net,2023-05-20,Barcelona
2419,Félix Lamas Diaz,juarezborja@example.net,2025-07-17,Gijon
2420,Victoriano de Arana,virgilio72@example.org,2023-10-22,Valencia
2421,Anacleto Aller-Barbero,gllado@example.net,2023-08-24,Vitoria
2422,Gilberto Heredia-Benet,tolosalidia@example.net,2023-12-06,Cordoba
2423,Calixto Lluch Solana,taboadaeutropio@example.net,2024-03-03,Cordoba
2424,Toribio Ramírez-Fuentes,galoperea@example.org,2025-12-23,Valladolid
2425,Régulo Calixto Esteve Manjón,landapepita@example.net,2024-12-08,Valencia
2426,Chema Rius,,2023-02-26,Oviedo
2427,Ezequiel Piñeiro,scabezas@example.com,2023-08-24,Vitoria
2428,Adora Company Pujol,ddomenech@example.org,2025-05-03,Madrid
2429,Manuel Naranjo Guzmán,,2023-03-18,Vigo
2430,Chelo Recio Anguita,nicolauadela@example.com,2024-10-24,Murcia 
2431,Amor Báez Uría,eliasmugica@example.net,2025-11-24,Cordoba
2432,Sabas Serra Garzón,mborras@example.org,2024-12-18,Badajoz 
2433,Cecilio Bueno Canales,calixtapintor@example.net,2023-02-15,Cordoba
2434,Jovita Benet,jvalcarcel@example.org,2023-05-12,Cartagena
2435,Fausto Losa-Ramón,valcarceldan@example.net,2023-07-03,Bilbao
2436,Jordi Aguado Sanz,mariano36@example.org,2025-12-13,Vitoria
2437,Seve Gomis Mata,rocio22@example.com,2023-06-08,Vigo
2438,Adoración Cobos Noriega,ikerlerma@example.org,2023-06-05,Badajoz
2439,Lupe Llabrés Mayol,lsanchez@example.com,2024-11-07,La Coruna
2440,Nicolás España,uosuna@example.org,2023-09-04,Murcia 
2441,Joel Rebollo Bermúdez,umarin@example.net,2023-01-27,Oviedo
2442,Elpidio Ochoa Palomar,dani60@example.org,2023-04-26,Bilbao
2443,Natividad Cano-Montenegro,donairenoa@example.com,2024-08-15,Zaragoza
2444,Prudencia Machado Riba,alejandra86@example.net,2025-01-09,Madrid
2445,Custodio Silva Pinilla,agustiangelita@example.net,2023-10-23,Granada
2446,Dora Alvarez Vicente,urbanoborrego@example.net,2023-05-01,Madrid
2447,Jose Luis Manzanares Castrillo,ruizmarcelo@example.org,2023-02-25,Bilbao
2448,Paz Ángel-Fortuny,,2025-12-09,Oviedo
2449,Julián Leiva-Viana,cleon@example.org,2024-07-06,Vigo
2450,Dani Álamo Reguera,leocadio62@example.org,2025-02-21,Madrid
2451,Cesar Batalla Delgado,martur@example.net,2025-10-25,Valladolid
2452,Toribio Alcaraz Palomar,abel33@example.org,2023-03-08,Madrid
2453,Leocadio Villena Peñas,nadiamanzanares@example.net,2025-02-21,Gijon
2454,Jenny Heras Cantero,aceroascension@example.net,2024-09-18,Cordoba
2455,Apolonia Carrión-Iniesta,ramisnazaret@example.org,2023-01-26,Sevilla
2456,Gregorio Cornejo Gutierrez,isidoraurrutia@example.org,2025-10-20,Murcia 
2457,Nerea Segura-Arribas,iagullo@example.net,2024-01-05,Elche
2458,Soledad de Rodríguez,,2023-02-14,Bilbao
2459,Édgar Villa Lluch,,2025-09-02,Granada
2460,Jacinto de Báez,monrealcirino@example.net,2024-10-24,La Coruna 
2461,Nélida Jove Murcia,martinamendizabal@example.org,2025-12-02,Barcelona
2462,Maximino Juan,bayonaprimitivo@example.org,2023-12-22,Zaragoza
2463,Emilio del Reig,salommodesto@example.com,2025-10-31,Alicante
2464,María Dionisia Luque Llano,crosales@example.org,2025-02-23,Valencia
2465,Ambrosio Cervera Lasa,chaparrolara@example.net,2025-09-24,Barcelona
2466,Bárbara Cervera,,2025-10-07,Bilbao
2467,Aarón Carlito Portillo Chico,olivaresangelita@example.org,2024-06-28,Elche
2468,Yolanda Cerdán Solsona,montserratpalmer@example.net,2025-11-30,Granada
2469,Esperanza Cuesta Girón,walter00@example.com,2023-04-06,VIGO
2470,Arcelia Reina Chaparro Mármol,carmonajacinta@example.com,2025-10-25,Vitoria
2471,Rubén Morán Oliva,madridgraciela@example.com,2023-05-06,Valencia
2472,Américo Sobrino Duran,bartolomelamas@example.com,2024-03-23,Badajoz
2473,Aristides Castell Herrera,alvarobolanos@example.org,2023-04-09,Sevilla
2474,Cornelio Castejón Roldán,orozcochuy@example.org,2023-02-02,Elche
2475,Juan Pablo Perelló-Alberdi,broman@example.com,2023-09-03,Zaragoza
2476,Fabricio Pizarro-Arteaga,fatima22@example.com,2024-04-04,GIJON
2477,Teodosio del Piñol,campoester@example.org,2023-12-31,Valencia
2478,Gervasio Valera Fuentes,,2024-01-19,Badajoz
2479,Anna Tudela Redondo,fernandomoll@example.org,2025-04-01,Badajoz 
2480,Seve Segarra Español,asantamaria@example.net,2024-03-05,Barcelona
2481,Ofelia Ponce Ortega,icorominas@example.com,2025-12-13,Granada
2482,Vanesa Isaura Rebollo Salamanca,morena94@example.com,2024-05-26,Zaragoza
2483,Natanael Cuervo Barrena,porfirioalcolea@example.org,2024-03-28,BILBAO
2484,Samuel Vicens Mateos,,2023-09-15,Cordoba
2485,Santiago Gallego-Meléndez,melendezlucila@example.com,2025-08-21,Alicante
2486,Maite Corominas Cano,chemanavarrete@example.net,2024-04-19,Valladolid
2487,Marciano Palacio-Céspedes,jose-maria92@example.org,2025-11-29,Gijon
2488,Salvador Luna-Borja,cadenasherminia@example.net,2024-11-02,Valladolid
2489,Leandro Bernat,,2025-07-28,Valladolid
2490,Cruz Melero Gomis,ines94@example.net,2025-08-16,Vitoria
2491,Rosenda Escamilla,alvarezasuncion@example.com,2024-10-05,Alicante
2492,Lupe Alvarado Quirós,xjover@example.org,2024-01-16,Bilbao
2493,Sebastian Cabrero Arranz,ciriacocuevas@example.com,2023-12-07,Valencia
2494,Ariel Estrada-Huertas,carrascoleandra@example.com,2023-02-25,Murcia
2495,Perlita Lucía Rodrigo Acosta,anabelcisneros@example.org,2025-02-21,zaragoza
2496,Gabriela Baena,franciscofernando@example.org,2025-12-31,BADAJOZ
2497,Baldomero Salom,bernatchuy@example.com,2023-02-05,Sevilla
2498,Cruz Martorell Taboada,hernandezcustodio@example.net,2024-06-28,Zaragoza
2499,Macario Soler Ribera,calvosoledad@example.net,2025-04-10,Sevilla
2500,Ricardo Pacheco Azcona,climaco94@example.net,2024-05-26,Malaga
2501,Eulalia Pastor,carrenocarmelo@example.org,2025-11-16,Vitoria
2502,Consuelo Nebot Daza,alsinaagustina@example.org,2024-09-03,Vitoria
2503,Lourdes Acevedo Soto,melisasole@example.net,2025-04-13,Valladolid
2504,Joaquín de Ribes,roldanamaro@example.net,2025-01-26,Granada
2505,Roque Soriano Cortes,terefranco@example.net,2024-10-14,Sevilla
2506,Melisa Plana-Iglesias,,2024-08-09,Oviedo
2507,Evelia González Arjona,jrius@example.org,2025-09-13,Vigo
2508,Ciriaco Madrid Alcolea,milagros57@example.net,2023-02-04,Murcia
2509,Máximo Jimenez Marcos,,2025-08-18,Vitoria
2510,Ceferino Carrión Portillo,planaseligia@example.net,2025-04-16,Cordoba
2511,Feliciana del Jover,bsuarez@example.com,2025-05-27,Vitoria
2512,Ana Sofía Rueda Carrasco,crescenciapastor@example.net,2025-03-31,Alicante
2513,Arsenio Montserrat Ballesteros,ramosteresa@example.com,2025-06-21,Sevilla
2514,Angelina Acuña Tenorio,gelaberthector@example.com,2023-02-20,Valencia
2515,Raquel Jordá,lopegalan@example.net,2025-03-30,Malaga
2516,Martín Girona Cerro,camila48@example.org,2023-08-30,Cordoba
2517,Eutropio Campo Rodríguez,alcantaramaximiano@example.org,2023-02-21,Cartagena
2518,Gerónimo Belda Pi,wpastor@example.net,2024-08-25,Barcelona
2519,Octavia Manso Quintero,jeronimomurcia@example.org,2023-12-06,Murcia
2520,Arturo Acero Moreno,carrascosilvia@example.com,2025-09-26,VALLADOLID
2521,Dora Cortés Trujillo,ucarvajal@example.com,2023-09-28,Zaragoza
2522,Estrella Cantero Cerro,sanchezvilma@example.com,2023-12-28,Valencia
2523,Bonifacio Guillén Perales,,2024-02-02,Bilbao
2524,Godofredo Arroyo Serrano,javipla@example.org,2023-06-18,vigo
2525,Isaac Reynaldo Pelayo Losada,,2023-02-10,Gijon
2526,Ismael Cal Amores,dfrutos@example.net,2024-05-23,Elche
2527,Fátima Lago Terrón,aliciabarriga@example.org,2023-04-18,Barcelona
2528,Encarnita Gracia Alcázar,susanitasalamanca@example.com,2025-06-19,Cordoba
2529,José Teo Morata Segovia,rodolfoayllon@example.org,2024-09-08,alicante
2530,Dora Prado Álvarez,ccoloma@example.org,2024-08-31,Malaga 
2531,Alonso Jacobo Riera Romero,elias07@example.net,2025-09-05,Madrid
2532,Calixto Tejera,fabregasnilo@example.org,2025-03-07,Gijon
2533,Juanita Rios Chacón,elisabet23@example.net,2024-04-17,Vitoria
2534,Silvia Talavera,ramosteresita@example.net,2025-01-30,oviedo
2535,Juan Zabala-Pozuelo,gabrielbarcelo@example.net,2024-01-02,Oviedo
2536,Reyes Gutierrez Jover,,2025-01-23,Bilbao
2537,Reina Blanca Sánchez Folch,ublanes@example.net,2025-07-24,Sevilla
2538,Domitila Agullo Miralles,isabelmontoya@example.com,2024-05-08,Vitoria
2539,Leyre Sierra Valero,omar42@example.com,2025-07-21,Sevilla
2540,Ofelia Amorós-Hernández,eugenio27@example.org,2025-07-31,Zaragoza
2541,Javier Fábregas Escribano,echeverriagabino@example.net,2023-06-11,Sevilla
2542,Balduino Benavides Sobrino,,2023-05-13,Madrid
2543,Ascensión Rocha Córdoba,marinofausto@example.net,2025-08-25,Barcelona
2544,Aurora Malo Ledesma,cguerrero@example.com,2023-07-12,Bilbao
2545,Silvestre Rodríguez Aguiló,danielaescamilla@example.org,2023-02-02,Zaragoza
2546,Raúl Reyes Alcalá,larreageronimo@example.net,2024-03-11,murcia
2547,Saturnina Berenguer Barrera,,2024-05-24,Gijon
2548,Édgar Garzón Bernat,cferrera@example.org,2025-08-31,Vigo
2549,Alcides Manuel Fiol,gilreyes@example.com,2023-07-21,Valencia 
2550,Godofredo Goicoechea-Carbajo,kcuesta@example.com,2025-05-07,Badajoz
2551,Dalila Adadia Girón,pugamaristela@example.com,2023-10-13,Badajoz
2552,Valero Olmo Morcillo,gilabertmalena@example.net,2023-09-04,Alicante
2553,Odalis Cruz Uriarte,calixtabonet@example.org,2025-09-07,Valencia
2554,Segismundo Ponce Girón,florinda04@example.net,2025-06-14,Madrid
2555,Bernardino Ros Rivas,,2025-06-22,Valencia
2556,Tere Delgado Mateu,hernan97@example.com,2024-11-14,Murcia
2557,Florentina Alvarado-Santamaría,vegarosa-maria@example.net,2024-04-21,Vitoria
2558,Hugo Valbuena Parra,kalmeida@example.org,2024-08-21,Zaragoza
2559,Lorenzo Duarte Artigas,gilbertobermejo@example.com,2025-05-01,Valencia
2560,Valero Santos Gárate Antúnez,juan-antonio89@example.org,2024-10-02,Valladolid 
2561,Vinicio Crespo Olivé,jose-miguelfabregas@example.org,2023-01-08,Sevilla
2562,Donato Pallarès Bautista,correanelida@example.com,2025-09-19,Barcelona
2563,Fabiola Barranco Carballo,nicolasluque@example.com,2025-05-22,Vitoria
2564,Daniel Quirós Varela,jordana39@example.org,2025-04-07,Barcelona
2565,Clemente de Mariño,rufinocardenas@example.net,2024-04-12,Malaga
2566,Santiago Amor Oliver,donatocases@example.com,2025-04-04,badajoz
2567,Cecilio Barceló Saldaña,,2025-09-21,Granada
2568,María Carmen María Luisa Cañete Barbero,claverojose-carlos@example.com,2024-03-16,Gijon
2569,Jose Angel Segura Mendizábal,leopoldo21@example.org,2024-02-25,La Coruna
2570,Remedios Teresita Ledesma Buendía,valeriasamper@example.com,2024-11-12,Madrid
2571,Lázaro Cazorla Escrivá,esalom@example.net,2023-09-09,Gijon
2572,Florencia Guerra Pérez,teolledo@example.com,2023-12-16,granada
2573,Mayte Pujadas,rodolfo12@example.net,2023-01-28,Malaga
2574,Imelda Azeneth Sanabria Granados,acunaconcepcion@example.net,2023-06-23,Vigo
2575,Yaiza del Miró,julianbarriga@example.org,2023-07-02,Murcia
2576,Amílcar Otero Grau,pedro05@example.org,2023-10-24,Malaga
2577,Aureliano Calzada Marí,griseldaayala@example.net,2025-07-22,Alicante
2578,África Serra Chaves,adelaida92@example.com,2025-01-28,Alicante
2579,Tito Castro-Corral,vallscaridad@example.org,2025-02-15,Vitoria
2580,Mauricio Montoya-Canals,magdalenaaguilera@example.com,2025-04-25,Zaragoza
2581,Leire Armengol Rosado,kpina@example.org,2025-11-19,Barcelona
2582,Reyes de Ropero,claudio59@example.org,2023-07-01,Cartagena
2583,Otilia Manjón Rosselló,baudelio85@example.net,2024-07-05,Cartagena
2584,Paulina Águila Fernandez,matildemontes@example.net,2024-04-24,Cartagena
2585,Bernarda Quiroga Dueñas,verdejojuan-pablo@example.com,2024-06-12,Bilbao
2586,Reyes Diéguez-Pareja,ambar35@example.net,2024-02-14,Cordoba
2587,Genoveva Domingo-Cuenca,gervasioordonez@example.org,2025-04-07,La Coruna
2588,Casandra del Ramirez,maritamarin@example.com,2023-07-08,Granada
2589,Cecilia Infante Escribano,botellarenata@example.org,2025-05-19,Oviedo
2590,Íñigo del Bonet,clotilde92@example.net,2023-01-13,La Coruna
2591,Marcio Rios Prado,pazsalcedo@example.org,2023-05-28,Barcelona
2592,Abigaíl Jáuregui Noriega,paniaguatito@example.org,2023-07-22,Valencia
2593,Socorro López Ariza,,2023-02-24,Alicante 
2594,Lucio Gimenez Hoyos,maria-carmen38@example.net,2023-07-14,Gijon
2595,Eustaquio Silva Bueno,gironroberto@example.org,2025-01-31,Zaragoza
2596,Ainara Ángel Cobo,qtorre@example.org,2023-12-18,GRANADA
2597,Heraclio Cantero-Ripoll,saeztristan@example.org,2024-03-04,Murcia
2598,Paulino Zaragoza,,2023-09-08,Elche
2599,Cornelio Linares Roda,salespaola@example.com,2024-12-23,Bilbao
2600,Nicodemo de Fuster,miriamreguera@example.org,2023-01-14,Oviedo
2601,Dora Elisabet Buendía Rozas,emigdio31@example.com,2024-01-18,Madrid
2602,Bautista Zacarías Ferrándiz Segura,abrilsoriano@example.net,2025-09-07,Gijon
2603,Fidela Tapia,bangulo@example.net,2023-08-17,Vigo
2604,Marciano Manzano-Escolano,lobatosilvia@example.com,2025-06-05,La Coruna
2605,Eugenia Nieto Cabo,faller@example.com,2024-11-10,Oviedo
2606,Cecilia Duque-Marí,arieldomingo@example.com,2024-09-06,La Coruna
2607,Encarnita Lasa Lastra,valderramaflorentino@example.org,2023-10-22,Vigo
2608,Reyna Naranjo Ferrándiz,cjaume@example.net,2025-04-13,Badajoz
2609,Celestino Palomar Marcos,marcia36@example.org,2024-04-03,Elche
2610,Alondra Lucas-Solsona,hectorvillalobos@example.com,2025-03-15,Valladolid
2611,Amílcar Albero-Acero,javi85@example.net,2025-08-28,Gijon
2612,Perla Leal Díaz,portillolucila@example.com,2023-09-14,Alicante
2613,María Cristina Alcázar-Antúnez,albinabermejo@example.com,2025-01-06,Malaga
2614,Ezequiel Torres Reguera,marinivan@example.com,2024-07-07,Madrid
2615,Dorotea Llorens,,2025-03-08,Valladolid
2616,Kike Sanmiguel Ortega,ajerez@example.com,2023-05-24,Cartagena
2617,Priscila Guillen Quintero,pedrogenoveva@example.com,2025-08-24,Bilbao
2618,Juan Antonio Peralta Villar,barredaeustaquio@example.com,2024-06-05,Madrid
2619,Luis Canet Alba,nicanor07@example.net,2025-07-11,Alicante
2620,Gabriela de Manrique,prudenciorequena@example.com,2023-02-06,Barcelona
2621,Danilo Huguet Saldaña,yaiza69@example.net,2023-09-27,La Coruna
2622,Hector Tomas Sacristán,alfredoquiroga@example.com,2025-02-07,Elche
2623,Leocadio Cerdá España,,2025-09-25,Vigo
2624,Román Bertrán-Alegre,pverdejo@example.net,2024-04-17,Badajoz
2625,José Mur,ponceadriana@example.org,2024-09-19,Bilbao
2626,Evaristo Dominguez,bpulido@example.net,2025-07-13,Malaga
2627,Susana Almeida Mate,emiliocarranza@example.net,2024-05-14,Sevilla
2628,Moisés Rocamora-Bermejo,bsalas@example.com,2024-03-04,Bilbao
2629,Simón Barriga Baños,,2025-09-09,Bilbao
2630,Jordi Feliu Elías,,2024-09-07,ALICANTE
2631,Odalys Moraleda Frías,abigailbotella@example.com,2025-03-19,Oviedo
2632,Juanito Rocha Mena,francisco-javier69@example.com,2023-06-22,Barcelona
2633,Plinio Guitart,gameznacho@example.com,2025-01-23,Bilbao
2634,Nydia Agustina Carbajo Lumbreras,matilde99@example.com,2024-05-07,Badajoz
2635,María Belén Escobar Bartolomé,oriana87@example.org,2023-01-03,Gijon
2636,Marcio Cámara-Llabrés,chelovila@example.net,2025-04-30,Vigo
2637,Santiago de Collado,solanoluciana@example.net,2023-05-03,Malaga
2638,Lidia Adán Pomares,qlinares@example.org,2025-01-12,Malaga
2639,Verónica Álamo Azorin,pinoflorina@example.com,2025-08-25,Bilbao
2640,Águeda Cifuentes-Vicente,moyaabel@example.org,2025-10-26,Badajoz
2641,Baudelio Tamarit Ballester,sevemartin@example.org,2024-05-04,Valladolid
2642,Cristian Anguita Vilalta,villaverdefelicidad@example.org,2024-05-12,Vigo
2643,Brígida Álvaro Daza,pdavila@example.com,2025-07-01,Badajoz
2644,Eugenia Andrés,secoeugenio@example.net,2024-07-10,Madrid
2645,Evelia Espejo-Solera,chus16@example.net,2023-01-03,Vigo
2646,Noa Capdevila-Plaza,duartenereida@example.com,2024-03-21,Badajoz
2647,Adrián Aparicio Cañellas,herediaetelvina@example.org,2024-05-15,Badajoz
2648,Íñigo Robledo Ferreras,lisandro43@example.com,2025-05-30,Zaragoza
2649,Mayte Espejo Isern,azahara70@example.org,2023-07-15,Badajoz
2650,Sandalio Natalio Clavero Martí,gemapereira@example.org,2024-03-22,Murcia
2651,Luís Bosch Costa,alvaropascual@example.org,2023-01-10,La Coruna
2652,Yéssica del Sanmiguel,pbarral@example.net,2024-02-17,Oviedo
2653,Abigaíl Catalán Marin,,2025-07-14,Cordoba
2654,Alfonso Gabriel Pacheco Girón,gjaume@example.org,2025-02-06,Malaga 
2655,Rosa Pedrero Lopez,,2025-06-25,La Coruna
2656,Sosimo Viana-Collado,ortunosandra@example.net,2024-09-16,Barcelona
2657,Diana Villaverde Peiró,leticia66@example.org,2025-12-30,Valencia
2658,David Roman Arenas,zquintana@example.com,2024-10-24,Barcelona
2659,Lucía Griselda Luz Beltrán,ramonmenendez@example.net,2025-06-13,BILBAO
2660,Borja Ayuso Jerez,elodiazamorano@example.com,2023-07-22,Cartagena
2661,Marcela Castells Alba,zriera@example.org,2025-11-25,BILBAO
2662,Marisela Raya-Elorza,,2024-10-30,madrid
2663,Yéssica Cortes-Huguet,miguel-angeltejada@example.com,2024-09-01,Elche
2664,Olimpia Valbuena Sanmartín,,2023-11-27,La Coruna
2665,Edu de Avilés,teresa93@example.org,2023-12-25,Madrid
2666,Lucía Petrona Falcó Blazquez,edmundoquevedo@example.org,2023-02-02,Valladolid
2667,Espiridión Martorell Ayala,jpujadas@example.net,2025-03-04,Cartagena 
2668,Ruy Mayol González,luislupe@example.net,2023-03-19,Murcia
2669,Benigno Adán Fuente Villalonga,jmontoya@example.net,2025-07-13,Zaragoza
2670,Benigna Aparicio Royo,pepita64@example.org,2025-03-24,Valladolid
2671,Eusebio Alberdi Mur,bartolomevillena@example.org,2023-09-13,Malaga
2672,Albino del Roldan,,2024-09-04,Valladolid
2673,Gracia Begoña Aragón Pelayo,acatala@example.org,2024-06-03,Barcelona
2674,Delfina Acedo Sanabria,grebollo@example.net,2024-04-16,Madrid
2675,Julia Coronado Manrique,menendezjose-miguel@example.com,2024-06-21,Zaragoza
2676,Pedro Cárdenas Monreal,camiloferrera@example.com,2024-12-24,Badajoz
2677,Susanita Quiroga Caballero,azorinanabel@example.com,2024-06-27,Zaragoza
2678,Angelino Valderrama Olmo,gonzalezsimon@example.org,2025-04-10,Sevilla
2679,Alonso Collado Múgica,fiolascension@example.com,2023-07-31,Elche
2680,Almudena Falcó Martí,nelidamarin@example.com,2023-10-29,Vigo
2681,Eloísa Abad Lillo,brosado@example.com,2025-04-01,Valencia
2682,Herminia de Gomis,blas07@example.com,2023-12-19,Vigo
2683,Andrea Roberta Soto Aragón,chuy73@example.net,2023-07-02,Gijon
2684,Martina del Bermudez,pastor63@example.com,2023-02-10,Badajoz 
2685,León Pablo Verdú,ocanaosvaldo@example.net,2025-03-24,Sevilla
2686,Felipe Sans Juliá,lina96@example.net,2024-02-05,Valladolid
2687,Natividad Azahar Puig Arévalo,asuarez@example.org,2023-11-09,Cordoba
2688,Delfina Alberola-Merino,teodora41@example.net,2023-10-30,Valladolid
2689,Ricardo Ibarra Conde,ceferinoamador@example.net,2023-08-18,Zaragoza
2690,Georgina Cueto Ariño,aroaperal@example.net,2024-08-30,Malaga
2691,Mauricio Almazán-Sales,corderoruben@example.com,2023-06-22,Granada
2692,Apolonia Piña Lumbreras,ngabaldon@example.net,2023-09-17,la coruna
2693,Benigna Folch Baquero,,2023-10-16,Valladolid
2694,José Vendrell Baeza,,2025-02-27,Malaga
2695,Manuela Julie Arnau Diéguez,carpioelena@example.net,2024-11-05,Oviedo
2696,Sofía del Girón,brionesheraclio@example.net,2025-07-27,Cartagena 
2697,Santiago Porta Pinedo,barcenanico@example.net,2023-10-30,Vigo
2698,Mar Arévalo Novoa,,2023-07-24,Bilbao
2699,Basilio Quintana Antúnez,walter22@example.org,2023-12-10,Badajoz
2700,Yolanda José Aguilar Tamarit,xllamas@example.net,2023-11-02,Malaga
2701,Paola Barberá Cervantes,cebriansalcedo@example.org,2023-11-14,Gijon
2702,Sergio Nicolau Hervás,tadeo76@example.com,2023-05-25,Cordoba
2703,Carolina Hurtado Morillo,xacedo@example.org,2025-12-05,CORDOBA
2704,Reinaldo Planas Beltrán,alcides25@example.com,2025-06-09,Zaragoza
2705,Adelaida Garzón Pont,vatienza@example.org,2024-03-07,Malaga
2706,Hector Priego Gómez,xaguirre@example.org,2023-05-22,Madrid
2707,Victoria Bonilla,alarranaga@example.net,2024-08-20,Badajoz
2708,Adelardo Gascón Arranz,cozarbenigno@example.net,2023-09-18,Gijon
2709,Calixto Patiño Cerdá,jaureguinorberto@example.org,2025-01-24,Badajoz
2710,Prudencia Peláez Solsona,jeronimo19@example.net,2025-06-22,Barcelona
2711,Alondra Ayala Ros,,2024-01-18,Malaga
2712,Emiliana Montoya Jiménez,eva-maria92@example.org,2023-12-16,Cartagena
2713,María Del Carmen del Machado,jafet81@example.org,2024-09-02,VALLADOLID
2714,Azeneth del Oliveras,benita34@example.com,2025-04-15,CARTAGENA
2715,Graciela Crespo Diez,eustaquio17@example.net,2024-06-26,Bilbao
2716,Odalis Ramón Pinto,guitartoctavia@example.com,2023-04-23,Badajoz
2717,Sol Chaparro Menendez,canglada@example.org,2023-11-21,Sevilla
2718,Reyes Robles Ramis,castroharoldo@example.com,2025-05-26,La Coruna
2719,Gervasio Varela Patiño,beldareinaldo@example.org,2025-01-16,Zaragoza
2720,Isidro Grau Bosch,,2023-12-13,Valladolid
2721,Fulgencio Zurita Sacristán,,2023-10-08,Valencia
2722,Cruz Higueras Morera,vasco94@example.org,2025-02-16,Bilbao
2723,Pío Pavón-García,monterojordana@example.com,2024-10-01,Vigo
2724,Paloma Seguí Casal,zamoranofebe@example.net,2024-08-05,Valladolid
2725,Perlita Mas Quiroga,timoteomurillo@example.com,2025-08-28,Malaga
2726,Custodia de Mora,olaguna@example.net,2024-09-05,Valencia
2727,Maite Aguilar Perelló,xaviles@example.org,2025-11-29,Valladolid
2728,Soraya Sáez Borrego,jose-ignacio01@example.net,2023-07-23,Vitoria
2729,Marcial Palomino Rosell,,2025-07-20,Madrid
2730,Onofre Tello Garcia,humbertoquiros@example.com,2023-10-11,ALICANTE
2731,Toño Cañellas Montserrat,,2025-10-21,Murcia
2732,Florina Estévez Jordá,valentinsaenz@example.org,2024-11-12,Bilbao 
2733,Dani Neira Chico,cerezojorge@example.net,2023-07-19,valencia
2734,Arcelia Iglesias-Abad,rochaencarnita@example.org,2023-09-07,Vigo
2735,Juan Lorenzo Marcos,ibanmartinez@example.com,2024-12-24,Alicante
2736,Marta Luciana Company Agullo,umunoz@example.org,2023-12-26,Sevilla
2737,Onofre Nogués-Castañeda,cbarcelo@example.com,2024-04-23,Madrid
2738,María Ángeles Anastasia Franch Giner,andreuabraham@example.net,2025-07-01,Barcelona
2739,Donato Custodio Cortes Espinosa,icontreras@example.com,2024-05-07,Gijon
2740,Concha Frías Benet,svelasco@example.org,2025-11-12,Vitoria
2741,Áurea Martín Tejera,salazarabraham@example.org,2024-09-04,Granada
2742,Diego Pinedo Aramburu,encarnacion52@example.net,2024-07-05,Malaga
2743,Borja Maxi Maestre Blazquez,suarezmaxima@example.net,2023-11-23,Granada
2744,Blas Valcárcel León,,2024-07-08,La Coruna
2745,Jenny Rivera Cervera,cloe06@example.org,2023-01-16,Gijon
2746,Donato Quirós Farré,fabiana64@example.com,2025-03-09,vigo
2747,Luciano Jacobo Lastra Miró,ggallardo@example.net,2025-10-11,OVIEDO
2748,Octavia Tormo-Lobato,jimenezelena@example.net,2024-07-08,Gijon
2749,Macario Miró Mir,lujanedelmira@example.net,2025-05-27,SEVILLA
2750,Calixto Riera,nmartin@example.org,2023-05-25,La Coruna
2751,Manolo del Piquer,castrillocosme@example.org,2025-02-26,Badajoz
2752,Ofelia Benavente-Calvet,,2023-09-07,Bilbao
2753,Abilio Beltran Esparza,vrueda@example.net,2025-12-18,Malaga
2754,Bruno Ferrando Mateu,lmarin@example.net,2023-06-27,Vitoria
2755,Otilia Serra Varela,gbaro@example.net,2024-07-30,Valencia
2756,Cristian Sanjuan Zaragoza,vbarco@example.net,2024-08-22,Barcelona
2757,Anastasio Guillermo Yuste Ayala,,2025-02-03,Cordoba
2758,Lucio Pelayo-Pérez,adelia99@example.net,2025-12-01,Madrid
2759,Gustavo Amat-Morata,nsalcedo@example.com,2024-09-13,Valladolid
2760,Celia Hernández Acevedo,mcorrea@example.com,2025-05-31,Alicante
2761,Simón Barranco Chico,yblanes@example.com,2023-05-26,Sevilla
2762,Hugo Mora Palacio,luz78@example.com,2025-11-08,Valencia
2763,Leticia Yáñez Pujadas,nacio57@example.com,2023-04-20,Valladolid
2764,Edu Sosa Rosa,adelardo00@example.com,2024-07-28,Malaga
2765,Loreto Ribera Cazorla,isabela05@example.org,2024-03-30,Gijon
2766,Dominga Morcillo Campillo,,2023-10-12,Malaga
2767,Marita Sureda,adelardo23@example.org,2024-08-03,Valencia
2768,Inmaculada de Vila,piedadmonreal@example.com,2025-08-08,Oviedo
2769,Jaime Aller Higueras,cferrera@example.net,2023-11-23,Valencia
2770,Carmelo Garay-Vila,lbarrera@example.org,2025-05-23,Valladolid 
2771,Patricia Atienza Godoy,,2023-08-21,Cartagena
2772,Adora Rosselló-Batalla,ktormo@example.com,2023-05-28,Cartagena 
2773,Florentino Coronado-Leiva,gallegoprimitivo@example.com,2024-10-29,La Coruna
2774,Adora Martín,,2024-01-23,Madrid
2775,Pili Téllez Martínez,montserratandrea@example.net,2024-12-01,Granada
2776,Luciano del Alfonso,daniela80@example.org,2024-12-22,Malaga
2777,Abigaíl Domingo Iglesia,eugenio03@example.org,2024-01-23,Cartagena
2778,María Carmen Chaves,azahar49@example.org,2024-05-28,Granada
2779,Carmelo Alex Gordillo Bárcena,esegura@example.com,2024-08-06,Malaga
2780,Fidela Pavón Carballo,bonifacio86@example.net,2023-10-20,Barcelona
2781,Palmira Cuenca,abrahamvalle@example.net,2025-04-07,Sevilla
2782,Simón Montero Vizcaíno,zvilar@example.com,2023-04-27,Valladolid
2783,Candela Hierro Gimeno,tatianaroman@example.org,2025-03-18,Murcia
2784,Palmira Peñas Losada,,2023-11-17,Murcia
2785,Clementina Cabeza,sfernandez@example.org,2024-02-25,Granada 
2786,Tadeo García Bolaños,cirino81@example.com,2024-08-15,Oviedo
2787,Eugenio Collado Pizarro,paca59@example.com,2024-03-30,Oviedo
2788,Martina de Rivera,jonatancanellas@example.com,2025-03-05,Alicante
2789,Nacho del Carrera,,2025-12-10,Cordoba
2790,Danilo Soto Barbero,romeromaximiano@example.com,2025-08-14,Cordoba
2791,Maxi del Baquero,nelida77@example.net,2023-12-20,Bilbao
2792,Andrés Felipe Salgado-Rivero,umir@example.org,2024-10-12,Sevilla
2793,Sebastián Ariño Santamaria,oscarvilar@example.org,2024-01-22,Barcelona
2794,Felipe Uribe Barco,rafael89@example.net,2024-11-18,Gijon
2795,Hermenegildo Gallo Vega,carmelita87@example.com,2023-08-14,Badajoz
2796,Tito Cortés Alegria,fpujadas@example.org,2023-09-18,Oviedo
2797,Nieves Camps Escribano,anayaevelia@example.com,2025-03-20,La Coruna
2798,Valeria de Cortes,gcabello@example.org,2025-06-12,Zaragoza
2799,Moreno Torres Aguilar,tpons@example.net,2023-02-10,Barcelona
2800,Amado Sanz Catalán,aliciacollado@example.net,2024-08-31,Vigo
2801,Manola Guardia Goicoechea,vicenta86@example.net,2023-11-29,Madrid
2802,Águeda Arteaga Herrera,arsenio67@example.com,2024-05-19,Granada
2803,Haydée Tere Villena Gomis,nilopablo@example.net,2024-05-03,Valencia
2804,Isaura Guzman Cadenas,priscilagibert@example.org,2023-12-20,Cordoba
2805,Melania Arnau Monreal,,2024-12-06,CARTAGENA
2806,Judith Girón,leocadia44@example.org,2023-12-08,la coruna
2807,Lupita Gallart,benitomaria@example.org,2023-12-05,Murcia
2808,Amaya Calatayud Corominas,floramora@example.org,2023-08-06,Sevilla
2809,Isidora de Morata,vbenavente@example.org,2024-09-30,Madrid
2810,Valeria Sanjuan Salom,cisnerosjesus@example.net,2025-12-02,Murcia
2811,Gaspar Roldan-Vila,juan-jose67@example.net,2025-06-06,Malaga
2812,Zacarías Guardiola Rocha,bmarti@example.org,2024-04-18,Cordoba
2813,Mariano Montaña Tena,martavalenzuela@example.net,2024-12-26,Valencia
2814,Galo Valentín Paz,mcueto@example.net,2025-01-03,La Coruna
2815,Cruz Calvet Verdú,,2023-05-30,Sevilla
2816,Fito Pedrosa Mayo,pacagonzalez@example.org,2023-07-11,Cordoba
2817,Godofredo Peralta Bayón,eugenia48@example.org,2024-10-01,Gijon
2818,Aitana Soler Galan,,2023-10-07,La Coruna
2819,Prudencio Carvajal Ojeda,candelas41@example.net,2024-06-17,La Coruna
2820,Aurora Imelda Bartolomé Salamanca,navarroalbert@example.org,2025-09-10,Alicante
2821,José María Burgos Quiroga,madridtatiana@example.org,2023-09-07,Valencia
2822,Silvio Emigdio Tena Pomares,,2023-08-11,Oviedo
2823,Ruperta Sandoval Maestre,castellsdomitila@example.net,2025-07-30,Gijon
2824,Graciela del Hernández,maria-manuelaandrade@example.org,2024-04-10,Malaga
2825,Úrsula Andreu Planas,demetriofabregat@example.com,2024-02-18,Vigo
2826,Beatriz Pina Ribes,erozas@example.org,2023-06-02,Gijon
2827,Piedad Prado Hernandez,felix02@example.org,2023-05-27,Vigo
2828,Eloy de Belmonte,,2024-08-29,MALAGA
2829,Lara Palma Alegre,sanchezrosario@example.com,2024-11-04,Vitoria
2830,Brígida Mayo Llorente,rcarreno@example.com,2023-01-30,Barcelona
2831,Curro Higueras Ordóñez,secomarco@example.com,2025-09-22,Alicante
2832,Vera Meléndez Chaves,hbadia@example.net,2024-02-25,Vitoria
2833,Pili Castellanos Pino,bonifaciopalacios@example.net,2025-09-18,Vitoria
2834,Virginia Nadal Palacio,felicianaespana@example.com,2025-01-21,Alicante
2835,Susanita Jódar Bru,ema00@example.org,2025-10-13,Bilbao
2836,Etelvina de Escamilla,olegario13@example.com,2025-05-04,Alicante
2837,Urbano Pujol-Teruel,geraldogranados@example.net,2023-01-01,BADAJOZ
2838,Priscila Hernando Guillen,iriarteangela@example.com,2023-10-30,Barcelona
2839,Glauco Toledo Manzano,eustaquiopallares@example.org,2023-05-06,Zaragoza
2840,Jesusa Zorrilla-Villanueva,nmoliner@example.org,2023-05-27,Sevilla
2841,Espiridión Alcalá Montserrat,,2024-04-22,Valencia
2842,José Ángel Ferrera Azorin,ani00@example.org,2025-03-03,Vigo
2843,Julia de Boada,hilario91@example.com,2023-04-11,Oviedo
2844,Edgardo Granados Rosselló,krevilla@example.net,2023-04-24,Granada
2845,Jose Carlos Berenguer Sastre,arrietaencarnacion@example.net,2024-03-20,Badajoz
2846,Esther Rocha,eduardo57@example.org,2024-03-21,Bilbao
2847,Modesta de Clavero,pfiguerola@example.net,2023-03-21,Oviedo
2848,Chuy Ferrández-Alberola,daragones@example.org,2023-08-02,Barcelona
2849,José Rosales Naranjo,virginia05@example.org,2023-07-04,Gijon
2850,Atilio Mancebo Corral,quintanillasebastian@example.com,2023-02-10,Elche
2851,Angelita Jaén Montenegro,alejobustos@example.com,2024-04-10,Granada
2852,Cristian de Castells,reynacerezo@example.com,2023-02-10,Oviedo
2853,Cristina Castrillo Espinosa,asdrubalperales@example.com,2023-06-03,LA CORUNA
2854,Asdrubal Arteaga Benet,galianojose-maria@example.net,2023-12-03,Badajoz 
2855,Lucio de Fernández,felisadavila@example.com,2023-07-18,Bilbao
2856,Azahar Garmendia Cuadrado,luzizquierdo@example.com,2025-07-01,La Coruna
2857,Nidia Luque Mínguez,inocenciomayo@example.org,2024-07-02,Cordoba
2858,Rolando Samu Martí Salas,,2024-10-01,VALENCIA
2859,Inés Ferrando Leal,,2025-06-07,Gijon
2860,Delia Ruiz Santiago,rherrera@example.net,2024-09-19,Barcelona
2861,Carmen Suarez Guerra,sandalio15@example.net,2023-07-14,elche
2862,Graciana Peláez Márquez,lastraamarilis@example.com,2025-11-18,Badajoz
2863,Rocío Hoz Vicente,rierasigfrido@example.com,2023-04-26,elche
2864,Ricarda Peiró Gilabert,sandaliopelaez@example.org,2023-11-13,Badajoz
2865,Reyes Lillo Prada,qmoll@example.org,2024-01-06,Cartagena
2866,Marisa del Castejón,mariana32@example.com,2023-08-10,Zaragoza
2867,Leire Contreras Martorell,nevadoaitana@example.org,2023-06-21,Sevilla
2868,Teresa Ripoll Ferrándiz,moiseslinares@example.org,2025-10-27,Vitoria
2869,Hernán Leocadio Moya Vall,qhoz@example.net,2023-01-29,Malaga
2870,Haroldo Colom Marti,nguzman@example.net,2025-04-04,Malaga
2871,Rocío de Ribes,pablorosalinda@example.org,2025-01-08,Murcia
2872,Anna Cadenas,pvillalba@example.org,2025-01-31,Murcia
2873,Alberto Hierro Alvarado,egalindo@example.org,2024-02-20,Zaragoza
2874,Nuria Delgado Acosta,,2024-04-09,Barcelona
2875,Manola Aliaga Chaves,kllopis@example.org,2023-05-10,Granada
2876,Eric Puig Ferrándiz,micaela76@example.org,2023-12-21,Valencia
2877,Simón Cobos-Córdoba,wmartin@example.com,2023-08-13,Granada
2878,Marcelino Camps,vchamorro@example.net,2025-08-01,Murcia
2879,Mayte Mas-Alberdi,rupertojauregui@example.net,2025-07-16,Zaragoza
2880,Nazario Canals Escudero,,2024-09-13,Cartagena
2881,Martín Redondo Sanmiguel,requenaisabel@example.net,2023-09-03,Alicante
2882,Constanza Cantero Aparicio,porrascandido@example.org,2024-01-19,Valladolid
2883,Albina Carballo-Quero,clementinallado@example.net,2024-10-03,Valencia
2884,Cleto Gonzalo Guardiola,lalo37@example.net,2024-04-04,Valencia
2885,Máxima Fuertes Llanos,lucenaartemio@example.net,2024-08-20,Gijon
2886,Arsenio Barrios-Belda,muriarte@example.org,2023-02-11,Oviedo
2887,Wálter Bou-Calleja,,2024-12-18,Gijon
2888,Narcisa Blanco-Amaya,mesagabriela@example.org,2025-09-06,OVIEDO
2889,Carlos Ávila Rincón,zcarrera@example.net,2025-12-31,Valladolid
2890,Urbano Ariño Hoz,ernesto13@example.com,2024-07-04,Alicante
2891,Encarna Julián Costa,gallegomelchor@example.org,2023-03-23,Elche
2892,Pablo Tejera Báez,,2024-02-23,Vitoria
2893,Felix Terrón Cabeza,valbuenadavid@example.org,2025-08-19,Madrid
2894,Lupe Mendoza Alegre,marciosimo@example.net,2025-08-08,Cartagena
2895,Juan Bautista Borja Mancebo,carreraseligio@example.net,2024-05-18,badajoz
2896,Federico Borja Tormo Benavides,tristantamayo@example.net,2024-02-08,Elche
2897,Emilia Romero Expósito,harocasandra@example.org,2023-02-11,granada
2898,Encarna Cantero Pinilla,maciasfortunato@example.org,2024-12-03,Sevilla
2899,Félix Luz Asensio,gamezcelestino@example.com,2023-08-27,Granada
2900,Hernán Rosselló Esteve,,2023-10-05,Zaragoza
2901,Evangelina Diego Moraleda,maritavaldes@example.net,2023-12-08,Zaragoza
2902,Abel Chamorro Parra,amanda17@example.net,2024-08-17,Badajoz
2903,Eliana Loreto Zaragoza Palomar,mportero@example.com,2024-07-09,Badajoz
2904,Consuela Amparo Anglada Peiró,ninotoribio@example.com,2024-01-17,Badajoz
2905,Claudia Pavón Pascual,soraya22@example.com,2024-11-30,Sevilla
2906,Javier Costa Porta,wcanas@example.net,2024-02-01,SEVILLA
2907,Alba Jove Piñeiro,tamayoalonso@example.net,2023-02-16,Badajoz
2908,Timoteo Nacho Llobet Cantero,adelardopineda@example.net,2024-12-11,Sevilla
2909,Teodora Escolano Juliá,vigilvictor@example.org,2025-08-19,Cordoba
2910,Melchor Requena Rebollo,llabresnilda@example.org,2024-06-16,Oviedo
2911,Bibiana de Suarez,mdomingo@example.net,2025-02-28,Vigo
2912,Gabino Cuéllar Chaves,ericcolomer@example.org,2023-07-11,Granada
2913,Erasmo Alberto Lobato,jmorillo@example.net,2023-07-31,Alicante
2914,Marta Martirio Martinez Antón,llamascirino@example.org,2025-03-07,Gijon
2915,Edelmira del Carmona,ramoncal@example.net,2023-05-07,La Coruna
2916,Fulgencio de Miralles,melchorsalazar@example.org,2023-06-30,Badajoz
2917,Martina Castro,ruedaluis-miguel@example.org,2024-12-01,Cartagena
2918,Laura Armas Sobrino,ambrosiocastell@example.net,2023-01-19,La Coruna
2919,Albano Marín Calatayud,virginia53@example.com,2023-03-26,Barcelona
2920,Trini Cases Vicens,jaureguilucio@example.com,2024-09-01,Malaga
2921,Elvira Castells Arce,cheviana@example.net,2024-08-31,Alicante
2922,Consuelo Ainoa Pol Girona,anastasia80@example.net,2025-12-26,Gijon
2923,Manuela Carlos Coello,gironapalmira@example.net,2024-11-11,Zaragoza
2924,Dionisia Heras Quevedo,montanaodalys@example.com,2024-08-28,CARTAGENA
2925,Zoraida Ureña Perales,jose08@example.com,2023-07-24,Cartagena
2926,Silvestre Rius Ropero,martiplinio@example.org,2024-07-23,GIJON
2927,Inés de Pi,atienzaroman@example.com,2024-04-05,Barcelona
2928,Demetrio del Llano,vicente01@example.com,2023-12-15,Gijon
2929,Herminia Buendía Gisbert,tbayon@example.net,2025-09-12,Valladolid
2930,Buenaventura Pallarès Gimeno,vigillisandro@example.org,2024-06-08,Bilbao 
2931,María Manuela Cuevas Puga,julio-cesar47@example.com,2025-07-31,BARCELONA
2932,Felix Agullo Luján,jose-angelchico@example.com,2023-07-10,La Coruna
2933,José María Abilio Antón Llanos,santosleire@example.org,2023-12-04,Alicante
2934,Fabiana Huerta Puig,moranbienvenida@example.com,2023-12-12,VIGO
2935,Teo Luís Andrade Plana,perlitavalenzuela@example.net,2025-06-05,Madrid
2936,Ceferino Lobato Córdoba,victor03@example.org,2023-08-31,Valladolid
2937,Martín Neira Manuel,gerardo31@example.com,2024-12-02,Cordoba 
2938,Juan Francisco Pombo Gonzalo,losaalex@example.org,2024-10-25,Cordoba
2939,Catalina Botella Salas,conradotorralba@example.com,2025-11-08,Alicante
2940,Berta Saturnina Castro Amor,chucho67@example.net,2025-10-13,La Coruna
2941,Víctor Carreras Palomar,domingaecheverria@example.com,2024-02-24,Sevilla
2942,Jordán Adadia,igiralt@example.com,2025-04-03,Bilbao
2943,Benjamín Gual,angelitaarrieta@example.com,2024-08-05,ZARAGOZA
2944,Adelaida Esteban Corbacho,ripollclaudio@example.net,2024-10-03,Cordoba
2945,Luis Heras Hervia,raulgonzalez@example.com,2024-10-24,Vitoria 
2946,Marciano Barrio Abril,almeidageronimo@example.net,2024-09-29,Valladolid
2947,Irene Cabezas Peñas,geronimonino@example.com,2025-02-23,Alicante
2948,Pancho Ugarte-Baró,paulino94@example.org,2025-03-07,Granada
2949,María Ángeles Clavero-González,maciasnadia@example.com,2025-03-07,Cartagena
2950,Borja Guillén,plazaflorina@example.net,2024-05-28,Valencia
2951,Rebeca de López,renato47@example.net,2023-11-12,Murcia
2952,Iván de Carrasco,marita53@example.net,2024-11-04,VITORIA
2953,Édgar Bernat Sanmiguel,aroman@example.net,2024-04-14,Murcia
2954,Francisco Jose Elorza Sotelo,ibautista@example.org,2025-05-08,Granada
2955,Leonel Bolaños Montesinos,aballesteros@example.net,2023-03-23,La Coruna
2956,América Calixta Catalán Hoyos,carbonellrosendo@example.com,2024-11-17,Elche
2957,Aitana Pomares Tejedor,vfuente@example.org,2023-05-29,Vigo
2958,Octavio Torre,pagesdelfina@example.org,2023-03-20,Barcelona 
2959,Gonzalo Villanueva Luís,severino37@example.org,2023-04-02,Elche
2960,Marcio Mesa Fernández,arjonaambrosio@example.net,2023-09-26,Malaga
2961,Reina Hoyos Comas,juliabeltran@example.org,2023-06-06,Valencia
2962,Fabiola Vallés Pinto,igallardo@example.com,2025-04-07,Cordoba 
2963,Oriana del Calderón,zfranch@example.net,2024-06-28,Elche
2964,Mariana Bellido Nogueira,zairazabaleta@example.org,2023-02-15,Gijon
2965,Roque Llobet Anglada,kosuna@example.net,2024-04-14,Zaragoza
2966,Cirino Ildefonso Salgado Giménez,bernardo27@example.org,2025-12-24,Elche
2967,Fabiola Giménez Ibarra,rpavon@example.com,2023-12-11,Badajoz
2968,María Luisa Soria Reig,benigna78@example.com,2024-10-07,Madrid
2969,Celestino Lopez Maestre,paulina10@example.com,2024-03-21,Malaga
2970,Fausto Adán Reyes,clementinariquelme@example.com,2024-02-24,Murcia
2971,Tecla Canals Clavero,roblesmaria-dolores@example.org,2025-04-02,Murcia
2972,Olivia Ugarte Escobar,manolamontenegro@example.net,2023-01-24,Barcelona
2973,Marisol Garriga Jiménez,roxana21@example.org,2024-09-22,Bilbao
2974,Isaías Toño Pera Acosta,eugenioferrandez@example.com,2025-09-05,Barcelona
2975,Malena Aguado Madrid,america97@example.org,2024-02-14,Vitoria
2976,Emelina Azorin,namador@example.org,2024-12-13,Barcelona
2977,Benita Bueno,victor82@example.org,2023-07-31,Vigo
2978,Ovidio Barba Lerma,bernardo67@example.com,2025-04-19,Murcia
2979,Adora Prats Figueras,qgimenez@example.org,2025-07-19,Alicante
2980,Inmaculada Fonseca,carbajobonifacio@example.org,2025-08-26,Vigo
2981,Albert Avilés Villaverde,anita42@example.com,2025-06-14,Vitoria
2982,Clara de Garcia,rsanmiguel@example.net,2024-02-22,Elche
2983,Carina Ramirez,sboada@example.org,2024-02-22,Gijon
2984,Micaela Isern Macias,bcanas@example.net,2025-12-15,Sevilla
2985,Elisa Azorin Carballo,estebanjurado@example.net,2024-02-10,Madrid
2986,Wilfredo Garrido Perelló,abascalcasemiro@example.org,2025-09-12,Bilbao
2987,Gustavo Bartolomé Talavera Ochoa,atienzainocencio@example.net,2025-03-15,Vigo
2988,Micaela Araujo-Macias,,2023-03-09,La Coruna
2989,Amílcar del Ramirez,vverdu@example.org,2025-01-23,Cartagena
2990,Celestina Yuste Calderón,aranzazu37@example.com,2024-05-17,Vitoria 
2991,Ligia Ayllón Figueras,alberocristian@example.com,2024-07-19,Malaga
2992,Francisca Luján Salvà,torrenspriscila@example.com,2024-08-24,La Coruna
2993,Artemio Arcos Cortes,zcalderon@example.net,2024-07-31,BADAJOZ
2994,Mireia de Tomás,ruanociro@example.org,2024-02-05,Oviedo
2995,Imelda Villar Rocamora,blazquezcloe@example.net,2024-05-30,Vigo
2996,Isabel Palacio Vázquez,,2024-03-29,Vigo
2997,Tomasa Arnaiz Montesinos,mendezbrunilda@example.org,2024-02-15,Malaga
2998,Gaspar Bautista-Oliveras,cmoran@example.net,2023-06-14,Alicante
2999,Delia Pastor Heras,cristinaverdu@example.org,2023-11-06,Valencia
3000,Gloria Cifuentes Busquets,,2023-02-17,Cordoba
